solid caddydaddy_browser_jscad_bounded
  facet normal -1 0 0
    outer loop
      vertex -130.00062 15.00054 0
      vertex -130.00062 -15.00054 0
      vertex -130.00062 -15.00054 5
    endloop
  endfacet
  facet normal -1 0 0
    outer loop
      vertex -130.00062 15.00054 0
      vertex -130.00062 -15.00054 5
      vertex -130.00062 15.00054 5
    endloop
  endfacet
  facet normal 1 0 0
    outer loop
      vertex 130.00062 -15.00054 0
      vertex 130.00062 15.00054 0
      vertex 130.00062 15.00054 5
    endloop
  endfacet
  facet normal 1 0 0
    outer loop
      vertex 130.00062 -15.00054 0
      vertex 130.00062 15.00054 5
      vertex 130.00062 -15.00054 5
    endloop
  endfacet
  facet normal 0 -1 0
    outer loop
      vertex 15.00054 -15.00054 0
      vertex 130.00062 -15.00054 0
      vertex 130.00062 -15.00054 5
    endloop
  endfacet
  facet normal 0 -1 0
    outer loop
      vertex 15.00054 -15.00054 0
      vertex 130.00062 -15.00054 5
      vertex 15.00054 -15.00054 5
    endloop
  endfacet
  facet normal 0 -1 0
    outer loop
      vertex -130.00062 -15.00054 0
      vertex -15.00054 -15.00054 0
      vertex -15.00054 -15.00054 5
    endloop
  endfacet
  facet normal 0 -1 0
    outer loop
      vertex -130.00062 -15.00054 0
      vertex -15.00054 -15.00054 5
      vertex -130.00062 -15.00054 5
    endloop
  endfacet
  facet normal 0 1 0
    outer loop
      vertex -15.00054 15.00054 0
      vertex -130.00062 15.00054 0
      vertex -130.00062 15.00054 5
    endloop
  endfacet
  facet normal 0 1 0
    outer loop
      vertex -15.00054 15.00054 0
      vertex -130.00062 15.00054 5
      vertex -15.00054 15.00054 5
    endloop
  endfacet
  facet normal 0 1 0
    outer loop
      vertex 130.00062 15.00054 0
      vertex 15.00054 15.00054 0
      vertex 15.00054 15.00054 5
    endloop
  endfacet
  facet normal 0 1 0
    outer loop
      vertex 130.00062 15.00054 0
      vertex 15.00054 15.00054 5
      vertex 130.00062 15.00054 5
    endloop
  endfacet
  facet normal 0 -1 0
    outer loop
      vertex -15.00054 -130.00062 0
      vertex 15.00054 -130.00062 0
      vertex 15.00054 -130.00062 5
    endloop
  endfacet
  facet normal 0 -1 0
    outer loop
      vertex -15.00054 -130.00062 0
      vertex 15.00054 -130.00062 5
      vertex -15.00054 -130.00062 5
    endloop
  endfacet
  facet normal 0 1 0
    outer loop
      vertex 15.00054 130.00062 0
      vertex -15.00054 130.00062 0
      vertex -15.00054 130.00062 5
    endloop
  endfacet
  facet normal 0 1 0
    outer loop
      vertex 15.00054 130.00062 0
      vertex -15.00054 130.00062 5
      vertex 15.00054 130.00062 5
    endloop
  endfacet
  facet normal -1 0 0
    outer loop
      vertex -15.00054 -15.00054 0
      vertex -15.00054 -130.00062 0
      vertex -15.00054 -130.00062 5
    endloop
  endfacet
  facet normal -1 0 0
    outer loop
      vertex -15.00054 -15.00054 0
      vertex -15.00054 -130.00062 5
      vertex -15.00054 -15.00054 5
    endloop
  endfacet
  facet normal -1 0 0
    outer loop
      vertex -15.00054 130.00062 0
      vertex -15.00054 15.00054 0
      vertex -15.00054 15.00054 5
    endloop
  endfacet
  facet normal -1 0 0
    outer loop
      vertex -15.00054 130.00062 0
      vertex -15.00054 15.00054 5
      vertex -15.00054 130.00062 5
    endloop
  endfacet
  facet normal 1 0 0
    outer loop
      vertex 15.00054 15.00054 0
      vertex 15.00054 130.00062 0
      vertex 15.00054 130.00062 5
    endloop
  endfacet
  facet normal 1 0 0
    outer loop
      vertex 15.00054 15.00054 0
      vertex 15.00054 130.00062 5
      vertex 15.00054 15.00054 5
    endloop
  endfacet
  facet normal 1 0 0
    outer loop
      vertex 15.00054 -130.00062 0
      vertex 15.00054 -15.00054 0
      vertex 15.00054 -15.00054 5
    endloop
  endfacet
  facet normal 1 0 0
    outer loop
      vertex 15.00054 -130.00062 0
      vertex 15.00054 -15.00054 5
      vertex 15.00054 -130.00062 5
    endloop
  endfacet
  facet normal 0 0 1
    outer loop
      vertex -15.00054 15.00054 5
      vertex -130.00062 15.00054 5
      vertex -130.00062 -15.00054 5
    endloop
  endfacet
  facet normal 0 0 1
    outer loop
      vertex -15.00054 -15.00054 5
      vertex -15.00054 -130.00062 5
      vertex 15.00054 -130.00062 5
    endloop
  endfacet
  facet normal 0 0 1
    outer loop
      vertex 15.00054 -15.00054 5
      vertex 130.00062 -15.00054 5
      vertex 130.00062 15.00054 5
    endloop
  endfacet
  facet normal 0 0 1
    outer loop
      vertex 15.00054 15.00054 5
      vertex 15.00054 130.00062 5
      vertex -15.00054 130.00062 5
    endloop
  endfacet
  facet normal 0 0 1
    outer loop
      vertex -15.00054 15.00054 5
      vertex -130.00062 -15.00054 5
      vertex -15.00054 -15.00054 5
    endloop
  endfacet
  facet normal 0 0 1
    outer loop
      vertex -15.00054 -15.00054 5
      vertex 15.00054 -130.00062 5
      vertex 15.00054 -15.00054 5
    endloop
  endfacet
  facet normal 0 0 1
    outer loop
      vertex 15.00054 -15.00054 5
      vertex 130.00062 15.00054 5
      vertex 15.00054 15.00054 5
    endloop
  endfacet
  facet normal 0 0 1
    outer loop
      vertex 15.00054 15.00054 5
      vertex -15.00054 130.00062 5
      vertex -15.00054 15.00054 5
    endloop
  endfacet
  facet normal 0 0 1
    outer loop
      vertex -15.00054 15.00054 5
      vertex -15.00054 -15.00054 5
      vertex 15.00054 -15.00054 5
    endloop
  endfacet
  facet normal 0 0 1
    outer loop
      vertex 15.00054 -15.00054 5
      vertex 15.00054 15.00054 5
      vertex -15.00054 15.00054 5
    endloop
  endfacet
  facet normal 0 0 -1
    outer loop
      vertex -130.00062 -15.00054 0
      vertex -130.00062 15.00054 0
      vertex -15.00054 15.00054 0
    endloop
  endfacet
  facet normal 0 0 -1
    outer loop
      vertex 15.00054 -130.00062 0
      vertex -15.00054 -130.00062 0
      vertex -15.00054 -15.00054 0
    endloop
  endfacet
  facet normal 0 0 -1
    outer loop
      vertex 130.00062 15.00054 0
      vertex 130.00062 -15.00054 0
      vertex 15.00054 -15.00054 0
    endloop
  endfacet
  facet normal 0 0 -1
    outer loop
      vertex -15.00054 130.00062 0
      vertex 15.00054 130.00062 0
      vertex 15.00054 15.00054 0
    endloop
  endfacet
  facet normal 0 0 -1
    outer loop
      vertex -15.00054 -15.00054 0
      vertex -130.00062 -15.00054 0
      vertex -15.00054 15.00054 0
    endloop
  endfacet
  facet normal 0 0 -1
    outer loop
      vertex 15.00054 -15.00054 0
      vertex 15.00054 -130.00062 0
      vertex -15.00054 -15.00054 0
    endloop
  endfacet
  facet normal 0 0 -1
    outer loop
      vertex 15.00054 15.00054 0
      vertex 130.00062 15.00054 0
      vertex 15.00054 -15.00054 0
    endloop
  endfacet
  facet normal 0 0 -1
    outer loop
      vertex -15.00054 15.00054 0
      vertex -15.00054 130.00062 0
      vertex 15.00054 15.00054 0
    endloop
  endfacet
  facet normal 0 0 -1
    outer loop
      vertex 15.00054 -15.00054 0
      vertex -15.00054 -15.00054 0
      vertex -15.00054 15.00054 0
    endloop
  endfacet
  facet normal 0 0 -1
    outer loop
      vertex -15.00054 15.00054 0
      vertex 15.00054 15.00054 0
      vertex 15.00054 -15.00054 0
    endloop
  endfacet
  facet normal -1 0 0
    outer loop
      vertex -25 25 18
      vertex -25 25 10
      vertex -25 -25 10
    endloop
  endfacet
  facet normal -1 0 0
    outer loop
      vertex -25 25 18
      vertex -25 -25 10
      vertex -25 -25 18
    endloop
  endfacet
  facet normal 0 -1 0
    outer loop
      vertex -25 -25 18
      vertex -25 -25 10
      vertex 25 -25 10
    endloop
  endfacet
  facet normal 0 -1 0
    outer loop
      vertex -25 -25 18
      vertex 25 -25 10
      vertex 25 -25 18
    endloop
  endfacet
  facet normal 1 0 0
    outer loop
      vertex 25 -25 18
      vertex 25 -25 10
      vertex 25 25 10
    endloop
  endfacet
  facet normal 1 0 0
    outer loop
      vertex 25 -25 18
      vertex 25 25 10
      vertex 25 25 18
    endloop
  endfacet
  facet normal 0 1 0
    outer loop
      vertex 25 25 18
      vertex 25 25 10
      vertex -25 25 10
    endloop
  endfacet
  facet normal 0 1 0
    outer loop
      vertex 25 25 18
      vertex -25 25 10
      vertex -25 25 18
    endloop
  endfacet
  facet normal -0.997862326 0.065351185 0
    outer loop
      vertex 18.000006667 15.000046667 18
      vertex 18.000006667 15.000046667 10
      vertex 17.974353333 14.60834 10
    endloop
  endfacet
  facet normal -0.997862326 0.065351185 0
    outer loop
      vertex 18.000006667 15.000046667 18
      vertex 17.974353333 14.60834 10
      vertex 17.974353333 14.60834 18
    endloop
  endfacet
  facet normal -0.99785964 -0.065392188 0
    outer loop
      vertex 17.974353333 15.391506667 18
      vertex 17.974353333 15.391506667 10
      vertex 18.000006667 15.000046667 10
    endloop
  endfacet
  facet normal -0.99785964 -0.065392188 0
    outer loop
      vertex 17.974353333 15.391506667 18
      vertex 18.000006667 15.000046667 10
      vertex 18.000006667 15.000046667 18
    endloop
  endfacet
  facet normal -0.980845613 -0.194786765 0
    outer loop
      vertex 17.897886667 15.776553333 18
      vertex 17.897886667 15.776553333 10
      vertex 17.974353333 15.391506667 10
    endloop
  endfacet
  facet normal -0.980845613 -0.194786765 0
    outer loop
      vertex 17.897886667 15.776553333 18
      vertex 17.974353333 15.391506667 10
      vertex 17.974353333 15.391506667 18
    endloop
  endfacet
  facet normal -0.946780409 -0.321880192 0
    outer loop
      vertex 17.771593333 16.148033333 18
      vertex 17.771593333 16.148033333 10
      vertex 17.897886667 15.776553333 10
    endloop
  endfacet
  facet normal -0.946780409 -0.321880192 0
    outer loop
      vertex 17.771593333 16.148033333 18
      vertex 17.897886667 15.776553333 10
      vertex 17.897886667 15.776553333 18
    endloop
  endfacet
  facet normal -0.89705184 -0.441925328 0
    outer loop
      vertex 17.598186667 16.500026667 18
      vertex 17.598186667 16.500026667 10
      vertex 17.771593333 16.148033333 10
    endloop
  endfacet
  facet normal -0.89705184 -0.441925328 0
    outer loop
      vertex 17.598186667 16.500026667 18
      vertex 17.771593333 16.148033333 10
      vertex 17.771593333 16.148033333 18
    endloop
  endfacet
  facet normal -0.83146971 -0.555570086 0
    outer loop
      vertex 17.380133333 16.826366667 18
      vertex 17.380133333 16.826366667 10
      vertex 17.598186667 16.500026667 10
    endloop
  endfacet
  facet normal -0.83146971 -0.555570086 0
    outer loop
      vertex 17.380133333 16.826366667 18
      vertex 17.598186667 16.500026667 10
      vertex 17.598186667 16.500026667 18
    endloop
  endfacet
  facet normal -0.75179738 -0.659394191 0
    outer loop
      vertex 17.12138 17.12138 18
      vertex 17.12138 17.12138 10
      vertex 17.380133333 16.826366667 10
    endloop
  endfacet
  facet normal -0.75179738 -0.659394191 0
    outer loop
      vertex 17.12138 17.12138 18
      vertex 17.380133333 16.826366667 10
      vertex 17.380133333 16.826366667 18
    endloop
  endfacet
  facet normal -0.659394191 -0.75179738 0
    outer loop
      vertex 16.826366667 17.380133333 18
      vertex 16.826366667 17.380133333 10
      vertex 17.12138 17.12138 10
    endloop
  endfacet
  facet normal -0.659394191 -0.75179738 0
    outer loop
      vertex 16.826366667 17.380133333 18
      vertex 17.12138 17.12138 10
      vertex 17.12138 17.12138 18
    endloop
  endfacet
  facet normal -0.555570086 -0.83146971 0
    outer loop
      vertex 16.500026667 17.598186667 18
      vertex 16.500026667 17.598186667 10
      vertex 16.826366667 17.380133333 10
    endloop
  endfacet
  facet normal -0.555570086 -0.83146971 0
    outer loop
      vertex 16.500026667 17.598186667 18
      vertex 16.826366667 17.380133333 10
      vertex 16.826366667 17.380133333 18
    endloop
  endfacet
  facet normal -0.441925328 -0.89705184 0
    outer loop
      vertex 16.148033333 17.771593333 18
      vertex 16.148033333 17.771593333 10
      vertex 16.500026667 17.598186667 10
    endloop
  endfacet
  facet normal -0.441925328 -0.89705184 0
    outer loop
      vertex 16.148033333 17.771593333 18
      vertex 16.500026667 17.598186667 10
      vertex 16.500026667 17.598186667 18
    endloop
  endfacet
  facet normal -0.321880192 -0.946780409 0
    outer loop
      vertex 15.776553333 17.897886667 18
      vertex 15.776553333 17.897886667 10
      vertex 16.148033333 17.771593333 10
    endloop
  endfacet
  facet normal -0.321880192 -0.946780409 0
    outer loop
      vertex 15.776553333 17.897886667 18
      vertex 16.148033333 17.771593333 10
      vertex 16.148033333 17.771593333 18
    endloop
  endfacet
  facet normal -0.194786765 -0.980845613 0
    outer loop
      vertex 15.391506667 17.974353333 18
      vertex 15.391506667 17.974353333 10
      vertex 15.776553333 17.897886667 10
    endloop
  endfacet
  facet normal -0.194786765 -0.980845613 0
    outer loop
      vertex 15.391506667 17.974353333 18
      vertex 15.776553333 17.897886667 10
      vertex 15.776553333 17.897886667 18
    endloop
  endfacet
  facet normal -0.065392188 -0.99785964 0
    outer loop
      vertex 15.000046667 18.000006667 18
      vertex 15.000046667 18.000006667 10
      vertex 15.391506667 17.974353333 10
    endloop
  endfacet
  facet normal -0.065392188 -0.99785964 0
    outer loop
      vertex 15.000046667 18.000006667 18
      vertex 15.391506667 17.974353333 10
      vertex 15.391506667 17.974353333 18
    endloop
  endfacet
  facet normal 0.065351185 -0.997862326 0
    outer loop
      vertex 14.60834 17.974353333 18
      vertex 14.60834 17.974353333 10
      vertex 15.000046667 18.000006667 10
    endloop
  endfacet
  facet normal 0.065351185 -0.997862326 0
    outer loop
      vertex 14.60834 17.974353333 18
      vertex 15.000046667 18.000006667 10
      vertex 15.000046667 18.000006667 18
    endloop
  endfacet
  facet normal 0.194906886 -0.98082175 0
    outer loop
      vertex 14.22354 17.897886667 18
      vertex 14.22354 17.897886667 10
      vertex 14.60834 17.974353333 10
    endloop
  endfacet
  facet normal 0.194906886 -0.98082175 0
    outer loop
      vertex 14.22354 17.897886667 18
      vertex 14.60834 17.974353333 10
      vertex 14.60834 17.974353333 18
    endloop
  endfacet
  facet normal 0.321880192 -0.946780409 0
    outer loop
      vertex 13.85206 17.771593333 18
      vertex 13.85206 17.771593333 10
      vertex 14.22354 17.897886667 10
    endloop
  endfacet
  facet normal 0.321880192 -0.946780409 0
    outer loop
      vertex 13.85206 17.771593333 18
      vertex 14.22354 17.897886667 10
      vertex 14.22354 17.897886667 18
    endloop
  endfacet
  facet normal 0.441925328 -0.89705184 0
    outer loop
      vertex 13.500066667 17.598186667 18
      vertex 13.500066667 17.598186667 10
      vertex 13.85206 17.771593333 10
    endloop
  endfacet
  facet normal 0.441925328 -0.89705184 0
    outer loop
      vertex 13.500066667 17.598186667 18
      vertex 13.85206 17.771593333 10
      vertex 13.85206 17.771593333 18
    endloop
  endfacet
  facet normal 0.555570086 -0.83146971 0
    outer loop
      vertex 13.173726667 17.380133333 18
      vertex 13.173726667 17.380133333 10
      vertex 13.500066667 17.598186667 10
    endloop
  endfacet
  facet normal 0.555570086 -0.83146971 0
    outer loop
      vertex 13.173726667 17.380133333 18
      vertex 13.500066667 17.598186667 10
      vertex 13.500066667 17.598186667 18
    endloop
  endfacet
  facet normal 0.659394191 -0.75179738 0
    outer loop
      vertex 12.878713333 17.12138 18
      vertex 12.878713333 17.12138 10
      vertex 13.173726667 17.380133333 10
    endloop
  endfacet
  facet normal 0.659394191 -0.75179738 0
    outer loop
      vertex 12.878713333 17.12138 18
      vertex 13.173726667 17.380133333 10
      vertex 13.173726667 17.380133333 18
    endloop
  endfacet
  facet normal 0.75179738 -0.659394191 0
    outer loop
      vertex 12.61996 16.826366667 18
      vertex 12.61996 16.826366667 10
      vertex 12.878713333 17.12138 10
    endloop
  endfacet
  facet normal 0.75179738 -0.659394191 0
    outer loop
      vertex 12.61996 16.826366667 18
      vertex 12.878713333 17.12138 10
      vertex 12.878713333 17.12138 18
    endloop
  endfacet
  facet normal 0.83146971 -0.555570086 0
    outer loop
      vertex 12.401906667 16.500026667 18
      vertex 12.401906667 16.500026667 10
      vertex 12.61996 16.826366667 10
    endloop
  endfacet
  facet normal 0.83146971 -0.555570086 0
    outer loop
      vertex 12.401906667 16.500026667 18
      vertex 12.61996 16.826366667 10
      vertex 12.61996 16.826366667 18
    endloop
  endfacet
  facet normal 0.89680256 -0.442430976 0
    outer loop
      vertex 12.228253333 16.148033333 18
      vertex 12.228253333 16.148033333 10
      vertex 12.401906667 16.500026667 10
    endloop
  endfacet
  facet normal 0.89680256 -0.442430976 0
    outer loop
      vertex 12.228253333 16.148033333 18
      vertex 12.401906667 16.500026667 10
      vertex 12.401906667 16.500026667 18
    endloop
  endfacet
  facet normal 0.946971867 -0.321316484 0
    outer loop
      vertex 12.102206667 15.776553333 18
      vertex 12.102206667 15.776553333 10
      vertex 12.228253333 16.148033333 10
    endloop
  endfacet
  facet normal 0.946971867 -0.321316484 0
    outer loop
      vertex 12.102206667 15.776553333 18
      vertex 12.228253333 16.148033333 10
      vertex 12.228253333 16.148033333 18
    endloop
  endfacet
  facet normal 0.980845613 -0.194786765 0
    outer loop
      vertex 12.02574 15.391506667 18
      vertex 12.02574 15.391506667 10
      vertex 12.102206667 15.776553333 10
    endloop
  endfacet
  facet normal 0.980845613 -0.194786765 0
    outer loop
      vertex 12.02574 15.391506667 18
      vertex 12.102206667 15.776553333 10
      vertex 12.102206667 15.776553333 18
    endloop
  endfacet
  facet normal 0.99785964 -0.065392188 0
    outer loop
      vertex 12.000086667 15.000046667 18
      vertex 12.000086667 15.000046667 10
      vertex 12.02574 15.391506667 10
    endloop
  endfacet
  facet normal 0.99785964 -0.065392188 0
    outer loop
      vertex 12.000086667 15.000046667 18
      vertex 12.02574 15.391506667 10
      vertex 12.02574 15.391506667 18
    endloop
  endfacet
  facet normal 0.997862326 0.065351185 0
    outer loop
      vertex 12.02574 14.60834 18
      vertex 12.02574 14.60834 10
      vertex 12.000086667 15.000046667 10
    endloop
  endfacet
  facet normal 0.997862326 0.065351185 0
    outer loop
      vertex 12.02574 14.60834 18
      vertex 12.000086667 15.000046667 10
      vertex 12.000086667 15.000046667 18
    endloop
  endfacet
  facet normal 0.98082175 0.194906886 0
    outer loop
      vertex 12.102206667 14.22354 18
      vertex 12.102206667 14.22354 10
      vertex 12.02574 14.60834 10
    endloop
  endfacet
  facet normal 0.98082175 0.194906886 0
    outer loop
      vertex 12.102206667 14.22354 18
      vertex 12.02574 14.60834 10
      vertex 12.02574 14.60834 18
    endloop
  endfacet
  facet normal 0.946971867 0.321316484 0
    outer loop
      vertex 12.228253333 13.85206 18
      vertex 12.228253333 13.85206 10
      vertex 12.102206667 14.22354 10
    endloop
  endfacet
  facet normal 0.946971867 0.321316484 0
    outer loop
      vertex 12.228253333 13.85206 18
      vertex 12.102206667 14.22354 10
      vertex 12.102206667 14.22354 18
    endloop
  endfacet
  facet normal 0.89680256 0.442430976 0
    outer loop
      vertex 12.401906667 13.500066667 18
      vertex 12.401906667 13.500066667 10
      vertex 12.228253333 13.85206 10
    endloop
  endfacet
  facet normal 0.89680256 0.442430976 0
    outer loop
      vertex 12.401906667 13.500066667 18
      vertex 12.228253333 13.85206 10
      vertex 12.228253333 13.85206 18
    endloop
  endfacet
  facet normal 0.83146971 0.555570086 0
    outer loop
      vertex 12.61996 13.173726667 18
      vertex 12.61996 13.173726667 10
      vertex 12.401906667 13.500066667 10
    endloop
  endfacet
  facet normal 0.83146971 0.555570086 0
    outer loop
      vertex 12.61996 13.173726667 18
      vertex 12.401906667 13.500066667 10
      vertex 12.401906667 13.500066667 18
    endloop
  endfacet
  facet normal 0.75179738 0.659394191 0
    outer loop
      vertex 12.878713333 12.878713333 18
      vertex 12.878713333 12.878713333 10
      vertex 12.61996 13.173726667 10
    endloop
  endfacet
  facet normal 0.75179738 0.659394191 0
    outer loop
      vertex 12.878713333 12.878713333 18
      vertex 12.61996 13.173726667 10
      vertex 12.61996 13.173726667 18
    endloop
  endfacet
  facet normal 0.659394191 0.75179738 0
    outer loop
      vertex 13.173726667 12.61996 18
      vertex 13.173726667 12.61996 10
      vertex 12.878713333 12.878713333 10
    endloop
  endfacet
  facet normal 0.659394191 0.75179738 0
    outer loop
      vertex 13.173726667 12.61996 18
      vertex 12.878713333 12.878713333 10
      vertex 12.878713333 12.878713333 18
    endloop
  endfacet
  facet normal 0.555570086 0.83146971 0
    outer loop
      vertex 13.500066667 12.401906667 18
      vertex 13.500066667 12.401906667 10
      vertex 13.173726667 12.61996 10
    endloop
  endfacet
  facet normal 0.555570086 0.83146971 0
    outer loop
      vertex 13.500066667 12.401906667 18
      vertex 13.173726667 12.61996 10
      vertex 13.173726667 12.61996 18
    endloop
  endfacet
  facet normal 0.442430976 0.89680256 0
    outer loop
      vertex 13.85206 12.228253333 18
      vertex 13.85206 12.228253333 10
      vertex 13.500066667 12.401906667 10
    endloop
  endfacet
  facet normal 0.442430976 0.89680256 0
    outer loop
      vertex 13.85206 12.228253333 18
      vertex 13.500066667 12.401906667 10
      vertex 13.500066667 12.401906667 18
    endloop
  endfacet
  facet normal 0.321316484 0.946971867 0
    outer loop
      vertex 14.22354 12.102206667 18
      vertex 14.22354 12.102206667 10
      vertex 13.85206 12.228253333 10
    endloop
  endfacet
  facet normal 0.321316484 0.946971867 0
    outer loop
      vertex 14.22354 12.102206667 18
      vertex 13.85206 12.228253333 10
      vertex 13.85206 12.228253333 18
    endloop
  endfacet
  facet normal 0.194906886 0.98082175 0
    outer loop
      vertex 14.60834 12.02574 18
      vertex 14.60834 12.02574 10
      vertex 14.22354 12.102206667 10
    endloop
  endfacet
  facet normal 0.194906886 0.98082175 0
    outer loop
      vertex 14.60834 12.02574 18
      vertex 14.22354 12.102206667 10
      vertex 14.22354 12.102206667 18
    endloop
  endfacet
  facet normal 0.065351185 0.997862326 0
    outer loop
      vertex 15.000046667 12.000086667 18
      vertex 15.000046667 12.000086667 10
      vertex 14.60834 12.02574 10
    endloop
  endfacet
  facet normal 0.065351185 0.997862326 0
    outer loop
      vertex 15.000046667 12.000086667 18
      vertex 14.60834 12.02574 10
      vertex 14.60834 12.02574 18
    endloop
  endfacet
  facet normal -0.065392188 0.99785964 0
    outer loop
      vertex 15.391506667 12.02574 18
      vertex 15.391506667 12.02574 10
      vertex 15.000046667 12.000086667 10
    endloop
  endfacet
  facet normal -0.065392188 0.99785964 0
    outer loop
      vertex 15.391506667 12.02574 18
      vertex 15.000046667 12.000086667 10
      vertex 15.000046667 12.000086667 18
    endloop
  endfacet
  facet normal -0.194786765 0.980845613 0
    outer loop
      vertex 15.776553333 12.102206667 18
      vertex 15.776553333 12.102206667 10
      vertex 15.391506667 12.02574 10
    endloop
  endfacet
  facet normal -0.194786765 0.980845613 0
    outer loop
      vertex 15.776553333 12.102206667 18
      vertex 15.391506667 12.02574 10
      vertex 15.391506667 12.02574 18
    endloop
  endfacet
  facet normal -0.321316484 0.946971867 0
    outer loop
      vertex 16.148033333 12.228253333 18
      vertex 16.148033333 12.228253333 10
      vertex 15.776553333 12.102206667 10
    endloop
  endfacet
  facet normal -0.321316484 0.946971867 0
    outer loop
      vertex 16.148033333 12.228253333 18
      vertex 15.776553333 12.102206667 10
      vertex 15.776553333 12.102206667 18
    endloop
  endfacet
  facet normal -0.442430976 0.89680256 0
    outer loop
      vertex 16.500026667 12.401906667 18
      vertex 16.500026667 12.401906667 10
      vertex 16.148033333 12.228253333 10
    endloop
  endfacet
  facet normal -0.442430976 0.89680256 0
    outer loop
      vertex 16.500026667 12.401906667 18
      vertex 16.148033333 12.228253333 10
      vertex 16.148033333 12.228253333 18
    endloop
  endfacet
  facet normal -0.555570086 0.83146971 0
    outer loop
      vertex 16.826366667 12.61996 18
      vertex 16.826366667 12.61996 10
      vertex 16.500026667 12.401906667 10
    endloop
  endfacet
  facet normal -0.555570086 0.83146971 0
    outer loop
      vertex 16.826366667 12.61996 18
      vertex 16.500026667 12.401906667 10
      vertex 16.500026667 12.401906667 18
    endloop
  endfacet
  facet normal -0.659394191 0.75179738 0
    outer loop
      vertex 17.12138 12.878713333 18
      vertex 17.12138 12.878713333 10
      vertex 16.826366667 12.61996 10
    endloop
  endfacet
  facet normal -0.659394191 0.75179738 0
    outer loop
      vertex 17.12138 12.878713333 18
      vertex 16.826366667 12.61996 10
      vertex 16.826366667 12.61996 18
    endloop
  endfacet
  facet normal -0.75179738 0.659394191 0
    outer loop
      vertex 17.380133333 13.173726667 18
      vertex 17.380133333 13.173726667 10
      vertex 17.12138 12.878713333 10
    endloop
  endfacet
  facet normal -0.75179738 0.659394191 0
    outer loop
      vertex 17.380133333 13.173726667 18
      vertex 17.12138 12.878713333 10
      vertex 17.12138 12.878713333 18
    endloop
  endfacet
  facet normal -0.83146971 0.555570086 0
    outer loop
      vertex 17.598186667 13.500066667 18
      vertex 17.598186667 13.500066667 10
      vertex 17.380133333 13.173726667 10
    endloop
  endfacet
  facet normal -0.83146971 0.555570086 0
    outer loop
      vertex 17.598186667 13.500066667 18
      vertex 17.380133333 13.173726667 10
      vertex 17.380133333 13.173726667 18
    endloop
  endfacet
  facet normal -0.89705184 0.441925328 0
    outer loop
      vertex 17.771593333 13.85206 18
      vertex 17.771593333 13.85206 10
      vertex 17.598186667 13.500066667 10
    endloop
  endfacet
  facet normal -0.89705184 0.441925328 0
    outer loop
      vertex 17.771593333 13.85206 18
      vertex 17.598186667 13.500066667 10
      vertex 17.598186667 13.500066667 18
    endloop
  endfacet
  facet normal -0.946780409 0.321880192 0
    outer loop
      vertex 17.897886667 14.22354 18
      vertex 17.897886667 14.22354 10
      vertex 17.771593333 13.85206 10
    endloop
  endfacet
  facet normal -0.946780409 0.321880192 0
    outer loop
      vertex 17.897886667 14.22354 18
      vertex 17.771593333 13.85206 10
      vertex 17.771593333 13.85206 18
    endloop
  endfacet
  facet normal -0.98082175 0.194906886 0
    outer loop
      vertex 17.974353333 14.60834 18
      vertex 17.974353333 14.60834 10
      vertex 17.897886667 14.22354 10
    endloop
  endfacet
  facet normal -0.98082175 0.194906886 0
    outer loop
      vertex 17.974353333 14.60834 18
      vertex 17.897886667 14.22354 10
      vertex 17.897886667 14.22354 18
    endloop
  endfacet
  facet normal -0.997862326 0.065351185 0
    outer loop
      vertex -12.000086667 15.000046667 18
      vertex -12.000086667 15.000046667 10
      vertex -12.02574 14.60834 10
    endloop
  endfacet
  facet normal -0.997862326 0.065351185 0
    outer loop
      vertex -12.000086667 15.000046667 18
      vertex -12.02574 14.60834 10
      vertex -12.02574 14.60834 18
    endloop
  endfacet
  facet normal -0.99785964 -0.065392188 0
    outer loop
      vertex -12.02574 15.391506667 18
      vertex -12.02574 15.391506667 10
      vertex -12.000086667 15.000046667 10
    endloop
  endfacet
  facet normal -0.99785964 -0.065392188 0
    outer loop
      vertex -12.02574 15.391506667 18
      vertex -12.000086667 15.000046667 10
      vertex -12.000086667 15.000046667 18
    endloop
  endfacet
  facet normal -0.980845613 -0.194786765 0
    outer loop
      vertex -12.102206667 15.776553333 18
      vertex -12.102206667 15.776553333 10
      vertex -12.02574 15.391506667 10
    endloop
  endfacet
  facet normal -0.980845613 -0.194786765 0
    outer loop
      vertex -12.102206667 15.776553333 18
      vertex -12.02574 15.391506667 10
      vertex -12.02574 15.391506667 18
    endloop
  endfacet
  facet normal -0.946971867 -0.321316484 0
    outer loop
      vertex -12.228253333 16.148033333 18
      vertex -12.228253333 16.148033333 10
      vertex -12.102206667 15.776553333 10
    endloop
  endfacet
  facet normal -0.946971867 -0.321316484 0
    outer loop
      vertex -12.228253333 16.148033333 18
      vertex -12.102206667 15.776553333 10
      vertex -12.102206667 15.776553333 18
    endloop
  endfacet
  facet normal -0.89680256 -0.442430976 0
    outer loop
      vertex -12.401906667 16.500026667 18
      vertex -12.401906667 16.500026667 10
      vertex -12.228253333 16.148033333 10
    endloop
  endfacet
  facet normal -0.89680256 -0.442430976 0
    outer loop
      vertex -12.401906667 16.500026667 18
      vertex -12.228253333 16.148033333 10
      vertex -12.228253333 16.148033333 18
    endloop
  endfacet
  facet normal -0.83146971 -0.555570086 0
    outer loop
      vertex -12.61996 16.826366667 18
      vertex -12.61996 16.826366667 10
      vertex -12.401906667 16.500026667 10
    endloop
  endfacet
  facet normal -0.83146971 -0.555570086 0
    outer loop
      vertex -12.61996 16.826366667 18
      vertex -12.401906667 16.500026667 10
      vertex -12.401906667 16.500026667 18
    endloop
  endfacet
  facet normal -0.75179738 -0.659394191 0
    outer loop
      vertex -12.878713333 17.12138 18
      vertex -12.878713333 17.12138 10
      vertex -12.61996 16.826366667 10
    endloop
  endfacet
  facet normal -0.75179738 -0.659394191 0
    outer loop
      vertex -12.878713333 17.12138 18
      vertex -12.61996 16.826366667 10
      vertex -12.61996 16.826366667 18
    endloop
  endfacet
  facet normal -0.659394191 -0.75179738 0
    outer loop
      vertex -13.173726667 17.380133333 18
      vertex -13.173726667 17.380133333 10
      vertex -12.878713333 17.12138 10
    endloop
  endfacet
  facet normal -0.659394191 -0.75179738 0
    outer loop
      vertex -13.173726667 17.380133333 18
      vertex -12.878713333 17.12138 10
      vertex -12.878713333 17.12138 18
    endloop
  endfacet
  facet normal -0.555570086 -0.83146971 0
    outer loop
      vertex -13.500066667 17.598186667 18
      vertex -13.500066667 17.598186667 10
      vertex -13.173726667 17.380133333 10
    endloop
  endfacet
  facet normal -0.555570086 -0.83146971 0
    outer loop
      vertex -13.500066667 17.598186667 18
      vertex -13.173726667 17.380133333 10
      vertex -13.173726667 17.380133333 18
    endloop
  endfacet
  facet normal -0.441925328 -0.89705184 0
    outer loop
      vertex -13.85206 17.771593333 18
      vertex -13.85206 17.771593333 10
      vertex -13.500066667 17.598186667 10
    endloop
  endfacet
  facet normal -0.441925328 -0.89705184 0
    outer loop
      vertex -13.85206 17.771593333 18
      vertex -13.500066667 17.598186667 10
      vertex -13.500066667 17.598186667 18
    endloop
  endfacet
  facet normal -0.321880192 -0.946780409 0
    outer loop
      vertex -14.22354 17.897886667 18
      vertex -14.22354 17.897886667 10
      vertex -13.85206 17.771593333 10
    endloop
  endfacet
  facet normal -0.321880192 -0.946780409 0
    outer loop
      vertex -14.22354 17.897886667 18
      vertex -13.85206 17.771593333 10
      vertex -13.85206 17.771593333 18
    endloop
  endfacet
  facet normal -0.194906886 -0.98082175 0
    outer loop
      vertex -14.60834 17.974353333 18
      vertex -14.60834 17.974353333 10
      vertex -14.22354 17.897886667 10
    endloop
  endfacet
  facet normal -0.194906886 -0.98082175 0
    outer loop
      vertex -14.60834 17.974353333 18
      vertex -14.22354 17.897886667 10
      vertex -14.22354 17.897886667 18
    endloop
  endfacet
  facet normal -0.065351185 -0.997862326 0
    outer loop
      vertex -15.000046667 18.000006667 18
      vertex -15.000046667 18.000006667 10
      vertex -14.60834 17.974353333 10
    endloop
  endfacet
  facet normal -0.065351185 -0.997862326 0
    outer loop
      vertex -15.000046667 18.000006667 18
      vertex -14.60834 17.974353333 10
      vertex -14.60834 17.974353333 18
    endloop
  endfacet
  facet normal 0.065392188 -0.99785964 0
    outer loop
      vertex -15.391506667 17.974353333 18
      vertex -15.391506667 17.974353333 10
      vertex -15.000046667 18.000006667 10
    endloop
  endfacet
  facet normal 0.065392188 -0.99785964 0
    outer loop
      vertex -15.391506667 17.974353333 18
      vertex -15.000046667 18.000006667 10
      vertex -15.000046667 18.000006667 18
    endloop
  endfacet
  facet normal 0.194786765 -0.980845613 0
    outer loop
      vertex -15.776553333 17.897886667 18
      vertex -15.776553333 17.897886667 10
      vertex -15.391506667 17.974353333 10
    endloop
  endfacet
  facet normal 0.194786765 -0.980845613 0
    outer loop
      vertex -15.776553333 17.897886667 18
      vertex -15.391506667 17.974353333 10
      vertex -15.391506667 17.974353333 18
    endloop
  endfacet
  facet normal 0.321880192 -0.946780409 0
    outer loop
      vertex -16.148033333 17.771593333 18
      vertex -16.148033333 17.771593333 10
      vertex -15.776553333 17.897886667 10
    endloop
  endfacet
  facet normal 0.321880192 -0.946780409 0
    outer loop
      vertex -16.148033333 17.771593333 18
      vertex -15.776553333 17.897886667 10
      vertex -15.776553333 17.897886667 18
    endloop
  endfacet
  facet normal 0.441925328 -0.89705184 0
    outer loop
      vertex -16.500026667 17.598186667 18
      vertex -16.500026667 17.598186667 10
      vertex -16.148033333 17.771593333 10
    endloop
  endfacet
  facet normal 0.441925328 -0.89705184 0
    outer loop
      vertex -16.500026667 17.598186667 18
      vertex -16.148033333 17.771593333 10
      vertex -16.148033333 17.771593333 18
    endloop
  endfacet
  facet normal 0.555570086 -0.83146971 0
    outer loop
      vertex -16.826366667 17.380133333 18
      vertex -16.826366667 17.380133333 10
      vertex -16.500026667 17.598186667 10
    endloop
  endfacet
  facet normal 0.555570086 -0.83146971 0
    outer loop
      vertex -16.826366667 17.380133333 18
      vertex -16.500026667 17.598186667 10
      vertex -16.500026667 17.598186667 18
    endloop
  endfacet
  facet normal 0.659394191 -0.75179738 0
    outer loop
      vertex -17.12138 17.12138 18
      vertex -17.12138 17.12138 10
      vertex -16.826366667 17.380133333 10
    endloop
  endfacet
  facet normal 0.659394191 -0.75179738 0
    outer loop
      vertex -17.12138 17.12138 18
      vertex -16.826366667 17.380133333 10
      vertex -16.826366667 17.380133333 18
    endloop
  endfacet
  facet normal 0.75179738 -0.659394191 0
    outer loop
      vertex -17.380133333 16.826366667 18
      vertex -17.380133333 16.826366667 10
      vertex -17.12138 17.12138 10
    endloop
  endfacet
  facet normal 0.75179738 -0.659394191 0
    outer loop
      vertex -17.380133333 16.826366667 18
      vertex -17.12138 17.12138 10
      vertex -17.12138 17.12138 18
    endloop
  endfacet
  facet normal 0.83146971 -0.555570086 0
    outer loop
      vertex -17.598186667 16.500026667 18
      vertex -17.598186667 16.500026667 10
      vertex -17.380133333 16.826366667 10
    endloop
  endfacet
  facet normal 0.83146971 -0.555570086 0
    outer loop
      vertex -17.598186667 16.500026667 18
      vertex -17.380133333 16.826366667 10
      vertex -17.380133333 16.826366667 18
    endloop
  endfacet
  facet normal 0.89705184 -0.441925328 0
    outer loop
      vertex -17.771593333 16.148033333 18
      vertex -17.771593333 16.148033333 10
      vertex -17.598186667 16.500026667 10
    endloop
  endfacet
  facet normal 0.89705184 -0.441925328 0
    outer loop
      vertex -17.771593333 16.148033333 18
      vertex -17.598186667 16.500026667 10
      vertex -17.598186667 16.500026667 18
    endloop
  endfacet
  facet normal 0.946780409 -0.321880192 0
    outer loop
      vertex -17.897886667 15.776553333 18
      vertex -17.897886667 15.776553333 10
      vertex -17.771593333 16.148033333 10
    endloop
  endfacet
  facet normal 0.946780409 -0.321880192 0
    outer loop
      vertex -17.897886667 15.776553333 18
      vertex -17.771593333 16.148033333 10
      vertex -17.771593333 16.148033333 18
    endloop
  endfacet
  facet normal 0.980845613 -0.194786765 0
    outer loop
      vertex -17.974353333 15.391506667 18
      vertex -17.974353333 15.391506667 10
      vertex -17.897886667 15.776553333 10
    endloop
  endfacet
  facet normal 0.980845613 -0.194786765 0
    outer loop
      vertex -17.974353333 15.391506667 18
      vertex -17.897886667 15.776553333 10
      vertex -17.897886667 15.776553333 18
    endloop
  endfacet
  facet normal 0.99785964 -0.065392188 0
    outer loop
      vertex -18.000006667 15.000046667 18
      vertex -18.000006667 15.000046667 10
      vertex -17.974353333 15.391506667 10
    endloop
  endfacet
  facet normal 0.99785964 -0.065392188 0
    outer loop
      vertex -18.000006667 15.000046667 18
      vertex -17.974353333 15.391506667 10
      vertex -17.974353333 15.391506667 18
    endloop
  endfacet
  facet normal 0.997862326 0.065351185 0
    outer loop
      vertex -17.974353333 14.60834 18
      vertex -17.974353333 14.60834 10
      vertex -18.000006667 15.000046667 10
    endloop
  endfacet
  facet normal 0.997862326 0.065351185 0
    outer loop
      vertex -17.974353333 14.60834 18
      vertex -18.000006667 15.000046667 10
      vertex -18.000006667 15.000046667 18
    endloop
  endfacet
  facet normal 0.98082175 0.194906886 0
    outer loop
      vertex -17.897886667 14.22354 18
      vertex -17.897886667 14.22354 10
      vertex -17.974353333 14.60834 10
    endloop
  endfacet
  facet normal 0.98082175 0.194906886 0
    outer loop
      vertex -17.897886667 14.22354 18
      vertex -17.974353333 14.60834 10
      vertex -17.974353333 14.60834 18
    endloop
  endfacet
  facet normal 0.946780409 0.321880192 0
    outer loop
      vertex -17.771593333 13.85206 18
      vertex -17.771593333 13.85206 10
      vertex -17.897886667 14.22354 10
    endloop
  endfacet
  facet normal 0.946780409 0.321880192 0
    outer loop
      vertex -17.771593333 13.85206 18
      vertex -17.897886667 14.22354 10
      vertex -17.897886667 14.22354 18
    endloop
  endfacet
  facet normal 0.89705184 0.441925328 0
    outer loop
      vertex -17.598186667 13.500066667 18
      vertex -17.598186667 13.500066667 10
      vertex -17.771593333 13.85206 10
    endloop
  endfacet
  facet normal 0.89705184 0.441925328 0
    outer loop
      vertex -17.598186667 13.500066667 18
      vertex -17.771593333 13.85206 10
      vertex -17.771593333 13.85206 18
    endloop
  endfacet
  facet normal 0.83146971 0.555570086 0
    outer loop
      vertex -17.380133333 13.173726667 18
      vertex -17.380133333 13.173726667 10
      vertex -17.598186667 13.500066667 10
    endloop
  endfacet
  facet normal 0.83146971 0.555570086 0
    outer loop
      vertex -17.380133333 13.173726667 18
      vertex -17.598186667 13.500066667 10
      vertex -17.598186667 13.500066667 18
    endloop
  endfacet
  facet normal 0.75179738 0.659394191 0
    outer loop
      vertex -17.12138 12.878713333 18
      vertex -17.12138 12.878713333 10
      vertex -17.380133333 13.173726667 10
    endloop
  endfacet
  facet normal 0.75179738 0.659394191 0
    outer loop
      vertex -17.12138 12.878713333 18
      vertex -17.380133333 13.173726667 10
      vertex -17.380133333 13.173726667 18
    endloop
  endfacet
  facet normal 0.659394191 0.75179738 0
    outer loop
      vertex -16.826366667 12.61996 18
      vertex -16.826366667 12.61996 10
      vertex -17.12138 12.878713333 10
    endloop
  endfacet
  facet normal 0.659394191 0.75179738 0
    outer loop
      vertex -16.826366667 12.61996 18
      vertex -17.12138 12.878713333 10
      vertex -17.12138 12.878713333 18
    endloop
  endfacet
  facet normal 0.555570086 0.83146971 0
    outer loop
      vertex -16.500026667 12.401906667 18
      vertex -16.500026667 12.401906667 10
      vertex -16.826366667 12.61996 10
    endloop
  endfacet
  facet normal 0.555570086 0.83146971 0
    outer loop
      vertex -16.500026667 12.401906667 18
      vertex -16.826366667 12.61996 10
      vertex -16.826366667 12.61996 18
    endloop
  endfacet
  facet normal 0.442430976 0.89680256 0
    outer loop
      vertex -16.148033333 12.228253333 18
      vertex -16.148033333 12.228253333 10
      vertex -16.500026667 12.401906667 10
    endloop
  endfacet
  facet normal 0.442430976 0.89680256 0
    outer loop
      vertex -16.148033333 12.228253333 18
      vertex -16.500026667 12.401906667 10
      vertex -16.500026667 12.401906667 18
    endloop
  endfacet
  facet normal 0.321316484 0.946971867 0
    outer loop
      vertex -15.776553333 12.102206667 18
      vertex -15.776553333 12.102206667 10
      vertex -16.148033333 12.228253333 10
    endloop
  endfacet
  facet normal 0.321316484 0.946971867 0
    outer loop
      vertex -15.776553333 12.102206667 18
      vertex -16.148033333 12.228253333 10
      vertex -16.148033333 12.228253333 18
    endloop
  endfacet
  facet normal 0.194786765 0.980845613 0
    outer loop
      vertex -15.391506667 12.02574 18
      vertex -15.391506667 12.02574 10
      vertex -15.776553333 12.102206667 10
    endloop
  endfacet
  facet normal 0.194786765 0.980845613 0
    outer loop
      vertex -15.391506667 12.02574 18
      vertex -15.776553333 12.102206667 10
      vertex -15.776553333 12.102206667 18
    endloop
  endfacet
  facet normal 0.065392188 0.99785964 0
    outer loop
      vertex -15.000046667 12.000086667 18
      vertex -15.000046667 12.000086667 10
      vertex -15.391506667 12.02574 10
    endloop
  endfacet
  facet normal 0.065392188 0.99785964 0
    outer loop
      vertex -15.000046667 12.000086667 18
      vertex -15.391506667 12.02574 10
      vertex -15.391506667 12.02574 18
    endloop
  endfacet
  facet normal -0.065351185 0.997862326 0
    outer loop
      vertex -14.60834 12.02574 18
      vertex -14.60834 12.02574 10
      vertex -15.000046667 12.000086667 10
    endloop
  endfacet
  facet normal -0.065351185 0.997862326 0
    outer loop
      vertex -14.60834 12.02574 18
      vertex -15.000046667 12.000086667 10
      vertex -15.000046667 12.000086667 18
    endloop
  endfacet
  facet normal -0.194906886 0.98082175 0
    outer loop
      vertex -14.22354 12.102206667 18
      vertex -14.22354 12.102206667 10
      vertex -14.60834 12.02574 10
    endloop
  endfacet
  facet normal -0.194906886 0.98082175 0
    outer loop
      vertex -14.22354 12.102206667 18
      vertex -14.60834 12.02574 10
      vertex -14.60834 12.02574 18
    endloop
  endfacet
  facet normal -0.321316484 0.946971867 0
    outer loop
      vertex -13.85206 12.228253333 18
      vertex -13.85206 12.228253333 10
      vertex -14.22354 12.102206667 10
    endloop
  endfacet
  facet normal -0.321316484 0.946971867 0
    outer loop
      vertex -13.85206 12.228253333 18
      vertex -14.22354 12.102206667 10
      vertex -14.22354 12.102206667 18
    endloop
  endfacet
  facet normal -0.442430976 0.89680256 0
    outer loop
      vertex -13.500066667 12.401906667 18
      vertex -13.500066667 12.401906667 10
      vertex -13.85206 12.228253333 10
    endloop
  endfacet
  facet normal -0.442430976 0.89680256 0
    outer loop
      vertex -13.500066667 12.401906667 18
      vertex -13.85206 12.228253333 10
      vertex -13.85206 12.228253333 18
    endloop
  endfacet
  facet normal -0.555570086 0.83146971 0
    outer loop
      vertex -13.173726667 12.61996 18
      vertex -13.173726667 12.61996 10
      vertex -13.500066667 12.401906667 10
    endloop
  endfacet
  facet normal -0.555570086 0.83146971 0
    outer loop
      vertex -13.173726667 12.61996 18
      vertex -13.500066667 12.401906667 10
      vertex -13.500066667 12.401906667 18
    endloop
  endfacet
  facet normal -0.659394191 0.75179738 0
    outer loop
      vertex -12.878713333 12.878713333 18
      vertex -12.878713333 12.878713333 10
      vertex -13.173726667 12.61996 10
    endloop
  endfacet
  facet normal -0.659394191 0.75179738 0
    outer loop
      vertex -12.878713333 12.878713333 18
      vertex -13.173726667 12.61996 10
      vertex -13.173726667 12.61996 18
    endloop
  endfacet
  facet normal -0.75179738 0.659394191 0
    outer loop
      vertex -12.61996 13.173726667 18
      vertex -12.61996 13.173726667 10
      vertex -12.878713333 12.878713333 10
    endloop
  endfacet
  facet normal -0.75179738 0.659394191 0
    outer loop
      vertex -12.61996 13.173726667 18
      vertex -12.878713333 12.878713333 10
      vertex -12.878713333 12.878713333 18
    endloop
  endfacet
  facet normal -0.83146971 0.555570086 0
    outer loop
      vertex -12.401906667 13.500066667 18
      vertex -12.401906667 13.500066667 10
      vertex -12.61996 13.173726667 10
    endloop
  endfacet
  facet normal -0.83146971 0.555570086 0
    outer loop
      vertex -12.401906667 13.500066667 18
      vertex -12.61996 13.173726667 10
      vertex -12.61996 13.173726667 18
    endloop
  endfacet
  facet normal -0.89680256 0.442430976 0
    outer loop
      vertex -12.228253333 13.85206 18
      vertex -12.228253333 13.85206 10
      vertex -12.401906667 13.500066667 10
    endloop
  endfacet
  facet normal -0.89680256 0.442430976 0
    outer loop
      vertex -12.228253333 13.85206 18
      vertex -12.401906667 13.500066667 10
      vertex -12.401906667 13.500066667 18
    endloop
  endfacet
  facet normal -0.946971867 0.321316484 0
    outer loop
      vertex -12.102206667 14.22354 18
      vertex -12.102206667 14.22354 10
      vertex -12.228253333 13.85206 10
    endloop
  endfacet
  facet normal -0.946971867 0.321316484 0
    outer loop
      vertex -12.102206667 14.22354 18
      vertex -12.228253333 13.85206 10
      vertex -12.228253333 13.85206 18
    endloop
  endfacet
  facet normal -0.98082175 0.194906886 0
    outer loop
      vertex -12.02574 14.60834 18
      vertex -12.02574 14.60834 10
      vertex -12.102206667 14.22354 10
    endloop
  endfacet
  facet normal -0.98082175 0.194906886 0
    outer loop
      vertex -12.02574 14.60834 18
      vertex -12.102206667 14.22354 10
      vertex -12.102206667 14.22354 18
    endloop
  endfacet
  facet normal -0.99785964 0.065392188 0
    outer loop
      vertex 18.000006667 -15.000046667 18
      vertex 18.000006667 -15.000046667 10
      vertex 17.974353333 -15.391506667 10
    endloop
  endfacet
  facet normal -0.99785964 0.065392188 0
    outer loop
      vertex 18.000006667 -15.000046667 18
      vertex 17.974353333 -15.391506667 10
      vertex 17.974353333 -15.391506667 18
    endloop
  endfacet
  facet normal -0.997862326 -0.065351185 0
    outer loop
      vertex 17.974353333 -14.60834 18
      vertex 17.974353333 -14.60834 10
      vertex 18.000006667 -15.000046667 10
    endloop
  endfacet
  facet normal -0.997862326 -0.065351185 0
    outer loop
      vertex 17.974353333 -14.60834 18
      vertex 18.000006667 -15.000046667 10
      vertex 18.000006667 -15.000046667 18
    endloop
  endfacet
  facet normal -0.98082175 -0.194906886 0
    outer loop
      vertex 17.897886667 -14.22354 18
      vertex 17.897886667 -14.22354 10
      vertex 17.974353333 -14.60834 10
    endloop
  endfacet
  facet normal -0.98082175 -0.194906886 0
    outer loop
      vertex 17.897886667 -14.22354 18
      vertex 17.974353333 -14.60834 10
      vertex 17.974353333 -14.60834 18
    endloop
  endfacet
  facet normal -0.946780409 -0.321880192 0
    outer loop
      vertex 17.771593333 -13.85206 18
      vertex 17.771593333 -13.85206 10
      vertex 17.897886667 -14.22354 10
    endloop
  endfacet
  facet normal -0.946780409 -0.321880192 0
    outer loop
      vertex 17.771593333 -13.85206 18
      vertex 17.897886667 -14.22354 10
      vertex 17.897886667 -14.22354 18
    endloop
  endfacet
  facet normal -0.89705184 -0.441925328 0
    outer loop
      vertex 17.598186667 -13.500066667 18
      vertex 17.598186667 -13.500066667 10
      vertex 17.771593333 -13.85206 10
    endloop
  endfacet
  facet normal -0.89705184 -0.441925328 0
    outer loop
      vertex 17.598186667 -13.500066667 18
      vertex 17.771593333 -13.85206 10
      vertex 17.771593333 -13.85206 18
    endloop
  endfacet
  facet normal -0.83146971 -0.555570086 0
    outer loop
      vertex 17.380133333 -13.173726667 18
      vertex 17.380133333 -13.173726667 10
      vertex 17.598186667 -13.500066667 10
    endloop
  endfacet
  facet normal -0.83146971 -0.555570086 0
    outer loop
      vertex 17.380133333 -13.173726667 18
      vertex 17.598186667 -13.500066667 10
      vertex 17.598186667 -13.500066667 18
    endloop
  endfacet
  facet normal -0.75179738 -0.659394191 0
    outer loop
      vertex 17.12138 -12.878713333 18
      vertex 17.12138 -12.878713333 10
      vertex 17.380133333 -13.173726667 10
    endloop
  endfacet
  facet normal -0.75179738 -0.659394191 0
    outer loop
      vertex 17.12138 -12.878713333 18
      vertex 17.380133333 -13.173726667 10
      vertex 17.380133333 -13.173726667 18
    endloop
  endfacet
  facet normal -0.659394191 -0.75179738 0
    outer loop
      vertex 16.826366667 -12.61996 18
      vertex 16.826366667 -12.61996 10
      vertex 17.12138 -12.878713333 10
    endloop
  endfacet
  facet normal -0.659394191 -0.75179738 0
    outer loop
      vertex 16.826366667 -12.61996 18
      vertex 17.12138 -12.878713333 10
      vertex 17.12138 -12.878713333 18
    endloop
  endfacet
  facet normal -0.555570086 -0.83146971 0
    outer loop
      vertex 16.500026667 -12.401906667 18
      vertex 16.500026667 -12.401906667 10
      vertex 16.826366667 -12.61996 10
    endloop
  endfacet
  facet normal -0.555570086 -0.83146971 0
    outer loop
      vertex 16.500026667 -12.401906667 18
      vertex 16.826366667 -12.61996 10
      vertex 16.826366667 -12.61996 18
    endloop
  endfacet
  facet normal -0.442430976 -0.89680256 0
    outer loop
      vertex 16.148033333 -12.228253333 18
      vertex 16.148033333 -12.228253333 10
      vertex 16.500026667 -12.401906667 10
    endloop
  endfacet
  facet normal -0.442430976 -0.89680256 0
    outer loop
      vertex 16.148033333 -12.228253333 18
      vertex 16.500026667 -12.401906667 10
      vertex 16.500026667 -12.401906667 18
    endloop
  endfacet
  facet normal -0.321316484 -0.946971867 0
    outer loop
      vertex 15.776553333 -12.102206667 18
      vertex 15.776553333 -12.102206667 10
      vertex 16.148033333 -12.228253333 10
    endloop
  endfacet
  facet normal -0.321316484 -0.946971867 0
    outer loop
      vertex 15.776553333 -12.102206667 18
      vertex 16.148033333 -12.228253333 10
      vertex 16.148033333 -12.228253333 18
    endloop
  endfacet
  facet normal -0.194786765 -0.980845613 0
    outer loop
      vertex 15.391506667 -12.02574 18
      vertex 15.391506667 -12.02574 10
      vertex 15.776553333 -12.102206667 10
    endloop
  endfacet
  facet normal -0.194786765 -0.980845613 0
    outer loop
      vertex 15.391506667 -12.02574 18
      vertex 15.776553333 -12.102206667 10
      vertex 15.776553333 -12.102206667 18
    endloop
  endfacet
  facet normal -0.065392188 -0.99785964 0
    outer loop
      vertex 15.000046667 -12.000086667 18
      vertex 15.000046667 -12.000086667 10
      vertex 15.391506667 -12.02574 10
    endloop
  endfacet
  facet normal -0.065392188 -0.99785964 0
    outer loop
      vertex 15.000046667 -12.000086667 18
      vertex 15.391506667 -12.02574 10
      vertex 15.391506667 -12.02574 18
    endloop
  endfacet
  facet normal 0.065351185 -0.997862326 0
    outer loop
      vertex 14.60834 -12.02574 18
      vertex 14.60834 -12.02574 10
      vertex 15.000046667 -12.000086667 10
    endloop
  endfacet
  facet normal 0.065351185 -0.997862326 0
    outer loop
      vertex 14.60834 -12.02574 18
      vertex 15.000046667 -12.000086667 10
      vertex 15.000046667 -12.000086667 18
    endloop
  endfacet
  facet normal 0.194906886 -0.98082175 0
    outer loop
      vertex 14.22354 -12.102206667 18
      vertex 14.22354 -12.102206667 10
      vertex 14.60834 -12.02574 10
    endloop
  endfacet
  facet normal 0.194906886 -0.98082175 0
    outer loop
      vertex 14.22354 -12.102206667 18
      vertex 14.60834 -12.02574 10
      vertex 14.60834 -12.02574 18
    endloop
  endfacet
  facet normal 0.321316484 -0.946971867 0
    outer loop
      vertex 13.85206 -12.228253333 18
      vertex 13.85206 -12.228253333 10
      vertex 14.22354 -12.102206667 10
    endloop
  endfacet
  facet normal 0.321316484 -0.946971867 0
    outer loop
      vertex 13.85206 -12.228253333 18
      vertex 14.22354 -12.102206667 10
      vertex 14.22354 -12.102206667 18
    endloop
  endfacet
  facet normal 0.442430976 -0.89680256 0
    outer loop
      vertex 13.500066667 -12.401906667 18
      vertex 13.500066667 -12.401906667 10
      vertex 13.85206 -12.228253333 10
    endloop
  endfacet
  facet normal 0.442430976 -0.89680256 0
    outer loop
      vertex 13.500066667 -12.401906667 18
      vertex 13.85206 -12.228253333 10
      vertex 13.85206 -12.228253333 18
    endloop
  endfacet
  facet normal 0.555570086 -0.83146971 0
    outer loop
      vertex 13.173726667 -12.61996 18
      vertex 13.173726667 -12.61996 10
      vertex 13.500066667 -12.401906667 10
    endloop
  endfacet
  facet normal 0.555570086 -0.83146971 0
    outer loop
      vertex 13.173726667 -12.61996 18
      vertex 13.500066667 -12.401906667 10
      vertex 13.500066667 -12.401906667 18
    endloop
  endfacet
  facet normal 0.659394191 -0.75179738 0
    outer loop
      vertex 12.878713333 -12.878713333 18
      vertex 12.878713333 -12.878713333 10
      vertex 13.173726667 -12.61996 10
    endloop
  endfacet
  facet normal 0.659394191 -0.75179738 0
    outer loop
      vertex 12.878713333 -12.878713333 18
      vertex 13.173726667 -12.61996 10
      vertex 13.173726667 -12.61996 18
    endloop
  endfacet
  facet normal 0.75179738 -0.659394191 0
    outer loop
      vertex 12.61996 -13.173726667 18
      vertex 12.61996 -13.173726667 10
      vertex 12.878713333 -12.878713333 10
    endloop
  endfacet
  facet normal 0.75179738 -0.659394191 0
    outer loop
      vertex 12.61996 -13.173726667 18
      vertex 12.878713333 -12.878713333 10
      vertex 12.878713333 -12.878713333 18
    endloop
  endfacet
  facet normal 0.83146971 -0.555570086 0
    outer loop
      vertex 12.401906667 -13.500066667 18
      vertex 12.401906667 -13.500066667 10
      vertex 12.61996 -13.173726667 10
    endloop
  endfacet
  facet normal 0.83146971 -0.555570086 0
    outer loop
      vertex 12.401906667 -13.500066667 18
      vertex 12.61996 -13.173726667 10
      vertex 12.61996 -13.173726667 18
    endloop
  endfacet
  facet normal 0.89680256 -0.442430976 0
    outer loop
      vertex 12.228253333 -13.85206 18
      vertex 12.228253333 -13.85206 10
      vertex 12.401906667 -13.500066667 10
    endloop
  endfacet
  facet normal 0.89680256 -0.442430976 0
    outer loop
      vertex 12.228253333 -13.85206 18
      vertex 12.401906667 -13.500066667 10
      vertex 12.401906667 -13.500066667 18
    endloop
  endfacet
  facet normal 0.946971867 -0.321316484 0
    outer loop
      vertex 12.102206667 -14.22354 18
      vertex 12.102206667 -14.22354 10
      vertex 12.228253333 -13.85206 10
    endloop
  endfacet
  facet normal 0.946971867 -0.321316484 0
    outer loop
      vertex 12.102206667 -14.22354 18
      vertex 12.228253333 -13.85206 10
      vertex 12.228253333 -13.85206 18
    endloop
  endfacet
  facet normal 0.98082175 -0.194906886 0
    outer loop
      vertex 12.02574 -14.60834 18
      vertex 12.02574 -14.60834 10
      vertex 12.102206667 -14.22354 10
    endloop
  endfacet
  facet normal 0.98082175 -0.194906886 0
    outer loop
      vertex 12.02574 -14.60834 18
      vertex 12.102206667 -14.22354 10
      vertex 12.102206667 -14.22354 18
    endloop
  endfacet
  facet normal 0.997862326 -0.065351185 0
    outer loop
      vertex 12.000086667 -15.000046667 18
      vertex 12.000086667 -15.000046667 10
      vertex 12.02574 -14.60834 10
    endloop
  endfacet
  facet normal 0.997862326 -0.065351185 0
    outer loop
      vertex 12.000086667 -15.000046667 18
      vertex 12.02574 -14.60834 10
      vertex 12.02574 -14.60834 18
    endloop
  endfacet
  facet normal 0.99785964 0.065392188 0
    outer loop
      vertex 12.02574 -15.391506667 18
      vertex 12.02574 -15.391506667 10
      vertex 12.000086667 -15.000046667 10
    endloop
  endfacet
  facet normal 0.99785964 0.065392188 0
    outer loop
      vertex 12.02574 -15.391506667 18
      vertex 12.000086667 -15.000046667 10
      vertex 12.000086667 -15.000046667 18
    endloop
  endfacet
  facet normal 0.980845613 0.194786765 0
    outer loop
      vertex 12.102206667 -15.776553333 18
      vertex 12.102206667 -15.776553333 10
      vertex 12.02574 -15.391506667 10
    endloop
  endfacet
  facet normal 0.980845613 0.194786765 0
    outer loop
      vertex 12.102206667 -15.776553333 18
      vertex 12.02574 -15.391506667 10
      vertex 12.02574 -15.391506667 18
    endloop
  endfacet
  facet normal 0.946971867 0.321316484 0
    outer loop
      vertex 12.228253333 -16.148033333 18
      vertex 12.228253333 -16.148033333 10
      vertex 12.102206667 -15.776553333 10
    endloop
  endfacet
  facet normal 0.946971867 0.321316484 0
    outer loop
      vertex 12.228253333 -16.148033333 18
      vertex 12.102206667 -15.776553333 10
      vertex 12.102206667 -15.776553333 18
    endloop
  endfacet
  facet normal 0.89680256 0.442430976 0
    outer loop
      vertex 12.401906667 -16.500026667 18
      vertex 12.401906667 -16.500026667 10
      vertex 12.228253333 -16.148033333 10
    endloop
  endfacet
  facet normal 0.89680256 0.442430976 0
    outer loop
      vertex 12.401906667 -16.500026667 18
      vertex 12.228253333 -16.148033333 10
      vertex 12.228253333 -16.148033333 18
    endloop
  endfacet
  facet normal 0.83146971 0.555570086 0
    outer loop
      vertex 12.61996 -16.826366667 18
      vertex 12.61996 -16.826366667 10
      vertex 12.401906667 -16.500026667 10
    endloop
  endfacet
  facet normal 0.83146971 0.555570086 0
    outer loop
      vertex 12.61996 -16.826366667 18
      vertex 12.401906667 -16.500026667 10
      vertex 12.401906667 -16.500026667 18
    endloop
  endfacet
  facet normal 0.75179738 0.659394191 0
    outer loop
      vertex 12.878713333 -17.12138 18
      vertex 12.878713333 -17.12138 10
      vertex 12.61996 -16.826366667 10
    endloop
  endfacet
  facet normal 0.75179738 0.659394191 0
    outer loop
      vertex 12.878713333 -17.12138 18
      vertex 12.61996 -16.826366667 10
      vertex 12.61996 -16.826366667 18
    endloop
  endfacet
  facet normal 0.659394191 0.75179738 0
    outer loop
      vertex 13.173726667 -17.380133333 18
      vertex 13.173726667 -17.380133333 10
      vertex 12.878713333 -17.12138 10
    endloop
  endfacet
  facet normal 0.659394191 0.75179738 0
    outer loop
      vertex 13.173726667 -17.380133333 18
      vertex 12.878713333 -17.12138 10
      vertex 12.878713333 -17.12138 18
    endloop
  endfacet
  facet normal 0.555570086 0.83146971 0
    outer loop
      vertex 13.500066667 -17.598186667 18
      vertex 13.500066667 -17.598186667 10
      vertex 13.173726667 -17.380133333 10
    endloop
  endfacet
  facet normal 0.555570086 0.83146971 0
    outer loop
      vertex 13.500066667 -17.598186667 18
      vertex 13.173726667 -17.380133333 10
      vertex 13.173726667 -17.380133333 18
    endloop
  endfacet
  facet normal 0.441925328 0.89705184 0
    outer loop
      vertex 13.85206 -17.771593333 18
      vertex 13.85206 -17.771593333 10
      vertex 13.500066667 -17.598186667 10
    endloop
  endfacet
  facet normal 0.441925328 0.89705184 0
    outer loop
      vertex 13.85206 -17.771593333 18
      vertex 13.500066667 -17.598186667 10
      vertex 13.500066667 -17.598186667 18
    endloop
  endfacet
  facet normal 0.321880192 0.946780409 0
    outer loop
      vertex 14.22354 -17.897886667 18
      vertex 14.22354 -17.897886667 10
      vertex 13.85206 -17.771593333 10
    endloop
  endfacet
  facet normal 0.321880192 0.946780409 0
    outer loop
      vertex 14.22354 -17.897886667 18
      vertex 13.85206 -17.771593333 10
      vertex 13.85206 -17.771593333 18
    endloop
  endfacet
  facet normal 0.194906886 0.98082175 0
    outer loop
      vertex 14.60834 -17.974353333 18
      vertex 14.60834 -17.974353333 10
      vertex 14.22354 -17.897886667 10
    endloop
  endfacet
  facet normal 0.194906886 0.98082175 0
    outer loop
      vertex 14.60834 -17.974353333 18
      vertex 14.22354 -17.897886667 10
      vertex 14.22354 -17.897886667 18
    endloop
  endfacet
  facet normal 0.065351185 0.997862326 0
    outer loop
      vertex 15.000046667 -18.000006667 18
      vertex 15.000046667 -18.000006667 10
      vertex 14.60834 -17.974353333 10
    endloop
  endfacet
  facet normal 0.065351185 0.997862326 0
    outer loop
      vertex 15.000046667 -18.000006667 18
      vertex 14.60834 -17.974353333 10
      vertex 14.60834 -17.974353333 18
    endloop
  endfacet
  facet normal -0.065392188 0.99785964 0
    outer loop
      vertex 15.391506667 -17.974353333 18
      vertex 15.391506667 -17.974353333 10
      vertex 15.000046667 -18.000006667 10
    endloop
  endfacet
  facet normal -0.065392188 0.99785964 0
    outer loop
      vertex 15.391506667 -17.974353333 18
      vertex 15.000046667 -18.000006667 10
      vertex 15.000046667 -18.000006667 18
    endloop
  endfacet
  facet normal -0.194786765 0.980845613 0
    outer loop
      vertex 15.776553333 -17.897886667 18
      vertex 15.776553333 -17.897886667 10
      vertex 15.391506667 -17.974353333 10
    endloop
  endfacet
  facet normal -0.194786765 0.980845613 0
    outer loop
      vertex 15.776553333 -17.897886667 18
      vertex 15.391506667 -17.974353333 10
      vertex 15.391506667 -17.974353333 18
    endloop
  endfacet
  facet normal -0.321880192 0.946780409 0
    outer loop
      vertex 16.148033333 -17.771593333 18
      vertex 16.148033333 -17.771593333 10
      vertex 15.776553333 -17.897886667 10
    endloop
  endfacet
  facet normal -0.321880192 0.946780409 0
    outer loop
      vertex 16.148033333 -17.771593333 18
      vertex 15.776553333 -17.897886667 10
      vertex 15.776553333 -17.897886667 18
    endloop
  endfacet
  facet normal -0.441925328 0.89705184 0
    outer loop
      vertex 16.500026667 -17.598186667 18
      vertex 16.500026667 -17.598186667 10
      vertex 16.148033333 -17.771593333 10
    endloop
  endfacet
  facet normal -0.441925328 0.89705184 0
    outer loop
      vertex 16.500026667 -17.598186667 18
      vertex 16.148033333 -17.771593333 10
      vertex 16.148033333 -17.771593333 18
    endloop
  endfacet
  facet normal -0.555570086 0.83146971 0
    outer loop
      vertex 16.826366667 -17.380133333 18
      vertex 16.826366667 -17.380133333 10
      vertex 16.500026667 -17.598186667 10
    endloop
  endfacet
  facet normal -0.555570086 0.83146971 0
    outer loop
      vertex 16.826366667 -17.380133333 18
      vertex 16.500026667 -17.598186667 10
      vertex 16.500026667 -17.598186667 18
    endloop
  endfacet
  facet normal -0.659394191 0.75179738 0
    outer loop
      vertex 17.12138 -17.12138 18
      vertex 17.12138 -17.12138 10
      vertex 16.826366667 -17.380133333 10
    endloop
  endfacet
  facet normal -0.659394191 0.75179738 0
    outer loop
      vertex 17.12138 -17.12138 18
      vertex 16.826366667 -17.380133333 10
      vertex 16.826366667 -17.380133333 18
    endloop
  endfacet
  facet normal -0.75179738 0.659394191 0
    outer loop
      vertex 17.380133333 -16.826366667 18
      vertex 17.380133333 -16.826366667 10
      vertex 17.12138 -17.12138 10
    endloop
  endfacet
  facet normal -0.75179738 0.659394191 0
    outer loop
      vertex 17.380133333 -16.826366667 18
      vertex 17.12138 -17.12138 10
      vertex 17.12138 -17.12138 18
    endloop
  endfacet
  facet normal -0.83146971 0.555570086 0
    outer loop
      vertex 17.598186667 -16.500026667 18
      vertex 17.598186667 -16.500026667 10
      vertex 17.380133333 -16.826366667 10
    endloop
  endfacet
  facet normal -0.83146971 0.555570086 0
    outer loop
      vertex 17.598186667 -16.500026667 18
      vertex 17.380133333 -16.826366667 10
      vertex 17.380133333 -16.826366667 18
    endloop
  endfacet
  facet normal -0.89705184 0.441925328 0
    outer loop
      vertex 17.771593333 -16.148033333 18
      vertex 17.771593333 -16.148033333 10
      vertex 17.598186667 -16.500026667 10
    endloop
  endfacet
  facet normal -0.89705184 0.441925328 0
    outer loop
      vertex 17.771593333 -16.148033333 18
      vertex 17.598186667 -16.500026667 10
      vertex 17.598186667 -16.500026667 18
    endloop
  endfacet
  facet normal -0.946780409 0.321880192 0
    outer loop
      vertex 17.897886667 -15.776553333 18
      vertex 17.897886667 -15.776553333 10
      vertex 17.771593333 -16.148033333 10
    endloop
  endfacet
  facet normal -0.946780409 0.321880192 0
    outer loop
      vertex 17.897886667 -15.776553333 18
      vertex 17.771593333 -16.148033333 10
      vertex 17.771593333 -16.148033333 18
    endloop
  endfacet
  facet normal -0.980845613 0.194786765 0
    outer loop
      vertex 17.974353333 -15.391506667 18
      vertex 17.974353333 -15.391506667 10
      vertex 17.897886667 -15.776553333 10
    endloop
  endfacet
  facet normal -0.980845613 0.194786765 0
    outer loop
      vertex 17.974353333 -15.391506667 18
      vertex 17.897886667 -15.776553333 10
      vertex 17.897886667 -15.776553333 18
    endloop
  endfacet
  facet normal -0.99785964 0.065392188 0
    outer loop
      vertex -12.000086667 -15.000046667 18
      vertex -12.000086667 -15.000046667 10
      vertex -12.02574 -15.391506667 10
    endloop
  endfacet
  facet normal -0.99785964 0.065392188 0
    outer loop
      vertex -12.000086667 -15.000046667 18
      vertex -12.02574 -15.391506667 10
      vertex -12.02574 -15.391506667 18
    endloop
  endfacet
  facet normal -0.997862326 -0.065351185 0
    outer loop
      vertex -12.02574 -14.60834 18
      vertex -12.02574 -14.60834 10
      vertex -12.000086667 -15.000046667 10
    endloop
  endfacet
  facet normal -0.997862326 -0.065351185 0
    outer loop
      vertex -12.02574 -14.60834 18
      vertex -12.000086667 -15.000046667 10
      vertex -12.000086667 -15.000046667 18
    endloop
  endfacet
  facet normal -0.98082175 -0.194906886 0
    outer loop
      vertex -12.102206667 -14.22354 18
      vertex -12.102206667 -14.22354 10
      vertex -12.02574 -14.60834 10
    endloop
  endfacet
  facet normal -0.98082175 -0.194906886 0
    outer loop
      vertex -12.102206667 -14.22354 18
      vertex -12.02574 -14.60834 10
      vertex -12.02574 -14.60834 18
    endloop
  endfacet
  facet normal -0.946971867 -0.321316484 0
    outer loop
      vertex -12.228253333 -13.85206 18
      vertex -12.228253333 -13.85206 10
      vertex -12.102206667 -14.22354 10
    endloop
  endfacet
  facet normal -0.946971867 -0.321316484 0
    outer loop
      vertex -12.228253333 -13.85206 18
      vertex -12.102206667 -14.22354 10
      vertex -12.102206667 -14.22354 18
    endloop
  endfacet
  facet normal -0.89680256 -0.442430976 0
    outer loop
      vertex -12.401906667 -13.500066667 18
      vertex -12.401906667 -13.500066667 10
      vertex -12.228253333 -13.85206 10
    endloop
  endfacet
  facet normal -0.89680256 -0.442430976 0
    outer loop
      vertex -12.401906667 -13.500066667 18
      vertex -12.228253333 -13.85206 10
      vertex -12.228253333 -13.85206 18
    endloop
  endfacet
  facet normal -0.83146971 -0.555570086 0
    outer loop
      vertex -12.61996 -13.173726667 18
      vertex -12.61996 -13.173726667 10
      vertex -12.401906667 -13.500066667 10
    endloop
  endfacet
  facet normal -0.83146971 -0.555570086 0
    outer loop
      vertex -12.61996 -13.173726667 18
      vertex -12.401906667 -13.500066667 10
      vertex -12.401906667 -13.500066667 18
    endloop
  endfacet
  facet normal -0.75179738 -0.659394191 0
    outer loop
      vertex -12.878713333 -12.878713333 18
      vertex -12.878713333 -12.878713333 10
      vertex -12.61996 -13.173726667 10
    endloop
  endfacet
  facet normal -0.75179738 -0.659394191 0
    outer loop
      vertex -12.878713333 -12.878713333 18
      vertex -12.61996 -13.173726667 10
      vertex -12.61996 -13.173726667 18
    endloop
  endfacet
  facet normal -0.659394191 -0.75179738 0
    outer loop
      vertex -13.173726667 -12.61996 18
      vertex -13.173726667 -12.61996 10
      vertex -12.878713333 -12.878713333 10
    endloop
  endfacet
  facet normal -0.659394191 -0.75179738 0
    outer loop
      vertex -13.173726667 -12.61996 18
      vertex -12.878713333 -12.878713333 10
      vertex -12.878713333 -12.878713333 18
    endloop
  endfacet
  facet normal -0.555570086 -0.83146971 0
    outer loop
      vertex -13.500066667 -12.401906667 18
      vertex -13.500066667 -12.401906667 10
      vertex -13.173726667 -12.61996 10
    endloop
  endfacet
  facet normal -0.555570086 -0.83146971 0
    outer loop
      vertex -13.500066667 -12.401906667 18
      vertex -13.173726667 -12.61996 10
      vertex -13.173726667 -12.61996 18
    endloop
  endfacet
  facet normal -0.442430976 -0.89680256 0
    outer loop
      vertex -13.85206 -12.228253333 18
      vertex -13.85206 -12.228253333 10
      vertex -13.500066667 -12.401906667 10
    endloop
  endfacet
  facet normal -0.442430976 -0.89680256 0
    outer loop
      vertex -13.85206 -12.228253333 18
      vertex -13.500066667 -12.401906667 10
      vertex -13.500066667 -12.401906667 18
    endloop
  endfacet
  facet normal -0.321316484 -0.946971867 0
    outer loop
      vertex -14.22354 -12.102206667 18
      vertex -14.22354 -12.102206667 10
      vertex -13.85206 -12.228253333 10
    endloop
  endfacet
  facet normal -0.321316484 -0.946971867 0
    outer loop
      vertex -14.22354 -12.102206667 18
      vertex -13.85206 -12.228253333 10
      vertex -13.85206 -12.228253333 18
    endloop
  endfacet
  facet normal -0.194906886 -0.98082175 0
    outer loop
      vertex -14.60834 -12.02574 18
      vertex -14.60834 -12.02574 10
      vertex -14.22354 -12.102206667 10
    endloop
  endfacet
  facet normal -0.194906886 -0.98082175 0
    outer loop
      vertex -14.60834 -12.02574 18
      vertex -14.22354 -12.102206667 10
      vertex -14.22354 -12.102206667 18
    endloop
  endfacet
  facet normal -0.065351185 -0.997862326 0
    outer loop
      vertex -15.000046667 -12.000086667 18
      vertex -15.000046667 -12.000086667 10
      vertex -14.60834 -12.02574 10
    endloop
  endfacet
  facet normal -0.065351185 -0.997862326 0
    outer loop
      vertex -15.000046667 -12.000086667 18
      vertex -14.60834 -12.02574 10
      vertex -14.60834 -12.02574 18
    endloop
  endfacet
  facet normal 0.065392188 -0.99785964 0
    outer loop
      vertex -15.391506667 -12.02574 18
      vertex -15.391506667 -12.02574 10
      vertex -15.000046667 -12.000086667 10
    endloop
  endfacet
  facet normal 0.065392188 -0.99785964 0
    outer loop
      vertex -15.391506667 -12.02574 18
      vertex -15.000046667 -12.000086667 10
      vertex -15.000046667 -12.000086667 18
    endloop
  endfacet
  facet normal 0.194786765 -0.980845613 0
    outer loop
      vertex -15.776553333 -12.102206667 18
      vertex -15.776553333 -12.102206667 10
      vertex -15.391506667 -12.02574 10
    endloop
  endfacet
  facet normal 0.194786765 -0.980845613 0
    outer loop
      vertex -15.776553333 -12.102206667 18
      vertex -15.391506667 -12.02574 10
      vertex -15.391506667 -12.02574 18
    endloop
  endfacet
  facet normal 0.321316484 -0.946971867 0
    outer loop
      vertex -16.148033333 -12.228253333 18
      vertex -16.148033333 -12.228253333 10
      vertex -15.776553333 -12.102206667 10
    endloop
  endfacet
  facet normal 0.321316484 -0.946971867 0
    outer loop
      vertex -16.148033333 -12.228253333 18
      vertex -15.776553333 -12.102206667 10
      vertex -15.776553333 -12.102206667 18
    endloop
  endfacet
  facet normal 0.442430976 -0.89680256 0
    outer loop
      vertex -16.500026667 -12.401906667 18
      vertex -16.500026667 -12.401906667 10
      vertex -16.148033333 -12.228253333 10
    endloop
  endfacet
  facet normal 0.442430976 -0.89680256 0
    outer loop
      vertex -16.500026667 -12.401906667 18
      vertex -16.148033333 -12.228253333 10
      vertex -16.148033333 -12.228253333 18
    endloop
  endfacet
  facet normal 0.555570086 -0.83146971 0
    outer loop
      vertex -16.826366667 -12.61996 18
      vertex -16.826366667 -12.61996 10
      vertex -16.500026667 -12.401906667 10
    endloop
  endfacet
  facet normal 0.555570086 -0.83146971 0
    outer loop
      vertex -16.826366667 -12.61996 18
      vertex -16.500026667 -12.401906667 10
      vertex -16.500026667 -12.401906667 18
    endloop
  endfacet
  facet normal 0.659394191 -0.75179738 0
    outer loop
      vertex -17.12138 -12.878713333 18
      vertex -17.12138 -12.878713333 10
      vertex -16.826366667 -12.61996 10
    endloop
  endfacet
  facet normal 0.659394191 -0.75179738 0
    outer loop
      vertex -17.12138 -12.878713333 18
      vertex -16.826366667 -12.61996 10
      vertex -16.826366667 -12.61996 18
    endloop
  endfacet
  facet normal 0.75179738 -0.659394191 0
    outer loop
      vertex -17.380133333 -13.173726667 18
      vertex -17.380133333 -13.173726667 10
      vertex -17.12138 -12.878713333 10
    endloop
  endfacet
  facet normal 0.75179738 -0.659394191 0
    outer loop
      vertex -17.380133333 -13.173726667 18
      vertex -17.12138 -12.878713333 10
      vertex -17.12138 -12.878713333 18
    endloop
  endfacet
  facet normal 0.83146971 -0.555570086 0
    outer loop
      vertex -17.598186667 -13.500066667 18
      vertex -17.598186667 -13.500066667 10
      vertex -17.380133333 -13.173726667 10
    endloop
  endfacet
  facet normal 0.83146971 -0.555570086 0
    outer loop
      vertex -17.598186667 -13.500066667 18
      vertex -17.380133333 -13.173726667 10
      vertex -17.380133333 -13.173726667 18
    endloop
  endfacet
  facet normal 0.89705184 -0.441925328 0
    outer loop
      vertex -17.771593333 -13.85206 18
      vertex -17.771593333 -13.85206 10
      vertex -17.598186667 -13.500066667 10
    endloop
  endfacet
  facet normal 0.89705184 -0.441925328 0
    outer loop
      vertex -17.771593333 -13.85206 18
      vertex -17.598186667 -13.500066667 10
      vertex -17.598186667 -13.500066667 18
    endloop
  endfacet
  facet normal 0.946780409 -0.321880192 0
    outer loop
      vertex -17.897886667 -14.22354 18
      vertex -17.897886667 -14.22354 10
      vertex -17.771593333 -13.85206 10
    endloop
  endfacet
  facet normal 0.946780409 -0.321880192 0
    outer loop
      vertex -17.897886667 -14.22354 18
      vertex -17.771593333 -13.85206 10
      vertex -17.771593333 -13.85206 18
    endloop
  endfacet
  facet normal 0.98082175 -0.194906886 0
    outer loop
      vertex -17.974353333 -14.60834 18
      vertex -17.974353333 -14.60834 10
      vertex -17.897886667 -14.22354 10
    endloop
  endfacet
  facet normal 0.98082175 -0.194906886 0
    outer loop
      vertex -17.974353333 -14.60834 18
      vertex -17.897886667 -14.22354 10
      vertex -17.897886667 -14.22354 18
    endloop
  endfacet
  facet normal 0.997862326 -0.065351185 0
    outer loop
      vertex -18.000006667 -15.000046667 18
      vertex -18.000006667 -15.000046667 10
      vertex -17.974353333 -14.60834 10
    endloop
  endfacet
  facet normal 0.997862326 -0.065351185 0
    outer loop
      vertex -18.000006667 -15.000046667 18
      vertex -17.974353333 -14.60834 10
      vertex -17.974353333 -14.60834 18
    endloop
  endfacet
  facet normal 0.99785964 0.065392188 0
    outer loop
      vertex -17.974353333 -15.391506667 18
      vertex -17.974353333 -15.391506667 10
      vertex -18.000006667 -15.000046667 10
    endloop
  endfacet
  facet normal 0.99785964 0.065392188 0
    outer loop
      vertex -17.974353333 -15.391506667 18
      vertex -18.000006667 -15.000046667 10
      vertex -18.000006667 -15.000046667 18
    endloop
  endfacet
  facet normal 0.980845613 0.194786765 0
    outer loop
      vertex -17.897886667 -15.776553333 18
      vertex -17.897886667 -15.776553333 10
      vertex -17.974353333 -15.391506667 10
    endloop
  endfacet
  facet normal 0.980845613 0.194786765 0
    outer loop
      vertex -17.897886667 -15.776553333 18
      vertex -17.974353333 -15.391506667 10
      vertex -17.974353333 -15.391506667 18
    endloop
  endfacet
  facet normal 0.946780409 0.321880192 0
    outer loop
      vertex -17.771593333 -16.148033333 18
      vertex -17.771593333 -16.148033333 10
      vertex -17.897886667 -15.776553333 10
    endloop
  endfacet
  facet normal 0.946780409 0.321880192 0
    outer loop
      vertex -17.771593333 -16.148033333 18
      vertex -17.897886667 -15.776553333 10
      vertex -17.897886667 -15.776553333 18
    endloop
  endfacet
  facet normal 0.89705184 0.441925328 0
    outer loop
      vertex -17.598186667 -16.500026667 18
      vertex -17.598186667 -16.500026667 10
      vertex -17.771593333 -16.148033333 10
    endloop
  endfacet
  facet normal 0.89705184 0.441925328 0
    outer loop
      vertex -17.598186667 -16.500026667 18
      vertex -17.771593333 -16.148033333 10
      vertex -17.771593333 -16.148033333 18
    endloop
  endfacet
  facet normal 0.83146971 0.555570086 0
    outer loop
      vertex -17.380133333 -16.826366667 18
      vertex -17.380133333 -16.826366667 10
      vertex -17.598186667 -16.500026667 10
    endloop
  endfacet
  facet normal 0.83146971 0.555570086 0
    outer loop
      vertex -17.380133333 -16.826366667 18
      vertex -17.598186667 -16.500026667 10
      vertex -17.598186667 -16.500026667 18
    endloop
  endfacet
  facet normal 0.75179738 0.659394191 0
    outer loop
      vertex -17.12138 -17.12138 18
      vertex -17.12138 -17.12138 10
      vertex -17.380133333 -16.826366667 10
    endloop
  endfacet
  facet normal 0.75179738 0.659394191 0
    outer loop
      vertex -17.12138 -17.12138 18
      vertex -17.380133333 -16.826366667 10
      vertex -17.380133333 -16.826366667 18
    endloop
  endfacet
  facet normal 0.659394191 0.75179738 0
    outer loop
      vertex -16.826366667 -17.380133333 18
      vertex -16.826366667 -17.380133333 10
      vertex -17.12138 -17.12138 10
    endloop
  endfacet
  facet normal 0.659394191 0.75179738 0
    outer loop
      vertex -16.826366667 -17.380133333 18
      vertex -17.12138 -17.12138 10
      vertex -17.12138 -17.12138 18
    endloop
  endfacet
  facet normal 0.555570086 0.83146971 0
    outer loop
      vertex -16.500026667 -17.598186667 18
      vertex -16.500026667 -17.598186667 10
      vertex -16.826366667 -17.380133333 10
    endloop
  endfacet
  facet normal 0.555570086 0.83146971 0
    outer loop
      vertex -16.500026667 -17.598186667 18
      vertex -16.826366667 -17.380133333 10
      vertex -16.826366667 -17.380133333 18
    endloop
  endfacet
  facet normal 0.441925328 0.89705184 0
    outer loop
      vertex -16.148033333 -17.771593333 18
      vertex -16.148033333 -17.771593333 10
      vertex -16.500026667 -17.598186667 10
    endloop
  endfacet
  facet normal 0.441925328 0.89705184 0
    outer loop
      vertex -16.148033333 -17.771593333 18
      vertex -16.500026667 -17.598186667 10
      vertex -16.500026667 -17.598186667 18
    endloop
  endfacet
  facet normal 0.321880192 0.946780409 0
    outer loop
      vertex -15.776553333 -17.897886667 18
      vertex -15.776553333 -17.897886667 10
      vertex -16.148033333 -17.771593333 10
    endloop
  endfacet
  facet normal 0.321880192 0.946780409 0
    outer loop
      vertex -15.776553333 -17.897886667 18
      vertex -16.148033333 -17.771593333 10
      vertex -16.148033333 -17.771593333 18
    endloop
  endfacet
  facet normal 0.194786765 0.980845613 0
    outer loop
      vertex -15.391506667 -17.974353333 18
      vertex -15.391506667 -17.974353333 10
      vertex -15.776553333 -17.897886667 10
    endloop
  endfacet
  facet normal 0.194786765 0.980845613 0
    outer loop
      vertex -15.391506667 -17.974353333 18
      vertex -15.776553333 -17.897886667 10
      vertex -15.776553333 -17.897886667 18
    endloop
  endfacet
  facet normal 0.065392188 0.99785964 0
    outer loop
      vertex -15.000046667 -18.000006667 18
      vertex -15.000046667 -18.000006667 10
      vertex -15.391506667 -17.974353333 10
    endloop
  endfacet
  facet normal 0.065392188 0.99785964 0
    outer loop
      vertex -15.000046667 -18.000006667 18
      vertex -15.391506667 -17.974353333 10
      vertex -15.391506667 -17.974353333 18
    endloop
  endfacet
  facet normal -0.065351185 0.997862326 0
    outer loop
      vertex -14.60834 -17.974353333 18
      vertex -14.60834 -17.974353333 10
      vertex -15.000046667 -18.000006667 10
    endloop
  endfacet
  facet normal -0.065351185 0.997862326 0
    outer loop
      vertex -14.60834 -17.974353333 18
      vertex -15.000046667 -18.000006667 10
      vertex -15.000046667 -18.000006667 18
    endloop
  endfacet
  facet normal -0.194906886 0.98082175 0
    outer loop
      vertex -14.22354 -17.897886667 18
      vertex -14.22354 -17.897886667 10
      vertex -14.60834 -17.974353333 10
    endloop
  endfacet
  facet normal -0.194906886 0.98082175 0
    outer loop
      vertex -14.22354 -17.897886667 18
      vertex -14.60834 -17.974353333 10
      vertex -14.60834 -17.974353333 18
    endloop
  endfacet
  facet normal -0.321880192 0.946780409 0
    outer loop
      vertex -13.85206 -17.771593333 18
      vertex -13.85206 -17.771593333 10
      vertex -14.22354 -17.897886667 10
    endloop
  endfacet
  facet normal -0.321880192 0.946780409 0
    outer loop
      vertex -13.85206 -17.771593333 18
      vertex -14.22354 -17.897886667 10
      vertex -14.22354 -17.897886667 18
    endloop
  endfacet
  facet normal -0.441925328 0.89705184 0
    outer loop
      vertex -13.500066667 -17.598186667 18
      vertex -13.500066667 -17.598186667 10
      vertex -13.85206 -17.771593333 10
    endloop
  endfacet
  facet normal -0.441925328 0.89705184 0
    outer loop
      vertex -13.500066667 -17.598186667 18
      vertex -13.85206 -17.771593333 10
      vertex -13.85206 -17.771593333 18
    endloop
  endfacet
  facet normal -0.555570086 0.83146971 0
    outer loop
      vertex -13.173726667 -17.380133333 18
      vertex -13.173726667 -17.380133333 10
      vertex -13.500066667 -17.598186667 10
    endloop
  endfacet
  facet normal -0.555570086 0.83146971 0
    outer loop
      vertex -13.173726667 -17.380133333 18
      vertex -13.500066667 -17.598186667 10
      vertex -13.500066667 -17.598186667 18
    endloop
  endfacet
  facet normal -0.659394191 0.75179738 0
    outer loop
      vertex -12.878713333 -17.12138 18
      vertex -12.878713333 -17.12138 10
      vertex -13.173726667 -17.380133333 10
    endloop
  endfacet
  facet normal -0.659394191 0.75179738 0
    outer loop
      vertex -12.878713333 -17.12138 18
      vertex -13.173726667 -17.380133333 10
      vertex -13.173726667 -17.380133333 18
    endloop
  endfacet
  facet normal -0.75179738 0.659394191 0
    outer loop
      vertex -12.61996 -16.826366667 18
      vertex -12.61996 -16.826366667 10
      vertex -12.878713333 -17.12138 10
    endloop
  endfacet
  facet normal -0.75179738 0.659394191 0
    outer loop
      vertex -12.61996 -16.826366667 18
      vertex -12.878713333 -17.12138 10
      vertex -12.878713333 -17.12138 18
    endloop
  endfacet
  facet normal -0.83146971 0.555570086 0
    outer loop
      vertex -12.401906667 -16.500026667 18
      vertex -12.401906667 -16.500026667 10
      vertex -12.61996 -16.826366667 10
    endloop
  endfacet
  facet normal -0.83146971 0.555570086 0
    outer loop
      vertex -12.401906667 -16.500026667 18
      vertex -12.61996 -16.826366667 10
      vertex -12.61996 -16.826366667 18
    endloop
  endfacet
  facet normal -0.89680256 0.442430976 0
    outer loop
      vertex -12.228253333 -16.148033333 18
      vertex -12.228253333 -16.148033333 10
      vertex -12.401906667 -16.500026667 10
    endloop
  endfacet
  facet normal -0.89680256 0.442430976 0
    outer loop
      vertex -12.228253333 -16.148033333 18
      vertex -12.401906667 -16.500026667 10
      vertex -12.401906667 -16.500026667 18
    endloop
  endfacet
  facet normal -0.946971867 0.321316484 0
    outer loop
      vertex -12.102206667 -15.776553333 18
      vertex -12.102206667 -15.776553333 10
      vertex -12.228253333 -16.148033333 10
    endloop
  endfacet
  facet normal -0.946971867 0.321316484 0
    outer loop
      vertex -12.102206667 -15.776553333 18
      vertex -12.228253333 -16.148033333 10
      vertex -12.228253333 -16.148033333 18
    endloop
  endfacet
  facet normal -0.980845613 0.194786765 0
    outer loop
      vertex -12.02574 -15.391506667 18
      vertex -12.02574 -15.391506667 10
      vertex -12.102206667 -15.776553333 10
    endloop
  endfacet
  facet normal -0.980845613 0.194786765 0
    outer loop
      vertex -12.02574 -15.391506667 18
      vertex -12.102206667 -15.776553333 10
      vertex -12.102206667 -15.776553333 18
    endloop
  endfacet
  facet normal 0 0 1
    outer loop
      vertex -25 25 18
      vertex -25 18.000006667 18
      vertex 25 18.000006667 18
    endloop
  endfacet
  facet normal 0 0 1
    outer loop
      vertex -25 25 18
      vertex 25 18.000006667 18
      vertex 25 25 18
    endloop
  endfacet
  facet normal 0 0 1
    outer loop
      vertex 15.000046667 18.000006667 18
      vertex 15.391506667 17.974353333 18
      vertex 25 17.974353333 18
    endloop
  endfacet
  facet normal 0 0 1
    outer loop
      vertex 15.000046667 18.000006667 18
      vertex 25 17.974353333 18
      vertex 25 18.000006667 18
    endloop
  endfacet
  facet normal 0 0 1
    outer loop
      vertex -15.000046667 18.000006667 18
      vertex -14.60834 17.974353333 18
      vertex 14.60834 17.974353333 18
    endloop
  endfacet
  facet normal 0 0 1
    outer loop
      vertex -15.000046667 18.000006667 18
      vertex 14.60834 17.974353333 18
      vertex 15.000046667 18.000006667 18
    endloop
  endfacet
  facet normal 0 0 1
    outer loop
      vertex -25 18.000006667 18
      vertex -25 17.974353333 18
      vertex -15.391506667 17.974353333 18
    endloop
  endfacet
  facet normal 0 0 1
    outer loop
      vertex -25 18.000006667 18
      vertex -15.391506667 17.974353333 18
      vertex -15.000046667 18.000006667 18
    endloop
  endfacet
  facet normal 0 0 1
    outer loop
      vertex 15.391506667 17.974353333 18
      vertex 15.776553333 17.897886667 18
      vertex 25 17.897886667 18
    endloop
  endfacet
  facet normal 0 0 1
    outer loop
      vertex 15.391506667 17.974353333 18
      vertex 25 17.897886667 18
      vertex 25 17.974353333 18
    endloop
  endfacet
  facet normal 0 0 1
    outer loop
      vertex -14.60834 17.974353333 18
      vertex -14.22354 17.897886667 18
      vertex 14.22354 17.897886667 18
    endloop
  endfacet
  facet normal 0 0 1
    outer loop
      vertex -14.60834 17.974353333 18
      vertex 14.22354 17.897886667 18
      vertex 14.60834 17.974353333 18
    endloop
  endfacet
  facet normal 0 0 1
    outer loop
      vertex -25 17.974353333 18
      vertex -25 17.897886667 18
      vertex -15.776553333 17.897886667 18
    endloop
  endfacet
  facet normal 0 0 1
    outer loop
      vertex -25 17.974353333 18
      vertex -15.776553333 17.897886667 18
      vertex -15.391506667 17.974353333 18
    endloop
  endfacet
  facet normal 0 0 1
    outer loop
      vertex 15.776553333 17.897886667 18
      vertex 16.148033333 17.771593333 18
      vertex 25 17.771593333 18
    endloop
  endfacet
  facet normal 0 0 1
    outer loop
      vertex 15.776553333 17.897886667 18
      vertex 25 17.771593333 18
      vertex 25 17.897886667 18
    endloop
  endfacet
  facet normal 0 0 1
    outer loop
      vertex -14.22354 17.897886667 18
      vertex -13.85206 17.771593333 18
      vertex 13.85206 17.771593333 18
    endloop
  endfacet
  facet normal 0 0 1
    outer loop
      vertex -14.22354 17.897886667 18
      vertex 13.85206 17.771593333 18
      vertex 14.22354 17.897886667 18
    endloop
  endfacet
  facet normal 0 0 1
    outer loop
      vertex -25 17.897886667 18
      vertex -25 17.771593333 18
      vertex -16.148033333 17.771593333 18
    endloop
  endfacet
  facet normal 0 0 1
    outer loop
      vertex -25 17.897886667 18
      vertex -16.148033333 17.771593333 18
      vertex -15.776553333 17.897886667 18
    endloop
  endfacet
  facet normal 0 0 1
    outer loop
      vertex 16.148033333 17.771593333 18
      vertex 16.500026667 17.598186667 18
      vertex 25 17.598186667 18
    endloop
  endfacet
  facet normal 0 0 1
    outer loop
      vertex 16.148033333 17.771593333 18
      vertex 25 17.598186667 18
      vertex 25 17.771593333 18
    endloop
  endfacet
  facet normal 0 0 1
    outer loop
      vertex -13.85206 17.771593333 18
      vertex -13.500066667 17.598186667 18
      vertex 13.500066667 17.598186667 18
    endloop
  endfacet
  facet normal 0 0 1
    outer loop
      vertex -13.85206 17.771593333 18
      vertex 13.500066667 17.598186667 18
      vertex 13.85206 17.771593333 18
    endloop
  endfacet
  facet normal 0 0 1
    outer loop
      vertex -25 17.771593333 18
      vertex -25 17.598186667 18
      vertex -16.500026667 17.598186667 18
    endloop
  endfacet
  facet normal 0 0 1
    outer loop
      vertex -25 17.771593333 18
      vertex -16.500026667 17.598186667 18
      vertex -16.148033333 17.771593333 18
    endloop
  endfacet
  facet normal 0 0 1
    outer loop
      vertex 16.500026667 17.598186667 18
      vertex 16.826366667 17.380133333 18
      vertex 25 17.380133333 18
    endloop
  endfacet
  facet normal 0 0 1
    outer loop
      vertex 16.500026667 17.598186667 18
      vertex 25 17.380133333 18
      vertex 25 17.598186667 18
    endloop
  endfacet
  facet normal 0 0 1
    outer loop
      vertex -13.500066667 17.598186667 18
      vertex -13.173726667 17.380133333 18
      vertex 13.173726667 17.380133333 18
    endloop
  endfacet
  facet normal 0 0 1
    outer loop
      vertex -13.500066667 17.598186667 18
      vertex 13.173726667 17.380133333 18
      vertex 13.500066667 17.598186667 18
    endloop
  endfacet
  facet normal 0 0 1
    outer loop
      vertex -25 17.598186667 18
      vertex -25 17.380133333 18
      vertex -16.826366667 17.380133333 18
    endloop
  endfacet
  facet normal 0 0 1
    outer loop
      vertex -25 17.598186667 18
      vertex -16.826366667 17.380133333 18
      vertex -16.500026667 17.598186667 18
    endloop
  endfacet
  facet normal 0 0 1
    outer loop
      vertex 16.826366667 17.380133333 18
      vertex 17.12138 17.12138 18
      vertex 25 17.12138 18
    endloop
  endfacet
  facet normal 0 0 1
    outer loop
      vertex 16.826366667 17.380133333 18
      vertex 25 17.12138 18
      vertex 25 17.380133333 18
    endloop
  endfacet
  facet normal 0 0 1
    outer loop
      vertex -13.173726667 17.380133333 18
      vertex -12.878713333 17.12138 18
      vertex 12.878713333 17.12138 18
    endloop
  endfacet
  facet normal 0 0 1
    outer loop
      vertex -13.173726667 17.380133333 18
      vertex 12.878713333 17.12138 18
      vertex 13.173726667 17.380133333 18
    endloop
  endfacet
  facet normal 0 0 1
    outer loop
      vertex -25 17.380133333 18
      vertex -25 17.12138 18
      vertex -17.12138 17.12138 18
    endloop
  endfacet
  facet normal 0 0 1
    outer loop
      vertex -25 17.380133333 18
      vertex -17.12138 17.12138 18
      vertex -16.826366667 17.380133333 18
    endloop
  endfacet
  facet normal 0 0 1
    outer loop
      vertex 17.12138 17.12138 18
      vertex 17.380133333 16.826366667 18
      vertex 25 16.826366667 18
    endloop
  endfacet
  facet normal 0 0 1
    outer loop
      vertex 17.12138 17.12138 18
      vertex 25 16.826366667 18
      vertex 25 17.12138 18
    endloop
  endfacet
  facet normal 0 0 1
    outer loop
      vertex -12.878713333 17.12138 18
      vertex -12.61996 16.826366667 18
      vertex 12.61996 16.826366667 18
    endloop
  endfacet
  facet normal 0 0 1
    outer loop
      vertex -12.878713333 17.12138 18
      vertex 12.61996 16.826366667 18
      vertex 12.878713333 17.12138 18
    endloop
  endfacet
  facet normal 0 0 1
    outer loop
      vertex -25 17.12138 18
      vertex -25 16.826366667 18
      vertex -17.380133333 16.826366667 18
    endloop
  endfacet
  facet normal 0 0 1
    outer loop
      vertex -25 17.12138 18
      vertex -17.380133333 16.826366667 18
      vertex -17.12138 17.12138 18
    endloop
  endfacet
  facet normal 0 0 1
    outer loop
      vertex 17.380133333 16.826366667 18
      vertex 17.598186667 16.500026667 18
      vertex 25 16.500026667 18
    endloop
  endfacet
  facet normal 0 0 1
    outer loop
      vertex 17.380133333 16.826366667 18
      vertex 25 16.500026667 18
      vertex 25 16.826366667 18
    endloop
  endfacet
  facet normal 0 0 1
    outer loop
      vertex -12.61996 16.826366667 18
      vertex -12.401906667 16.500026667 18
      vertex 12.401906667 16.500026667 18
    endloop
  endfacet
  facet normal 0 0 1
    outer loop
      vertex -12.61996 16.826366667 18
      vertex 12.401906667 16.500026667 18
      vertex 12.61996 16.826366667 18
    endloop
  endfacet
  facet normal 0 0 1
    outer loop
      vertex -25 16.826366667 18
      vertex -25 16.500026667 18
      vertex -17.598186667 16.500026667 18
    endloop
  endfacet
  facet normal 0 0 1
    outer loop
      vertex -25 16.826366667 18
      vertex -17.598186667 16.500026667 18
      vertex -17.380133333 16.826366667 18
    endloop
  endfacet
  facet normal 0 0 1
    outer loop
      vertex 17.598186667 16.500026667 18
      vertex 17.771593333 16.148033333 18
      vertex 25 16.148033333 18
    endloop
  endfacet
  facet normal 0 0 1
    outer loop
      vertex 17.598186667 16.500026667 18
      vertex 25 16.148033333 18
      vertex 25 16.500026667 18
    endloop
  endfacet
  facet normal 0 0 1
    outer loop
      vertex -12.401906667 16.500026667 18
      vertex -12.228253333 16.148033333 18
      vertex 12.228253333 16.148033333 18
    endloop
  endfacet
  facet normal 0 0 1
    outer loop
      vertex -12.401906667 16.500026667 18
      vertex 12.228253333 16.148033333 18
      vertex 12.401906667 16.500026667 18
    endloop
  endfacet
  facet normal 0 0 1
    outer loop
      vertex -25 16.500026667 18
      vertex -25 16.148033333 18
      vertex -17.771593333 16.148033333 18
    endloop
  endfacet
  facet normal 0 0 1
    outer loop
      vertex -25 16.500026667 18
      vertex -17.771593333 16.148033333 18
      vertex -17.598186667 16.500026667 18
    endloop
  endfacet
  facet normal 0 0 1
    outer loop
      vertex 17.771593333 16.148033333 18
      vertex 17.897886667 15.776553333 18
      vertex 25 15.776553333 18
    endloop
  endfacet
  facet normal 0 0 1
    outer loop
      vertex 17.771593333 16.148033333 18
      vertex 25 15.776553333 18
      vertex 25 16.148033333 18
    endloop
  endfacet
  facet normal 0 0 1
    outer loop
      vertex -12.228253333 16.148033333 18
      vertex -12.102206667 15.776553333 18
      vertex 12.102206667 15.776553333 18
    endloop
  endfacet
  facet normal 0 0 1
    outer loop
      vertex -12.228253333 16.148033333 18
      vertex 12.102206667 15.776553333 18
      vertex 12.228253333 16.148033333 18
    endloop
  endfacet
  facet normal 0 0 1
    outer loop
      vertex -25 16.148033333 18
      vertex -25 15.776553333 18
      vertex -17.897886667 15.776553333 18
    endloop
  endfacet
  facet normal 0 0 1
    outer loop
      vertex -25 16.148033333 18
      vertex -17.897886667 15.776553333 18
      vertex -17.771593333 16.148033333 18
    endloop
  endfacet
  facet normal 0 0 1
    outer loop
      vertex 17.897886667 15.776553333 18
      vertex 17.974353333 15.391506667 18
      vertex 25 15.391506667 18
    endloop
  endfacet
  facet normal 0 0 1
    outer loop
      vertex 17.897886667 15.776553333 18
      vertex 25 15.391506667 18
      vertex 25 15.776553333 18
    endloop
  endfacet
  facet normal 0 0 1
    outer loop
      vertex -12.102206667 15.776553333 18
      vertex -12.02574 15.391506667 18
      vertex 12.02574 15.391506667 18
    endloop
  endfacet
  facet normal 0 0 1
    outer loop
      vertex -12.102206667 15.776553333 18
      vertex 12.02574 15.391506667 18
      vertex 12.102206667 15.776553333 18
    endloop
  endfacet
  facet normal 0 0 1
    outer loop
      vertex -25 15.776553333 18
      vertex -25 15.391506667 18
      vertex -17.974353333 15.391506667 18
    endloop
  endfacet
  facet normal 0 0 1
    outer loop
      vertex -25 15.776553333 18
      vertex -17.974353333 15.391506667 18
      vertex -17.897886667 15.776553333 18
    endloop
  endfacet
  facet normal 0 0 1
    outer loop
      vertex 17.974353333 15.391506667 18
      vertex 18.000006667 15.000046667 18
      vertex 25 15.000046667 18
    endloop
  endfacet
  facet normal 0 0 1
    outer loop
      vertex 17.974353333 15.391506667 18
      vertex 25 15.000046667 18
      vertex 25 15.391506667 18
    endloop
  endfacet
  facet normal 0 0 1
    outer loop
      vertex -12.02574 15.391506667 18
      vertex -12.000086667 15.000046667 18
      vertex 12.000086667 15.000046667 18
    endloop
  endfacet
  facet normal 0 0 1
    outer loop
      vertex -12.02574 15.391506667 18
      vertex 12.000086667 15.000046667 18
      vertex 12.02574 15.391506667 18
    endloop
  endfacet
  facet normal 0 0 1
    outer loop
      vertex -25 15.391506667 18
      vertex -25 15.000046667 18
      vertex -18.000006667 15.000046667 18
    endloop
  endfacet
  facet normal 0 0 1
    outer loop
      vertex -25 15.391506667 18
      vertex -18.000006667 15.000046667 18
      vertex -17.974353333 15.391506667 18
    endloop
  endfacet
  facet normal 0 0 1
    outer loop
      vertex 18.000006667 15.000046667 18
      vertex 17.974353333 14.60834 18
      vertex 25 14.60834 18
    endloop
  endfacet
  facet normal 0 0 1
    outer loop
      vertex 18.000006667 15.000046667 18
      vertex 25 14.60834 18
      vertex 25 15.000046667 18
    endloop
  endfacet
  facet normal 0 0 1
    outer loop
      vertex -12.000086667 15.000046667 18
      vertex -12.02574 14.60834 18
      vertex 12.02574 14.60834 18
    endloop
  endfacet
  facet normal 0 0 1
    outer loop
      vertex -12.000086667 15.000046667 18
      vertex 12.02574 14.60834 18
      vertex 12.000086667 15.000046667 18
    endloop
  endfacet
  facet normal 0 0 1
    outer loop
      vertex -25 15.000046667 18
      vertex -25 14.60834 18
      vertex -17.974353333 14.60834 18
    endloop
  endfacet
  facet normal 0 0 1
    outer loop
      vertex -25 15.000046667 18
      vertex -17.974353333 14.60834 18
      vertex -18.000006667 15.000046667 18
    endloop
  endfacet
  facet normal 0 0 1
    outer loop
      vertex 17.974353333 14.60834 18
      vertex 17.897886667 14.22354 18
      vertex 25 14.22354 18
    endloop
  endfacet
  facet normal 0 0 1
    outer loop
      vertex 17.974353333 14.60834 18
      vertex 25 14.22354 18
      vertex 25 14.60834 18
    endloop
  endfacet
  facet normal 0 0 1
    outer loop
      vertex -12.02574 14.60834 18
      vertex -12.102206667 14.22354 18
      vertex 12.102206667 14.22354 18
    endloop
  endfacet
  facet normal 0 0 1
    outer loop
      vertex -12.02574 14.60834 18
      vertex 12.102206667 14.22354 18
      vertex 12.02574 14.60834 18
    endloop
  endfacet
  facet normal 0 0 1
    outer loop
      vertex -25 14.60834 18
      vertex -25 14.22354 18
      vertex -17.897886667 14.22354 18
    endloop
  endfacet
  facet normal 0 0 1
    outer loop
      vertex -25 14.60834 18
      vertex -17.897886667 14.22354 18
      vertex -17.974353333 14.60834 18
    endloop
  endfacet
  facet normal 0 0 1
    outer loop
      vertex 17.897886667 14.22354 18
      vertex 17.771593333 13.85206 18
      vertex 25 13.85206 18
    endloop
  endfacet
  facet normal 0 0 1
    outer loop
      vertex 17.897886667 14.22354 18
      vertex 25 13.85206 18
      vertex 25 14.22354 18
    endloop
  endfacet
  facet normal 0 0 1
    outer loop
      vertex -12.102206667 14.22354 18
      vertex -12.228253333 13.85206 18
      vertex 12.228253333 13.85206 18
    endloop
  endfacet
  facet normal 0 0 1
    outer loop
      vertex -12.102206667 14.22354 18
      vertex 12.228253333 13.85206 18
      vertex 12.102206667 14.22354 18
    endloop
  endfacet
  facet normal 0 0 1
    outer loop
      vertex -25 14.22354 18
      vertex -25 13.85206 18
      vertex -17.771593333 13.85206 18
    endloop
  endfacet
  facet normal 0 0 1
    outer loop
      vertex -25 14.22354 18
      vertex -17.771593333 13.85206 18
      vertex -17.897886667 14.22354 18
    endloop
  endfacet
  facet normal 0 0 1
    outer loop
      vertex 17.771593333 13.85206 18
      vertex 17.598186667 13.500066667 18
      vertex 25 13.500066667 18
    endloop
  endfacet
  facet normal 0 0 1
    outer loop
      vertex 17.771593333 13.85206 18
      vertex 25 13.500066667 18
      vertex 25 13.85206 18
    endloop
  endfacet
  facet normal 0 0 1
    outer loop
      vertex -12.228253333 13.85206 18
      vertex -12.401906667 13.500066667 18
      vertex 12.401906667 13.500066667 18
    endloop
  endfacet
  facet normal 0 0 1
    outer loop
      vertex -12.228253333 13.85206 18
      vertex 12.401906667 13.500066667 18
      vertex 12.228253333 13.85206 18
    endloop
  endfacet
  facet normal 0 0 1
    outer loop
      vertex -25 13.85206 18
      vertex -25 13.500066667 18
      vertex -17.598186667 13.500066667 18
    endloop
  endfacet
  facet normal 0 0 1
    outer loop
      vertex -25 13.85206 18
      vertex -17.598186667 13.500066667 18
      vertex -17.771593333 13.85206 18
    endloop
  endfacet
  facet normal 0 0 1
    outer loop
      vertex 17.598186667 13.500066667 18
      vertex 17.380133333 13.173726667 18
      vertex 25 13.173726667 18
    endloop
  endfacet
  facet normal 0 0 1
    outer loop
      vertex 17.598186667 13.500066667 18
      vertex 25 13.173726667 18
      vertex 25 13.500066667 18
    endloop
  endfacet
  facet normal 0 0 1
    outer loop
      vertex -12.401906667 13.500066667 18
      vertex -12.61996 13.173726667 18
      vertex 12.61996 13.173726667 18
    endloop
  endfacet
  facet normal 0 0 1
    outer loop
      vertex -12.401906667 13.500066667 18
      vertex 12.61996 13.173726667 18
      vertex 12.401906667 13.500066667 18
    endloop
  endfacet
  facet normal 0 0 1
    outer loop
      vertex -25 13.500066667 18
      vertex -25 13.173726667 18
      vertex -17.380133333 13.173726667 18
    endloop
  endfacet
  facet normal 0 0 1
    outer loop
      vertex -25 13.500066667 18
      vertex -17.380133333 13.173726667 18
      vertex -17.598186667 13.500066667 18
    endloop
  endfacet
  facet normal 0 0 1
    outer loop
      vertex 17.380133333 13.173726667 18
      vertex 17.12138 12.878713333 18
      vertex 25 12.878713333 18
    endloop
  endfacet
  facet normal 0 0 1
    outer loop
      vertex 17.380133333 13.173726667 18
      vertex 25 12.878713333 18
      vertex 25 13.173726667 18
    endloop
  endfacet
  facet normal 0 0 1
    outer loop
      vertex -12.61996 13.173726667 18
      vertex -12.878713333 12.878713333 18
      vertex 12.878713333 12.878713333 18
    endloop
  endfacet
  facet normal 0 0 1
    outer loop
      vertex -12.61996 13.173726667 18
      vertex 12.878713333 12.878713333 18
      vertex 12.61996 13.173726667 18
    endloop
  endfacet
  facet normal 0 0 1
    outer loop
      vertex -25 13.173726667 18
      vertex -25 12.878713333 18
      vertex -17.12138 12.878713333 18
    endloop
  endfacet
  facet normal 0 0 1
    outer loop
      vertex -25 13.173726667 18
      vertex -17.12138 12.878713333 18
      vertex -17.380133333 13.173726667 18
    endloop
  endfacet
  facet normal 0 0 1
    outer loop
      vertex 17.12138 12.878713333 18
      vertex 16.826366667 12.61996 18
      vertex 25 12.61996 18
    endloop
  endfacet
  facet normal 0 0 1
    outer loop
      vertex 17.12138 12.878713333 18
      vertex 25 12.61996 18
      vertex 25 12.878713333 18
    endloop
  endfacet
  facet normal 0 0 1
    outer loop
      vertex -12.878713333 12.878713333 18
      vertex -13.173726667 12.61996 18
      vertex 13.173726667 12.61996 18
    endloop
  endfacet
  facet normal 0 0 1
    outer loop
      vertex -12.878713333 12.878713333 18
      vertex 13.173726667 12.61996 18
      vertex 12.878713333 12.878713333 18
    endloop
  endfacet
  facet normal 0 0 1
    outer loop
      vertex -25 12.878713333 18
      vertex -25 12.61996 18
      vertex -16.826366667 12.61996 18
    endloop
  endfacet
  facet normal 0 0 1
    outer loop
      vertex -25 12.878713333 18
      vertex -16.826366667 12.61996 18
      vertex -17.12138 12.878713333 18
    endloop
  endfacet
  facet normal 0 0 1
    outer loop
      vertex 16.826366667 12.61996 18
      vertex 16.500026667 12.401906667 18
      vertex 25 12.401906667 18
    endloop
  endfacet
  facet normal 0 0 1
    outer loop
      vertex 16.826366667 12.61996 18
      vertex 25 12.401906667 18
      vertex 25 12.61996 18
    endloop
  endfacet
  facet normal 0 0 1
    outer loop
      vertex -13.173726667 12.61996 18
      vertex -13.500066667 12.401906667 18
      vertex 13.500066667 12.401906667 18
    endloop
  endfacet
  facet normal 0 0 1
    outer loop
      vertex -13.173726667 12.61996 18
      vertex 13.500066667 12.401906667 18
      vertex 13.173726667 12.61996 18
    endloop
  endfacet
  facet normal 0 0 1
    outer loop
      vertex -25 12.61996 18
      vertex -25 12.401906667 18
      vertex -16.500026667 12.401906667 18
    endloop
  endfacet
  facet normal 0 0 1
    outer loop
      vertex -25 12.61996 18
      vertex -16.500026667 12.401906667 18
      vertex -16.826366667 12.61996 18
    endloop
  endfacet
  facet normal 0 0 1
    outer loop
      vertex 16.500026667 12.401906667 18
      vertex 16.148033333 12.228253333 18
      vertex 25 12.228253333 18
    endloop
  endfacet
  facet normal 0 0 1
    outer loop
      vertex 16.500026667 12.401906667 18
      vertex 25 12.228253333 18
      vertex 25 12.401906667 18
    endloop
  endfacet
  facet normal 0 0 1
    outer loop
      vertex -13.500066667 12.401906667 18
      vertex -13.85206 12.228253333 18
      vertex 13.85206 12.228253333 18
    endloop
  endfacet
  facet normal 0 0 1
    outer loop
      vertex -13.500066667 12.401906667 18
      vertex 13.85206 12.228253333 18
      vertex 13.500066667 12.401906667 18
    endloop
  endfacet
  facet normal 0 0 1
    outer loop
      vertex -25 12.401906667 18
      vertex -25 12.228253333 18
      vertex -16.148033333 12.228253333 18
    endloop
  endfacet
  facet normal 0 0 1
    outer loop
      vertex -25 12.401906667 18
      vertex -16.148033333 12.228253333 18
      vertex -16.500026667 12.401906667 18
    endloop
  endfacet
  facet normal 0 0 1
    outer loop
      vertex 16.148033333 12.228253333 18
      vertex 15.776553333 12.102206667 18
      vertex 25 12.102206667 18
    endloop
  endfacet
  facet normal 0 0 1
    outer loop
      vertex 16.148033333 12.228253333 18
      vertex 25 12.102206667 18
      vertex 25 12.228253333 18
    endloop
  endfacet
  facet normal 0 0 1
    outer loop
      vertex -13.85206 12.228253333 18
      vertex -14.22354 12.102206667 18
      vertex 14.22354 12.102206667 18
    endloop
  endfacet
  facet normal 0 0 1
    outer loop
      vertex -13.85206 12.228253333 18
      vertex 14.22354 12.102206667 18
      vertex 13.85206 12.228253333 18
    endloop
  endfacet
  facet normal 0 0 1
    outer loop
      vertex -25 12.228253333 18
      vertex -25 12.102206667 18
      vertex -15.776553333 12.102206667 18
    endloop
  endfacet
  facet normal 0 0 1
    outer loop
      vertex -25 12.228253333 18
      vertex -15.776553333 12.102206667 18
      vertex -16.148033333 12.228253333 18
    endloop
  endfacet
  facet normal 0 0 1
    outer loop
      vertex 15.776553333 12.102206667 18
      vertex 15.391506667 12.02574 18
      vertex 25 12.02574 18
    endloop
  endfacet
  facet normal 0 0 1
    outer loop
      vertex 15.776553333 12.102206667 18
      vertex 25 12.02574 18
      vertex 25 12.102206667 18
    endloop
  endfacet
  facet normal 0 0 1
    outer loop
      vertex -14.22354 12.102206667 18
      vertex -14.60834 12.02574 18
      vertex 14.60834 12.02574 18
    endloop
  endfacet
  facet normal 0 0 1
    outer loop
      vertex -14.22354 12.102206667 18
      vertex 14.60834 12.02574 18
      vertex 14.22354 12.102206667 18
    endloop
  endfacet
  facet normal 0 0 1
    outer loop
      vertex -25 12.102206667 18
      vertex -25 12.02574 18
      vertex -15.391506667 12.02574 18
    endloop
  endfacet
  facet normal 0 0 1
    outer loop
      vertex -25 12.102206667 18
      vertex -15.391506667 12.02574 18
      vertex -15.776553333 12.102206667 18
    endloop
  endfacet
  facet normal 0 0 1
    outer loop
      vertex 15.391506667 12.02574 18
      vertex 15.000046667 12.000086667 18
      vertex 25 12.000086667 18
    endloop
  endfacet
  facet normal 0 0 1
    outer loop
      vertex 15.391506667 12.02574 18
      vertex 25 12.000086667 18
      vertex 25 12.02574 18
    endloop
  endfacet
  facet normal 0 0 1
    outer loop
      vertex -14.60834 12.02574 18
      vertex -15.000046667 12.000086667 18
      vertex 15.000046667 12.000086667 18
    endloop
  endfacet
  facet normal 0 0 1
    outer loop
      vertex -14.60834 12.02574 18
      vertex 15.000046667 12.000086667 18
      vertex 14.60834 12.02574 18
    endloop
  endfacet
  facet normal 0 0 1
    outer loop
      vertex -25 12.02574 18
      vertex -25 12.000086667 18
      vertex -15.000046667 12.000086667 18
    endloop
  endfacet
  facet normal 0 0 1
    outer loop
      vertex -25 12.02574 18
      vertex -15.000046667 12.000086667 18
      vertex -15.391506667 12.02574 18
    endloop
  endfacet
  facet normal 0 0 1
    outer loop
      vertex -25 12.000086667 18
      vertex -25 -12.000086667 18
      vertex 25 -12.000086667 18
    endloop
  endfacet
  facet normal 0 0 1
    outer loop
      vertex -25 12.000086667 18
      vertex 25 -12.000086667 18
      vertex 25 12.000086667 18
    endloop
  endfacet
  facet normal 0 0 1
    outer loop
      vertex 15.000046601 -12.000086667 18
      vertex 15.391506667 -12.02574 18
      vertex 25 -12.02574 18
    endloop
  endfacet
  facet normal 0 0 1
    outer loop
      vertex 15.000046601 -12.000086667 18
      vertex 25 -12.02574 18
      vertex 25 -12.000086667 18
    endloop
  endfacet
  facet normal 0 0 1
    outer loop
      vertex -15.000046667 -12.000086667 18
      vertex -14.60834 -12.02574 18
      vertex 14.60834 -12.02574 18
    endloop
  endfacet
  facet normal 0 0 1
    outer loop
      vertex -15.000046667 -12.000086667 18
      vertex 14.60834 -12.02574 18
      vertex 15.000046667 -12.000086667 18
    endloop
  endfacet
  facet normal 0 0 1
    outer loop
      vertex -25 -12.000086667 18
      vertex -25 -12.02574 18
      vertex -15.391506667 -12.02574 18
    endloop
  endfacet
  facet normal 0 0 1
    outer loop
      vertex -25 -12.000086667 18
      vertex -15.391506667 -12.02574 18
      vertex -15.000046667 -12.000086667 18
    endloop
  endfacet
  facet normal 0 0 1
    outer loop
      vertex 15.391506667 -12.02574 18
      vertex 15.776553333 -12.102206667 18
      vertex 25 -12.102206667 18
    endloop
  endfacet
  facet normal 0 0 1
    outer loop
      vertex 15.391506667 -12.02574 18
      vertex 25 -12.102206667 18
      vertex 25 -12.02574 18
    endloop
  endfacet
  facet normal 0 0 1
    outer loop
      vertex -14.60834 -12.02574 18
      vertex -14.22354 -12.102206667 18
      vertex 14.223540075 -12.102206667 18
    endloop
  endfacet
  facet normal 0 0 1
    outer loop
      vertex -14.60834 -12.02574 18
      vertex 14.223540075 -12.102206667 18
      vertex 14.60834 -12.02574 18
    endloop
  endfacet
  facet normal 0 0 1
    outer loop
      vertex -25 -12.02574 18
      vertex -25 -12.102206667 18
      vertex -15.776553333 -12.102206667 18
    endloop
  endfacet
  facet normal 0 0 1
    outer loop
      vertex -25 -12.02574 18
      vertex -15.776553333 -12.102206667 18
      vertex -15.391506667 -12.02574 18
    endloop
  endfacet
  facet normal 0 0 1
    outer loop
      vertex 15.776553333 -12.102206667 18
      vertex 16.148033333 -12.228253333 18
      vertex 25 -12.228253333 18
    endloop
  endfacet
  facet normal 0 0 1
    outer loop
      vertex 15.776553333 -12.102206667 18
      vertex 25 -12.228253333 18
      vertex 25 -12.102206667 18
    endloop
  endfacet
  facet normal 0 0 1
    outer loop
      vertex -14.22354 -12.102206667 18
      vertex -13.85206 -12.228253333 18
      vertex 13.85206 -12.228253333 18
    endloop
  endfacet
  facet normal 0 0 1
    outer loop
      vertex -14.22354 -12.102206667 18
      vertex 13.85206 -12.228253333 18
      vertex 14.22354 -12.102206667 18
    endloop
  endfacet
  facet normal 0 0 1
    outer loop
      vertex -25 -12.102206667 18
      vertex -25 -12.228253333 18
      vertex -16.148033333 -12.228253333 18
    endloop
  endfacet
  facet normal 0 0 1
    outer loop
      vertex -25 -12.102206667 18
      vertex -16.148033333 -12.228253333 18
      vertex -15.776553333 -12.102206667 18
    endloop
  endfacet
  facet normal 0 0 1
    outer loop
      vertex 16.148033333 -12.228253333 18
      vertex 16.500026667 -12.401906667 18
      vertex 25 -12.401906667 18
    endloop
  endfacet
  facet normal 0 0 1
    outer loop
      vertex 16.148033333 -12.228253333 18
      vertex 25 -12.401906667 18
      vertex 25 -12.228253333 18
    endloop
  endfacet
  facet normal 0 0 1
    outer loop
      vertex -13.85206 -12.228253333 18
      vertex -13.500066667 -12.401906667 18
      vertex 13.500066667 -12.401906667 18
    endloop
  endfacet
  facet normal 0 0 1
    outer loop
      vertex -13.85206 -12.228253333 18
      vertex 13.500066667 -12.401906667 18
      vertex 13.85206 -12.228253333 18
    endloop
  endfacet
  facet normal 0 0 1
    outer loop
      vertex -25 -12.228253333 18
      vertex -25 -12.401906667 18
      vertex -16.500026667 -12.401906667 18
    endloop
  endfacet
  facet normal 0 0 1
    outer loop
      vertex -25 -12.228253333 18
      vertex -16.500026667 -12.401906667 18
      vertex -16.148033333 -12.228253333 18
    endloop
  endfacet
  facet normal 0 0 1
    outer loop
      vertex 16.500026667 -12.401906667 18
      vertex 16.826366667 -12.61996 18
      vertex 25 -12.61996 18
    endloop
  endfacet
  facet normal 0 0 1
    outer loop
      vertex 16.500026667 -12.401906667 18
      vertex 25 -12.61996 18
      vertex 25 -12.401906667 18
    endloop
  endfacet
  facet normal 0 0 1
    outer loop
      vertex -13.500066667 -12.401906667 18
      vertex -13.173726667 -12.61996 18
      vertex 13.173726667 -12.61996 18
    endloop
  endfacet
  facet normal 0 0 1
    outer loop
      vertex -13.500066667 -12.401906667 18
      vertex 13.173726667 -12.61996 18
      vertex 13.500066667 -12.401906667 18
    endloop
  endfacet
  facet normal 0 0 1
    outer loop
      vertex -25 -12.401906667 18
      vertex -25 -12.61996 18
      vertex -16.826366667 -12.61996 18
    endloop
  endfacet
  facet normal 0 0 1
    outer loop
      vertex -25 -12.401906667 18
      vertex -16.826366667 -12.61996 18
      vertex -16.500026667 -12.401906667 18
    endloop
  endfacet
  facet normal 0 0 1
    outer loop
      vertex 16.826366667 -12.61996 18
      vertex 17.12138 -12.878713333 18
      vertex 25 -12.878713333 18
    endloop
  endfacet
  facet normal 0 0 1
    outer loop
      vertex 16.826366667 -12.61996 18
      vertex 25 -12.878713333 18
      vertex 25 -12.61996 18
    endloop
  endfacet
  facet normal 0 0 1
    outer loop
      vertex -13.173726667 -12.61996 18
      vertex -12.878713333 -12.878713333 18
      vertex 12.878713333 -12.878713333 18
    endloop
  endfacet
  facet normal 0 0 1
    outer loop
      vertex -13.173726667 -12.61996 18
      vertex 12.878713333 -12.878713333 18
      vertex 13.173726667 -12.61996 18
    endloop
  endfacet
  facet normal 0 0 1
    outer loop
      vertex -25 -12.61996 18
      vertex -25 -12.878713333 18
      vertex -17.12138 -12.878713333 18
    endloop
  endfacet
  facet normal 0 0 1
    outer loop
      vertex -25 -12.61996 18
      vertex -17.12138 -12.878713333 18
      vertex -16.826366667 -12.61996 18
    endloop
  endfacet
  facet normal 0 0 1
    outer loop
      vertex 17.12138 -12.878713333 18
      vertex 17.380133333 -13.173726667 18
      vertex 25 -13.173726667 18
    endloop
  endfacet
  facet normal 0 0 1
    outer loop
      vertex 17.12138 -12.878713333 18
      vertex 25 -13.173726667 18
      vertex 25 -12.878713333 18
    endloop
  endfacet
  facet normal 0 0 1
    outer loop
      vertex -12.878713333 -12.878713333 18
      vertex -12.61996 -13.173726667 18
      vertex 12.61996 -13.173726667 18
    endloop
  endfacet
  facet normal 0 0 1
    outer loop
      vertex -12.878713333 -12.878713333 18
      vertex 12.61996 -13.173726667 18
      vertex 12.878713333 -12.878713333 18
    endloop
  endfacet
  facet normal 0 0 1
    outer loop
      vertex -25 -12.878713333 18
      vertex -25 -13.173726667 18
      vertex -17.380133333 -13.173726667 18
    endloop
  endfacet
  facet normal 0 0 1
    outer loop
      vertex -25 -12.878713333 18
      vertex -17.380133333 -13.173726667 18
      vertex -17.12138 -12.878713333 18
    endloop
  endfacet
  facet normal 0 0 1
    outer loop
      vertex 17.380133333 -13.173726667 18
      vertex 17.598186667 -13.500066667 18
      vertex 25 -13.500066667 18
    endloop
  endfacet
  facet normal 0 0 1
    outer loop
      vertex 17.380133333 -13.173726667 18
      vertex 25 -13.500066667 18
      vertex 25 -13.173726667 18
    endloop
  endfacet
  facet normal 0 0 1
    outer loop
      vertex -12.61996 -13.173726667 18
      vertex -12.401906667 -13.500066667 18
      vertex 12.401906667 -13.500066667 18
    endloop
  endfacet
  facet normal 0 0 1
    outer loop
      vertex -12.61996 -13.173726667 18
      vertex 12.401906667 -13.500066667 18
      vertex 12.61996 -13.173726667 18
    endloop
  endfacet
  facet normal 0 0 1
    outer loop
      vertex -25 -13.173726667 18
      vertex -25 -13.500066667 18
      vertex -17.598186667 -13.500066667 18
    endloop
  endfacet
  facet normal 0 0 1
    outer loop
      vertex -25 -13.173726667 18
      vertex -17.598186667 -13.500066667 18
      vertex -17.380133333 -13.173726667 18
    endloop
  endfacet
  facet normal 0 0 1
    outer loop
      vertex 17.598186667 -13.500066667 18
      vertex 17.771593333 -13.85206 18
      vertex 25 -13.85206 18
    endloop
  endfacet
  facet normal 0 0 1
    outer loop
      vertex 17.598186667 -13.500066667 18
      vertex 25 -13.85206 18
      vertex 25 -13.500066667 18
    endloop
  endfacet
  facet normal 0 0 1
    outer loop
      vertex -12.401906667 -13.500066667 18
      vertex -12.228253333 -13.85206 18
      vertex 12.228253333 -13.85206 18
    endloop
  endfacet
  facet normal 0 0 1
    outer loop
      vertex -12.401906667 -13.500066667 18
      vertex 12.228253333 -13.85206 18
      vertex 12.401906667 -13.500066667 18
    endloop
  endfacet
  facet normal 0 0 1
    outer loop
      vertex -25 -13.500066667 18
      vertex -25 -13.85206 18
      vertex -17.771593333 -13.85206 18
    endloop
  endfacet
  facet normal 0 0 1
    outer loop
      vertex -25 -13.500066667 18
      vertex -17.771593333 -13.85206 18
      vertex -17.598186667 -13.500066667 18
    endloop
  endfacet
  facet normal 0 0 1
    outer loop
      vertex 17.771593333 -13.85206 18
      vertex 17.897886667 -14.22354 18
      vertex 25 -14.22354 18
    endloop
  endfacet
  facet normal 0 0 1
    outer loop
      vertex 17.771593333 -13.85206 18
      vertex 25 -14.22354 18
      vertex 25 -13.85206 18
    endloop
  endfacet
  facet normal 0 0 1
    outer loop
      vertex -12.228253333 -13.85206 18
      vertex -12.102206667 -14.22354 18
      vertex 12.102206667 -14.22354 18
    endloop
  endfacet
  facet normal 0 0 1
    outer loop
      vertex -12.228253333 -13.85206 18
      vertex 12.102206667 -14.22354 18
      vertex 12.228253333 -13.85206 18
    endloop
  endfacet
  facet normal 0 0 1
    outer loop
      vertex -25 -13.85206 18
      vertex -25 -14.22354 18
      vertex -17.897886667 -14.22354 18
    endloop
  endfacet
  facet normal 0 0 1
    outer loop
      vertex -25 -13.85206 18
      vertex -17.897886667 -14.22354 18
      vertex -17.771593333 -13.85206 18
    endloop
  endfacet
  facet normal 0 0 1
    outer loop
      vertex 17.897886667 -14.22354 18
      vertex 17.974353333 -14.60834 18
      vertex 25 -14.60834 18
    endloop
  endfacet
  facet normal 0 0 1
    outer loop
      vertex 17.897886667 -14.22354 18
      vertex 25 -14.60834 18
      vertex 25 -14.22354 18
    endloop
  endfacet
  facet normal 0 0 1
    outer loop
      vertex -12.102206667 -14.22354 18
      vertex -12.02574 -14.60834 18
      vertex 12.02574 -14.60834 18
    endloop
  endfacet
  facet normal 0 0 1
    outer loop
      vertex -12.102206667 -14.22354 18
      vertex 12.02574 -14.60834 18
      vertex 12.102206667 -14.22354 18
    endloop
  endfacet
  facet normal 0 0 1
    outer loop
      vertex -25 -14.22354 18
      vertex -25 -14.60834 18
      vertex -17.974353333 -14.60834 18
    endloop
  endfacet
  facet normal 0 0 1
    outer loop
      vertex -25 -14.22354 18
      vertex -17.974353333 -14.60834 18
      vertex -17.897886667 -14.22354 18
    endloop
  endfacet
  facet normal 0 0 1
    outer loop
      vertex 17.974353333 -14.60834 18
      vertex 18.000006667 -15.000046667 18
      vertex 25 -15.000046667 18
    endloop
  endfacet
  facet normal 0 0 1
    outer loop
      vertex 17.974353333 -14.60834 18
      vertex 25 -15.000046667 18
      vertex 25 -14.60834 18
    endloop
  endfacet
  facet normal 0 0 1
    outer loop
      vertex -12.02574 -14.60834 18
      vertex -12.000086667 -15.000046667 18
      vertex 12.000086667 -15.000046667 18
    endloop
  endfacet
  facet normal 0 0 1
    outer loop
      vertex -12.02574 -14.60834 18
      vertex 12.000086667 -15.000046667 18
      vertex 12.02574 -14.60834 18
    endloop
  endfacet
  facet normal 0 0 1
    outer loop
      vertex -25 -14.60834 18
      vertex -25 -15.000046667 18
      vertex -18.000006667 -15.000046667 18
    endloop
  endfacet
  facet normal 0 0 1
    outer loop
      vertex -25 -14.60834 18
      vertex -18.000006667 -15.000046667 18
      vertex -17.974353333 -14.60834 18
    endloop
  endfacet
  facet normal 0 0 1
    outer loop
      vertex 18.000006667 -15.000046667 18
      vertex 17.974353333 -15.391506667 18
      vertex 25 -15.391506667 18
    endloop
  endfacet
  facet normal 0 0 1
    outer loop
      vertex 18.000006667 -15.000046667 18
      vertex 25 -15.391506667 18
      vertex 25 -15.000046667 18
    endloop
  endfacet
  facet normal 0 0 1
    outer loop
      vertex -12.000086667 -15.000046667 18
      vertex -12.02574 -15.391506667 18
      vertex 12.02574 -15.391506667 18
    endloop
  endfacet
  facet normal 0 0 1
    outer loop
      vertex -12.000086667 -15.000046667 18
      vertex 12.02574 -15.391506667 18
      vertex 12.000086667 -15.000046667 18
    endloop
  endfacet
  facet normal 0 0 1
    outer loop
      vertex -25 -15.000046667 18
      vertex -25 -15.391506667 18
      vertex -17.974353333 -15.391506667 18
    endloop
  endfacet
  facet normal 0 0 1
    outer loop
      vertex -25 -15.000046667 18
      vertex -17.974353333 -15.391506667 18
      vertex -18.000006667 -15.000046667 18
    endloop
  endfacet
  facet normal 0 0 1
    outer loop
      vertex 17.974353333 -15.391506667 18
      vertex 17.897886667 -15.776553333 18
      vertex 25 -15.776553333 18
    endloop
  endfacet
  facet normal 0 0 1
    outer loop
      vertex 17.974353333 -15.391506667 18
      vertex 25 -15.776553333 18
      vertex 25 -15.391506667 18
    endloop
  endfacet
  facet normal 0 0 1
    outer loop
      vertex -12.02574 -15.391506667 18
      vertex -12.102206667 -15.776553333 18
      vertex 12.102206667 -15.776553333 18
    endloop
  endfacet
  facet normal 0 0 1
    outer loop
      vertex -12.02574 -15.391506667 18
      vertex 12.102206667 -15.776553333 18
      vertex 12.02574 -15.391506667 18
    endloop
  endfacet
  facet normal 0 0 1
    outer loop
      vertex -25 -15.391506667 18
      vertex -25 -15.776553333 18
      vertex -17.897886667 -15.776553333 18
    endloop
  endfacet
  facet normal 0 0 1
    outer loop
      vertex -25 -15.391506667 18
      vertex -17.897886667 -15.776553333 18
      vertex -17.974353333 -15.391506667 18
    endloop
  endfacet
  facet normal 0 0 1
    outer loop
      vertex 17.897886667 -15.776553333 18
      vertex 17.771593333 -16.148033333 18
      vertex 25 -16.148033333 18
    endloop
  endfacet
  facet normal 0 0 1
    outer loop
      vertex 17.897886667 -15.776553333 18
      vertex 25 -16.148033333 18
      vertex 25 -15.776553333 18
    endloop
  endfacet
  facet normal 0 0 1
    outer loop
      vertex -12.102206667 -15.776553333 18
      vertex -12.228253333 -16.148033333 18
      vertex 12.228253333 -16.148033333 18
    endloop
  endfacet
  facet normal 0 0 1
    outer loop
      vertex -12.102206667 -15.776553333 18
      vertex 12.228253333 -16.148033333 18
      vertex 12.102206667 -15.776553333 18
    endloop
  endfacet
  facet normal 0 0 1
    outer loop
      vertex -25 -15.776553333 18
      vertex -25 -16.148033333 18
      vertex -17.771593333 -16.148033333 18
    endloop
  endfacet
  facet normal 0 0 1
    outer loop
      vertex -25 -15.776553333 18
      vertex -17.771593333 -16.148033333 18
      vertex -17.897886667 -15.776553333 18
    endloop
  endfacet
  facet normal 0 0 1
    outer loop
      vertex 17.771593333 -16.148033333 18
      vertex 17.598186667 -16.500026667 18
      vertex 25 -16.500026667 18
    endloop
  endfacet
  facet normal 0 0 1
    outer loop
      vertex 17.771593333 -16.148033333 18
      vertex 25 -16.500026667 18
      vertex 25 -16.148033333 18
    endloop
  endfacet
  facet normal 0 0 1
    outer loop
      vertex -12.228253333 -16.148033333 18
      vertex -12.401906667 -16.500026667 18
      vertex 12.401906667 -16.500026667 18
    endloop
  endfacet
  facet normal 0 0 1
    outer loop
      vertex -12.228253333 -16.148033333 18
      vertex 12.401906667 -16.500026667 18
      vertex 12.228253333 -16.148033333 18
    endloop
  endfacet
  facet normal 0 0 1
    outer loop
      vertex -25 -16.148033333 18
      vertex -25 -16.500026667 18
      vertex -17.598186667 -16.500026667 18
    endloop
  endfacet
  facet normal 0 0 1
    outer loop
      vertex -25 -16.148033333 18
      vertex -17.598186667 -16.500026667 18
      vertex -17.771593333 -16.148033333 18
    endloop
  endfacet
  facet normal 0 0 1
    outer loop
      vertex 17.598186667 -16.500026667 18
      vertex 17.380133333 -16.826366667 18
      vertex 25 -16.826366667 18
    endloop
  endfacet
  facet normal 0 0 1
    outer loop
      vertex 17.598186667 -16.500026667 18
      vertex 25 -16.826366667 18
      vertex 25 -16.500026667 18
    endloop
  endfacet
  facet normal 0 0 1
    outer loop
      vertex -12.401906667 -16.500026667 18
      vertex -12.61996 -16.826366667 18
      vertex 12.61996 -16.826366667 18
    endloop
  endfacet
  facet normal 0 0 1
    outer loop
      vertex -12.401906667 -16.500026667 18
      vertex 12.61996 -16.826366667 18
      vertex 12.401906667 -16.500026667 18
    endloop
  endfacet
  facet normal 0 0 1
    outer loop
      vertex -25 -16.500026667 18
      vertex -25 -16.826366667 18
      vertex -17.380133333 -16.826366667 18
    endloop
  endfacet
  facet normal 0 0 1
    outer loop
      vertex -25 -16.500026667 18
      vertex -17.380133333 -16.826366667 18
      vertex -17.598186667 -16.500026667 18
    endloop
  endfacet
  facet normal 0 0 1
    outer loop
      vertex 17.380133333 -16.826366667 18
      vertex 17.12138 -17.12138 18
      vertex 25 -17.12138 18
    endloop
  endfacet
  facet normal 0 0 1
    outer loop
      vertex 17.380133333 -16.826366667 18
      vertex 25 -17.12138 18
      vertex 25 -16.826366667 18
    endloop
  endfacet
  facet normal 0 0 1
    outer loop
      vertex -12.61996 -16.826366667 18
      vertex -12.878713333 -17.12138 18
      vertex 12.878713333 -17.12138 18
    endloop
  endfacet
  facet normal 0 0 1
    outer loop
      vertex -12.61996 -16.826366667 18
      vertex 12.878713333 -17.12138 18
      vertex 12.61996 -16.826366667 18
    endloop
  endfacet
  facet normal 0 0 1
    outer loop
      vertex -25 -16.826366667 18
      vertex -25 -17.12138 18
      vertex -17.12138 -17.12138 18
    endloop
  endfacet
  facet normal 0 0 1
    outer loop
      vertex -25 -16.826366667 18
      vertex -17.12138 -17.12138 18
      vertex -17.380133333 -16.826366667 18
    endloop
  endfacet
  facet normal 0 0 1
    outer loop
      vertex 17.12138 -17.12138 18
      vertex 16.826366667 -17.380133333 18
      vertex 25 -17.380133333 18
    endloop
  endfacet
  facet normal 0 0 1
    outer loop
      vertex 17.12138 -17.12138 18
      vertex 25 -17.380133333 18
      vertex 25 -17.12138 18
    endloop
  endfacet
  facet normal 0 0 1
    outer loop
      vertex -12.878713333 -17.12138 18
      vertex -13.173726667 -17.380133333 18
      vertex 13.173726667 -17.380133333 18
    endloop
  endfacet
  facet normal 0 0 1
    outer loop
      vertex -12.878713333 -17.12138 18
      vertex 13.173726667 -17.380133333 18
      vertex 12.878713333 -17.12138 18
    endloop
  endfacet
  facet normal 0 0 1
    outer loop
      vertex -25 -17.12138 18
      vertex -25 -17.380133333 18
      vertex -16.826366667 -17.380133333 18
    endloop
  endfacet
  facet normal 0 0 1
    outer loop
      vertex -25 -17.12138 18
      vertex -16.826366667 -17.380133333 18
      vertex -17.12138 -17.12138 18
    endloop
  endfacet
  facet normal 0 0 1
    outer loop
      vertex 16.826366667 -17.380133333 18
      vertex 16.500026667 -17.598186667 18
      vertex 25 -17.598186667 18
    endloop
  endfacet
  facet normal 0 0 1
    outer loop
      vertex 16.826366667 -17.380133333 18
      vertex 25 -17.598186667 18
      vertex 25 -17.380133333 18
    endloop
  endfacet
  facet normal 0 0 1
    outer loop
      vertex -13.173726667 -17.380133333 18
      vertex -13.500066667 -17.598186667 18
      vertex 13.500066667 -17.598186667 18
    endloop
  endfacet
  facet normal 0 0 1
    outer loop
      vertex -13.173726667 -17.380133333 18
      vertex 13.500066667 -17.598186667 18
      vertex 13.173726667 -17.380133333 18
    endloop
  endfacet
  facet normal 0 0 1
    outer loop
      vertex -25 -17.380133333 18
      vertex -25 -17.598186667 18
      vertex -16.500026667 -17.598186667 18
    endloop
  endfacet
  facet normal 0 0 1
    outer loop
      vertex -25 -17.380133333 18
      vertex -16.500026667 -17.598186667 18
      vertex -16.826366667 -17.380133333 18
    endloop
  endfacet
  facet normal 0 0 1
    outer loop
      vertex 16.500026667 -17.598186667 18
      vertex 16.148033333 -17.771593333 18
      vertex 25 -17.771593333 18
    endloop
  endfacet
  facet normal 0 0 1
    outer loop
      vertex 16.500026667 -17.598186667 18
      vertex 25 -17.771593333 18
      vertex 25 -17.598186667 18
    endloop
  endfacet
  facet normal 0 0 1
    outer loop
      vertex -13.500066667 -17.598186667 18
      vertex -13.85206 -17.771593333 18
      vertex 13.85206 -17.771593333 18
    endloop
  endfacet
  facet normal 0 0 1
    outer loop
      vertex -13.500066667 -17.598186667 18
      vertex 13.85206 -17.771593333 18
      vertex 13.500066667 -17.598186667 18
    endloop
  endfacet
  facet normal 0 0 1
    outer loop
      vertex -25 -17.598186667 18
      vertex -25 -17.771593333 18
      vertex -16.148033333 -17.771593333 18
    endloop
  endfacet
  facet normal 0 0 1
    outer loop
      vertex -25 -17.598186667 18
      vertex -16.148033333 -17.771593333 18
      vertex -16.500026667 -17.598186667 18
    endloop
  endfacet
  facet normal 0 0 1
    outer loop
      vertex 16.148033333 -17.771593333 18
      vertex 15.776553333 -17.897886667 18
      vertex 25 -17.897886667 18
    endloop
  endfacet
  facet normal 0 0 1
    outer loop
      vertex 16.148033333 -17.771593333 18
      vertex 25 -17.897886667 18
      vertex 25 -17.771593333 18
    endloop
  endfacet
  facet normal 0 0 1
    outer loop
      vertex -13.85206 -17.771593333 18
      vertex -14.22354 -17.897886667 18
      vertex 14.22354 -17.897886667 18
    endloop
  endfacet
  facet normal 0 0 1
    outer loop
      vertex -13.85206 -17.771593333 18
      vertex 14.22354 -17.897886667 18
      vertex 13.85206 -17.771593333 18
    endloop
  endfacet
  facet normal 0 0 1
    outer loop
      vertex -25 -17.771593333 18
      vertex -25 -17.897886667 18
      vertex -15.776553333 -17.897886667 18
    endloop
  endfacet
  facet normal 0 0 1
    outer loop
      vertex -25 -17.771593333 18
      vertex -15.776553333 -17.897886667 18
      vertex -16.148033333 -17.771593333 18
    endloop
  endfacet
  facet normal 0 0 1
    outer loop
      vertex 15.776553333 -17.897886667 18
      vertex 15.391506667 -17.974353333 18
      vertex 25 -17.974353333 18
    endloop
  endfacet
  facet normal 0 0 1
    outer loop
      vertex 15.776553333 -17.897886667 18
      vertex 25 -17.974353333 18
      vertex 25 -17.897886667 18
    endloop
  endfacet
  facet normal 0 0 1
    outer loop
      vertex -14.22354 -17.897886667 18
      vertex -14.60834 -17.974353333 18
      vertex 14.60834 -17.974353333 18
    endloop
  endfacet
  facet normal 0 0 1
    outer loop
      vertex -14.22354 -17.897886667 18
      vertex 14.60834 -17.974353333 18
      vertex 14.22354 -17.897886667 18
    endloop
  endfacet
  facet normal 0 0 1
    outer loop
      vertex -25 -17.897886667 18
      vertex -25 -17.974353333 18
      vertex -15.391506667 -17.974353333 18
    endloop
  endfacet
  facet normal 0 0 1
    outer loop
      vertex -25 -17.897886667 18
      vertex -15.391506667 -17.974353333 18
      vertex -15.776553333 -17.897886667 18
    endloop
  endfacet
  facet normal 0 0 1
    outer loop
      vertex 15.391506667 -17.974353333 18
      vertex 15.000046667 -18.000006667 18
      vertex 25 -18.000006667 18
    endloop
  endfacet
  facet normal 0 0 1
    outer loop
      vertex 15.391506667 -17.974353333 18
      vertex 25 -18.000006667 18
      vertex 25 -17.974353333 18
    endloop
  endfacet
  facet normal 0 0 1
    outer loop
      vertex -14.60834 -17.974353333 18
      vertex -15.000046667 -18.000006667 18
      vertex 15.000046667 -18.000006667 18
    endloop
  endfacet
  facet normal 0 0 1
    outer loop
      vertex -14.60834 -17.974353333 18
      vertex 15.000046667 -18.000006667 18
      vertex 14.60834 -17.974353333 18
    endloop
  endfacet
  facet normal 0 0 1
    outer loop
      vertex -25 -17.974353333 18
      vertex -25 -18.000006667 18
      vertex -15.000046667 -18.000006667 18
    endloop
  endfacet
  facet normal 0 0 1
    outer loop
      vertex -25 -17.974353333 18
      vertex -15.000046667 -18.000006667 18
      vertex -15.391506667 -17.974353333 18
    endloop
  endfacet
  facet normal 0 0 1
    outer loop
      vertex -25 -18.000006667 18
      vertex -25 -25 18
      vertex 25 -25 18
    endloop
  endfacet
  facet normal 0 0 1
    outer loop
      vertex -25 -18.000006667 18
      vertex 25 -25 18
      vertex 25 -18.000006667 18
    endloop
  endfacet
  facet normal 0 0 -1
    outer loop
      vertex 25 25 10
      vertex 25 18.000006667 10
      vertex -25 18.000006667 10
    endloop
  endfacet
  facet normal 0 0 -1
    outer loop
      vertex 25 25 10
      vertex -25 18.000006667 10
      vertex -25 25 10
    endloop
  endfacet
  facet normal 0 0 -1
    outer loop
      vertex -15.000046667 18.000006667 10
      vertex -15.391506667 17.974353333 10
      vertex -25 17.974353333 10
    endloop
  endfacet
  facet normal 0 0 -1
    outer loop
      vertex -15.000046667 18.000006667 10
      vertex -25 17.974353333 10
      vertex -25 18.000006667 10
    endloop
  endfacet
  facet normal 0 0 -1
    outer loop
      vertex 15.000046667 18.000006667 10
      vertex 14.60834 17.974353333 10
      vertex -14.60834 17.974353333 10
    endloop
  endfacet
  facet normal 0 0 -1
    outer loop
      vertex 15.000046667 18.000006667 10
      vertex -14.60834 17.974353333 10
      vertex -15.000046667 18.000006667 10
    endloop
  endfacet
  facet normal 0 0 -1
    outer loop
      vertex 25 18.000006667 10
      vertex 25 17.974353333 10
      vertex 15.391506667 17.974353333 10
    endloop
  endfacet
  facet normal 0 0 -1
    outer loop
      vertex 25 18.000006667 10
      vertex 15.391506667 17.974353333 10
      vertex 15.000046667 18.000006667 10
    endloop
  endfacet
  facet normal 0 0 -1
    outer loop
      vertex -15.391506667 17.974353333 10
      vertex -15.776553333 17.897886667 10
      vertex -25 17.897886667 10
    endloop
  endfacet
  facet normal 0 0 -1
    outer loop
      vertex -15.391506667 17.974353333 10
      vertex -25 17.897886667 10
      vertex -25 17.974353333 10
    endloop
  endfacet
  facet normal 0 0 -1
    outer loop
      vertex 14.60834 17.974353333 10
      vertex 14.22354 17.897886667 10
      vertex -14.22354 17.897886667 10
    endloop
  endfacet
  facet normal 0 0 -1
    outer loop
      vertex 14.60834 17.974353333 10
      vertex -14.22354 17.897886667 10
      vertex -14.60834 17.974353333 10
    endloop
  endfacet
  facet normal 0 0 -1
    outer loop
      vertex 25 17.974353333 10
      vertex 25 17.897886667 10
      vertex 15.776553333 17.897886667 10
    endloop
  endfacet
  facet normal 0 0 -1
    outer loop
      vertex 25 17.974353333 10
      vertex 15.776553333 17.897886667 10
      vertex 15.391506667 17.974353333 10
    endloop
  endfacet
  facet normal 0 0 -1
    outer loop
      vertex -15.776553333 17.897886667 10
      vertex -16.148033333 17.771593333 10
      vertex -25 17.771593333 10
    endloop
  endfacet
  facet normal 0 0 -1
    outer loop
      vertex -15.776553333 17.897886667 10
      vertex -25 17.771593333 10
      vertex -25 17.897886667 10
    endloop
  endfacet
  facet normal 0 0 -1
    outer loop
      vertex 14.22354 17.897886667 10
      vertex 13.85206 17.771593333 10
      vertex -13.85206 17.771593333 10
    endloop
  endfacet
  facet normal 0 0 -1
    outer loop
      vertex 14.22354 17.897886667 10
      vertex -13.85206 17.771593333 10
      vertex -14.22354 17.897886667 10
    endloop
  endfacet
  facet normal 0 0 -1
    outer loop
      vertex 25 17.897886667 10
      vertex 25 17.771593333 10
      vertex 16.148033333 17.771593333 10
    endloop
  endfacet
  facet normal 0 0 -1
    outer loop
      vertex 25 17.897886667 10
      vertex 16.148033333 17.771593333 10
      vertex 15.776553333 17.897886667 10
    endloop
  endfacet
  facet normal 0 0 -1
    outer loop
      vertex -16.148033333 17.771593333 10
      vertex -16.500026667 17.598186667 10
      vertex -25 17.598186667 10
    endloop
  endfacet
  facet normal 0 0 -1
    outer loop
      vertex -16.148033333 17.771593333 10
      vertex -25 17.598186667 10
      vertex -25 17.771593333 10
    endloop
  endfacet
  facet normal 0 0 -1
    outer loop
      vertex 13.85206 17.771593333 10
      vertex 13.500066667 17.598186667 10
      vertex -13.500066667 17.598186667 10
    endloop
  endfacet
  facet normal 0 0 -1
    outer loop
      vertex 13.85206 17.771593333 10
      vertex -13.500066667 17.598186667 10
      vertex -13.85206 17.771593333 10
    endloop
  endfacet
  facet normal 0 0 -1
    outer loop
      vertex 25 17.771593333 10
      vertex 25 17.598186667 10
      vertex 16.500026667 17.598186667 10
    endloop
  endfacet
  facet normal 0 0 -1
    outer loop
      vertex 25 17.771593333 10
      vertex 16.500026667 17.598186667 10
      vertex 16.148033333 17.771593333 10
    endloop
  endfacet
  facet normal 0 0 -1
    outer loop
      vertex -16.500026667 17.598186667 10
      vertex -16.826366667 17.380133333 10
      vertex -25 17.380133333 10
    endloop
  endfacet
  facet normal 0 0 -1
    outer loop
      vertex -16.500026667 17.598186667 10
      vertex -25 17.380133333 10
      vertex -25 17.598186667 10
    endloop
  endfacet
  facet normal 0 0 -1
    outer loop
      vertex 13.500066667 17.598186667 10
      vertex 13.173726667 17.380133333 10
      vertex -13.173726667 17.380133333 10
    endloop
  endfacet
  facet normal 0 0 -1
    outer loop
      vertex 13.500066667 17.598186667 10
      vertex -13.173726667 17.380133333 10
      vertex -13.500066667 17.598186667 10
    endloop
  endfacet
  facet normal 0 0 -1
    outer loop
      vertex 25 17.598186667 10
      vertex 25 17.380133333 10
      vertex 16.826366667 17.380133333 10
    endloop
  endfacet
  facet normal 0 0 -1
    outer loop
      vertex 25 17.598186667 10
      vertex 16.826366667 17.380133333 10
      vertex 16.500026667 17.598186667 10
    endloop
  endfacet
  facet normal 0 0 -1
    outer loop
      vertex -16.826366667 17.380133333 10
      vertex -17.12138 17.12138 10
      vertex -25 17.12138 10
    endloop
  endfacet
  facet normal 0 0 -1
    outer loop
      vertex -16.826366667 17.380133333 10
      vertex -25 17.12138 10
      vertex -25 17.380133333 10
    endloop
  endfacet
  facet normal 0 0 -1
    outer loop
      vertex 13.173726667 17.380133333 10
      vertex 12.878713333 17.12138 10
      vertex -12.878713333 17.12138 10
    endloop
  endfacet
  facet normal 0 0 -1
    outer loop
      vertex 13.173726667 17.380133333 10
      vertex -12.878713333 17.12138 10
      vertex -13.173726667 17.380133333 10
    endloop
  endfacet
  facet normal 0 0 -1
    outer loop
      vertex 25 17.380133333 10
      vertex 25 17.12138 10
      vertex 17.12138 17.12138 10
    endloop
  endfacet
  facet normal 0 0 -1
    outer loop
      vertex 25 17.380133333 10
      vertex 17.12138 17.12138 10
      vertex 16.826366667 17.380133333 10
    endloop
  endfacet
  facet normal 0 0 -1
    outer loop
      vertex -17.12138 17.12138 10
      vertex -17.380133333 16.826366667 10
      vertex -25 16.826366667 10
    endloop
  endfacet
  facet normal 0 0 -1
    outer loop
      vertex -17.12138 17.12138 10
      vertex -25 16.826366667 10
      vertex -25 17.12138 10
    endloop
  endfacet
  facet normal 0 0 -1
    outer loop
      vertex 12.878713333 17.12138 10
      vertex 12.61996 16.826366667 10
      vertex -12.61996 16.826366667 10
    endloop
  endfacet
  facet normal 0 0 -1
    outer loop
      vertex 12.878713333 17.12138 10
      vertex -12.61996 16.826366667 10
      vertex -12.878713333 17.12138 10
    endloop
  endfacet
  facet normal 0 0 -1
    outer loop
      vertex 25 17.12138 10
      vertex 25 16.826366667 10
      vertex 17.380133333 16.826366667 10
    endloop
  endfacet
  facet normal 0 0 -1
    outer loop
      vertex 25 17.12138 10
      vertex 17.380133333 16.826366667 10
      vertex 17.12138 17.12138 10
    endloop
  endfacet
  facet normal 0 0 -1
    outer loop
      vertex -17.380133333 16.826366667 10
      vertex -17.598186667 16.500026667 10
      vertex -25 16.500026667 10
    endloop
  endfacet
  facet normal 0 0 -1
    outer loop
      vertex -17.380133333 16.826366667 10
      vertex -25 16.500026667 10
      vertex -25 16.826366667 10
    endloop
  endfacet
  facet normal 0 0 -1
    outer loop
      vertex 12.61996 16.826366667 10
      vertex 12.401906667 16.500026667 10
      vertex -12.401906667 16.500026667 10
    endloop
  endfacet
  facet normal 0 0 -1
    outer loop
      vertex 12.61996 16.826366667 10
      vertex -12.401906667 16.500026667 10
      vertex -12.61996 16.826366667 10
    endloop
  endfacet
  facet normal 0 0 -1
    outer loop
      vertex 25 16.826366667 10
      vertex 25 16.500026667 10
      vertex 17.598186667 16.500026667 10
    endloop
  endfacet
  facet normal 0 0 -1
    outer loop
      vertex 25 16.826366667 10
      vertex 17.598186667 16.500026667 10
      vertex 17.380133333 16.826366667 10
    endloop
  endfacet
  facet normal 0 0 -1
    outer loop
      vertex -17.598186667 16.500026667 10
      vertex -17.771593333 16.148033333 10
      vertex -25 16.148033333 10
    endloop
  endfacet
  facet normal 0 0 -1
    outer loop
      vertex -17.598186667 16.500026667 10
      vertex -25 16.148033333 10
      vertex -25 16.500026667 10
    endloop
  endfacet
  facet normal 0 0 -1
    outer loop
      vertex 12.401906667 16.500026667 10
      vertex 12.228253333 16.148033333 10
      vertex -12.228253333 16.148033333 10
    endloop
  endfacet
  facet normal 0 0 -1
    outer loop
      vertex 12.401906667 16.500026667 10
      vertex -12.228253333 16.148033333 10
      vertex -12.401906667 16.500026667 10
    endloop
  endfacet
  facet normal 0 0 -1
    outer loop
      vertex 25 16.500026667 10
      vertex 25 16.148033333 10
      vertex 17.771593333 16.148033333 10
    endloop
  endfacet
  facet normal 0 0 -1
    outer loop
      vertex 25 16.500026667 10
      vertex 17.771593333 16.148033333 10
      vertex 17.598186667 16.500026667 10
    endloop
  endfacet
  facet normal 0 0 -1
    outer loop
      vertex -17.771593333 16.148033333 10
      vertex -17.897886667 15.776553333 10
      vertex -25 15.776553333 10
    endloop
  endfacet
  facet normal 0 0 -1
    outer loop
      vertex -17.771593333 16.148033333 10
      vertex -25 15.776553333 10
      vertex -25 16.148033333 10
    endloop
  endfacet
  facet normal 0 0 -1
    outer loop
      vertex 12.228253333 16.148033333 10
      vertex 12.102206667 15.776553333 10
      vertex -12.102206667 15.776553333 10
    endloop
  endfacet
  facet normal 0 0 -1
    outer loop
      vertex 12.228253333 16.148033333 10
      vertex -12.102206667 15.776553333 10
      vertex -12.228253333 16.148033333 10
    endloop
  endfacet
  facet normal 0 0 -1
    outer loop
      vertex 25 16.148033333 10
      vertex 25 15.776553333 10
      vertex 17.897886667 15.776553333 10
    endloop
  endfacet
  facet normal 0 0 -1
    outer loop
      vertex 25 16.148033333 10
      vertex 17.897886667 15.776553333 10
      vertex 17.771593333 16.148033333 10
    endloop
  endfacet
  facet normal 0 0 -1
    outer loop
      vertex -17.897886667 15.776553333 10
      vertex -17.974353333 15.391506667 10
      vertex -25 15.391506667 10
    endloop
  endfacet
  facet normal 0 0 -1
    outer loop
      vertex -17.897886667 15.776553333 10
      vertex -25 15.391506667 10
      vertex -25 15.776553333 10
    endloop
  endfacet
  facet normal 0 0 -1
    outer loop
      vertex 12.102206667 15.776553333 10
      vertex 12.02574 15.391506667 10
      vertex -12.02574 15.391506667 10
    endloop
  endfacet
  facet normal 0 0 -1
    outer loop
      vertex 12.102206667 15.776553333 10
      vertex -12.02574 15.391506667 10
      vertex -12.102206667 15.776553333 10
    endloop
  endfacet
  facet normal 0 0 -1
    outer loop
      vertex 25 15.776553333 10
      vertex 25 15.391506667 10
      vertex 17.974353333 15.391506667 10
    endloop
  endfacet
  facet normal 0 0 -1
    outer loop
      vertex 25 15.776553333 10
      vertex 17.974353333 15.391506667 10
      vertex 17.897886667 15.776553333 10
    endloop
  endfacet
  facet normal 0 0 -1
    outer loop
      vertex -17.974353333 15.391506667 10
      vertex -18.000006667 15.000046667 10
      vertex -25 15.000046667 10
    endloop
  endfacet
  facet normal 0 0 -1
    outer loop
      vertex -17.974353333 15.391506667 10
      vertex -25 15.000046667 10
      vertex -25 15.391506667 10
    endloop
  endfacet
  facet normal 0 0 -1
    outer loop
      vertex 12.02574 15.391506667 10
      vertex 12.000086667 15.000046667 10
      vertex -12.000086667 15.000046667 10
    endloop
  endfacet
  facet normal 0 0 -1
    outer loop
      vertex 12.02574 15.391506667 10
      vertex -12.000086667 15.000046667 10
      vertex -12.02574 15.391506667 10
    endloop
  endfacet
  facet normal 0 0 -1
    outer loop
      vertex 25 15.391506667 10
      vertex 25 15.000046667 10
      vertex 18.000006667 15.000046667 10
    endloop
  endfacet
  facet normal 0 0 -1
    outer loop
      vertex 25 15.391506667 10
      vertex 18.000006667 15.000046667 10
      vertex 17.974353333 15.391506667 10
    endloop
  endfacet
  facet normal 0 0 -1
    outer loop
      vertex -18.000006667 15.000046667 10
      vertex -17.974353333 14.60834 10
      vertex -25 14.60834 10
    endloop
  endfacet
  facet normal 0 0 -1
    outer loop
      vertex -18.000006667 15.000046667 10
      vertex -25 14.60834 10
      vertex -25 15.000046667 10
    endloop
  endfacet
  facet normal 0 0 -1
    outer loop
      vertex 12.000086667 15.000046667 10
      vertex 12.02574 14.60834 10
      vertex -12.02574 14.60834 10
    endloop
  endfacet
  facet normal 0 0 -1
    outer loop
      vertex 12.000086667 15.000046667 10
      vertex -12.02574 14.60834 10
      vertex -12.000086667 15.000046667 10
    endloop
  endfacet
  facet normal 0 0 -1
    outer loop
      vertex 25 15.000046667 10
      vertex 25 14.60834 10
      vertex 17.974353333 14.60834 10
    endloop
  endfacet
  facet normal 0 0 -1
    outer loop
      vertex 25 15.000046667 10
      vertex 17.974353333 14.60834 10
      vertex 18.000006667 15.000046667 10
    endloop
  endfacet
  facet normal 0 0 -1
    outer loop
      vertex -17.974353333 14.60834 10
      vertex -17.897886667 14.22354 10
      vertex -25 14.22354 10
    endloop
  endfacet
  facet normal 0 0 -1
    outer loop
      vertex -17.974353333 14.60834 10
      vertex -25 14.22354 10
      vertex -25 14.60834 10
    endloop
  endfacet
  facet normal 0 0 -1
    outer loop
      vertex 12.02574 14.60834 10
      vertex 12.102206667 14.22354 10
      vertex -12.102206667 14.22354 10
    endloop
  endfacet
  facet normal 0 0 -1
    outer loop
      vertex 12.02574 14.60834 10
      vertex -12.102206667 14.22354 10
      vertex -12.02574 14.60834 10
    endloop
  endfacet
  facet normal 0 0 -1
    outer loop
      vertex 25 14.60834 10
      vertex 25 14.22354 10
      vertex 17.897886667 14.22354 10
    endloop
  endfacet
  facet normal 0 0 -1
    outer loop
      vertex 25 14.60834 10
      vertex 17.897886667 14.22354 10
      vertex 17.974353333 14.60834 10
    endloop
  endfacet
  facet normal 0 0 -1
    outer loop
      vertex -17.897886667 14.22354 10
      vertex -17.771593333 13.85206 10
      vertex -25 13.85206 10
    endloop
  endfacet
  facet normal 0 0 -1
    outer loop
      vertex -17.897886667 14.22354 10
      vertex -25 13.85206 10
      vertex -25 14.22354 10
    endloop
  endfacet
  facet normal 0 0 -1
    outer loop
      vertex 12.102206667 14.22354 10
      vertex 12.228253333 13.85206 10
      vertex -12.228253333 13.85206 10
    endloop
  endfacet
  facet normal 0 0 -1
    outer loop
      vertex 12.102206667 14.22354 10
      vertex -12.228253333 13.85206 10
      vertex -12.102206667 14.22354 10
    endloop
  endfacet
  facet normal 0 0 -1
    outer loop
      vertex 25 14.22354 10
      vertex 25 13.85206 10
      vertex 17.771593333 13.85206 10
    endloop
  endfacet
  facet normal 0 0 -1
    outer loop
      vertex 25 14.22354 10
      vertex 17.771593333 13.85206 10
      vertex 17.897886667 14.22354 10
    endloop
  endfacet
  facet normal 0 0 -1
    outer loop
      vertex -17.771593333 13.85206 10
      vertex -17.598186667 13.500066667 10
      vertex -25 13.500066667 10
    endloop
  endfacet
  facet normal 0 0 -1
    outer loop
      vertex -17.771593333 13.85206 10
      vertex -25 13.500066667 10
      vertex -25 13.85206 10
    endloop
  endfacet
  facet normal 0 0 -1
    outer loop
      vertex 12.228253333 13.85206 10
      vertex 12.401906667 13.500066667 10
      vertex -12.401906667 13.500066667 10
    endloop
  endfacet
  facet normal 0 0 -1
    outer loop
      vertex 12.228253333 13.85206 10
      vertex -12.401906667 13.500066667 10
      vertex -12.228253333 13.85206 10
    endloop
  endfacet
  facet normal 0 0 -1
    outer loop
      vertex 25 13.85206 10
      vertex 25 13.500066667 10
      vertex 17.598186667 13.500066667 10
    endloop
  endfacet
  facet normal 0 0 -1
    outer loop
      vertex 25 13.85206 10
      vertex 17.598186667 13.500066667 10
      vertex 17.771593333 13.85206 10
    endloop
  endfacet
  facet normal 0 0 -1
    outer loop
      vertex -17.598186667 13.500066667 10
      vertex -17.380133333 13.173726667 10
      vertex -25 13.173726667 10
    endloop
  endfacet
  facet normal 0 0 -1
    outer loop
      vertex -17.598186667 13.500066667 10
      vertex -25 13.173726667 10
      vertex -25 13.500066667 10
    endloop
  endfacet
  facet normal 0 0 -1
    outer loop
      vertex 12.401906667 13.500066667 10
      vertex 12.61996 13.173726667 10
      vertex -12.61996 13.173726667 10
    endloop
  endfacet
  facet normal 0 0 -1
    outer loop
      vertex 12.401906667 13.500066667 10
      vertex -12.61996 13.173726667 10
      vertex -12.401906667 13.500066667 10
    endloop
  endfacet
  facet normal 0 0 -1
    outer loop
      vertex 25 13.500066667 10
      vertex 25 13.173726667 10
      vertex 17.380133333 13.173726667 10
    endloop
  endfacet
  facet normal 0 0 -1
    outer loop
      vertex 25 13.500066667 10
      vertex 17.380133333 13.173726667 10
      vertex 17.598186667 13.500066667 10
    endloop
  endfacet
  facet normal 0 0 -1
    outer loop
      vertex -17.380133333 13.173726667 10
      vertex -17.12138 12.878713333 10
      vertex -25 12.878713333 10
    endloop
  endfacet
  facet normal 0 0 -1
    outer loop
      vertex -17.380133333 13.173726667 10
      vertex -25 12.878713333 10
      vertex -25 13.173726667 10
    endloop
  endfacet
  facet normal 0 0 -1
    outer loop
      vertex 12.61996 13.173726667 10
      vertex 12.878713333 12.878713333 10
      vertex -12.878713333 12.878713333 10
    endloop
  endfacet
  facet normal 0 0 -1
    outer loop
      vertex 12.61996 13.173726667 10
      vertex -12.878713333 12.878713333 10
      vertex -12.61996 13.173726667 10
    endloop
  endfacet
  facet normal 0 0 -1
    outer loop
      vertex 25 13.173726667 10
      vertex 25 12.878713333 10
      vertex 17.12138 12.878713333 10
    endloop
  endfacet
  facet normal 0 0 -1
    outer loop
      vertex 25 13.173726667 10
      vertex 17.12138 12.878713333 10
      vertex 17.380133333 13.173726667 10
    endloop
  endfacet
  facet normal 0 0 -1
    outer loop
      vertex -17.12138 12.878713333 10
      vertex -16.826366667 12.61996 10
      vertex -25 12.61996 10
    endloop
  endfacet
  facet normal 0 0 -1
    outer loop
      vertex -17.12138 12.878713333 10
      vertex -25 12.61996 10
      vertex -25 12.878713333 10
    endloop
  endfacet
  facet normal 0 0 -1
    outer loop
      vertex 12.878713333 12.878713333 10
      vertex 13.173726667 12.61996 10
      vertex -13.173726667 12.61996 10
    endloop
  endfacet
  facet normal 0 0 -1
    outer loop
      vertex 12.878713333 12.878713333 10
      vertex -13.173726667 12.61996 10
      vertex -12.878713333 12.878713333 10
    endloop
  endfacet
  facet normal 0 0 -1
    outer loop
      vertex 25 12.878713333 10
      vertex 25 12.61996 10
      vertex 16.826366667 12.61996 10
    endloop
  endfacet
  facet normal 0 0 -1
    outer loop
      vertex 25 12.878713333 10
      vertex 16.826366667 12.61996 10
      vertex 17.12138 12.878713333 10
    endloop
  endfacet
  facet normal 0 0 -1
    outer loop
      vertex -16.826366667 12.61996 10
      vertex -16.500026667 12.401906667 10
      vertex -25 12.401906667 10
    endloop
  endfacet
  facet normal 0 0 -1
    outer loop
      vertex -16.826366667 12.61996 10
      vertex -25 12.401906667 10
      vertex -25 12.61996 10
    endloop
  endfacet
  facet normal 0 0 -1
    outer loop
      vertex 13.173726667 12.61996 10
      vertex 13.500066667 12.401906667 10
      vertex -13.500066667 12.401906667 10
    endloop
  endfacet
  facet normal 0 0 -1
    outer loop
      vertex 13.173726667 12.61996 10
      vertex -13.500066667 12.401906667 10
      vertex -13.173726667 12.61996 10
    endloop
  endfacet
  facet normal 0 0 -1
    outer loop
      vertex 25 12.61996 10
      vertex 25 12.401906667 10
      vertex 16.500026667 12.401906667 10
    endloop
  endfacet
  facet normal 0 0 -1
    outer loop
      vertex 25 12.61996 10
      vertex 16.500026667 12.401906667 10
      vertex 16.826366667 12.61996 10
    endloop
  endfacet
  facet normal 0 0 -1
    outer loop
      vertex -16.500026667 12.401906667 10
      vertex -16.148033333 12.228253333 10
      vertex -25 12.228253333 10
    endloop
  endfacet
  facet normal 0 0 -1
    outer loop
      vertex -16.500026667 12.401906667 10
      vertex -25 12.228253333 10
      vertex -25 12.401906667 10
    endloop
  endfacet
  facet normal 0 0 -1
    outer loop
      vertex 13.500066667 12.401906667 10
      vertex 13.85206 12.228253333 10
      vertex -13.85206 12.228253333 10
    endloop
  endfacet
  facet normal 0 0 -1
    outer loop
      vertex 13.500066667 12.401906667 10
      vertex -13.85206 12.228253333 10
      vertex -13.500066667 12.401906667 10
    endloop
  endfacet
  facet normal 0 0 -1
    outer loop
      vertex 25 12.401906667 10
      vertex 25 12.228253333 10
      vertex 16.148033333 12.228253333 10
    endloop
  endfacet
  facet normal 0 0 -1
    outer loop
      vertex 25 12.401906667 10
      vertex 16.148033333 12.228253333 10
      vertex 16.500026667 12.401906667 10
    endloop
  endfacet
  facet normal 0 0 -1
    outer loop
      vertex -16.148033333 12.228253333 10
      vertex -15.776553333 12.102206667 10
      vertex -25 12.102206667 10
    endloop
  endfacet
  facet normal 0 0 -1
    outer loop
      vertex -16.148033333 12.228253333 10
      vertex -25 12.102206667 10
      vertex -25 12.228253333 10
    endloop
  endfacet
  facet normal 0 0 -1
    outer loop
      vertex 13.85206 12.228253333 10
      vertex 14.22354 12.102206667 10
      vertex -14.22354 12.102206667 10
    endloop
  endfacet
  facet normal 0 0 -1
    outer loop
      vertex 13.85206 12.228253333 10
      vertex -14.22354 12.102206667 10
      vertex -13.85206 12.228253333 10
    endloop
  endfacet
  facet normal 0 0 -1
    outer loop
      vertex 25 12.228253333 10
      vertex 25 12.102206667 10
      vertex 15.776553333 12.102206667 10
    endloop
  endfacet
  facet normal 0 0 -1
    outer loop
      vertex 25 12.228253333 10
      vertex 15.776553333 12.102206667 10
      vertex 16.148033333 12.228253333 10
    endloop
  endfacet
  facet normal 0 0 -1
    outer loop
      vertex -15.776553333 12.102206667 10
      vertex -15.391506667 12.02574 10
      vertex -25 12.02574 10
    endloop
  endfacet
  facet normal 0 0 -1
    outer loop
      vertex -15.776553333 12.102206667 10
      vertex -25 12.02574 10
      vertex -25 12.102206667 10
    endloop
  endfacet
  facet normal 0 0 -1
    outer loop
      vertex 14.22354 12.102206667 10
      vertex 14.60834 12.02574 10
      vertex -14.60834 12.02574 10
    endloop
  endfacet
  facet normal 0 0 -1
    outer loop
      vertex 14.22354 12.102206667 10
      vertex -14.60834 12.02574 10
      vertex -14.22354 12.102206667 10
    endloop
  endfacet
  facet normal 0 0 -1
    outer loop
      vertex 25 12.102206667 10
      vertex 25 12.02574 10
      vertex 15.391506667 12.02574 10
    endloop
  endfacet
  facet normal 0 0 -1
    outer loop
      vertex 25 12.102206667 10
      vertex 15.391506667 12.02574 10
      vertex 15.776553333 12.102206667 10
    endloop
  endfacet
  facet normal 0 0 -1
    outer loop
      vertex -15.391506667 12.02574 10
      vertex -15.000046667 12.000086667 10
      vertex -25 12.000086667 10
    endloop
  endfacet
  facet normal 0 0 -1
    outer loop
      vertex -15.391506667 12.02574 10
      vertex -25 12.000086667 10
      vertex -25 12.02574 10
    endloop
  endfacet
  facet normal 0 0 -1
    outer loop
      vertex 14.60834 12.02574 10
      vertex 15.000046667 12.000086667 10
      vertex -15.000046667 12.000086667 10
    endloop
  endfacet
  facet normal 0 0 -1
    outer loop
      vertex 14.60834 12.02574 10
      vertex -15.000046667 12.000086667 10
      vertex -14.60834 12.02574 10
    endloop
  endfacet
  facet normal 0 0 -1
    outer loop
      vertex 25 12.02574 10
      vertex 25 12.000086667 10
      vertex 15.000046667 12.000086667 10
    endloop
  endfacet
  facet normal 0 0 -1
    outer loop
      vertex 25 12.02574 10
      vertex 15.000046667 12.000086667 10
      vertex 15.391506667 12.02574 10
    endloop
  endfacet
  facet normal 0 0 -1
    outer loop
      vertex 25 12.000086667 10
      vertex 25 -12.000086667 10
      vertex -25 -12.000086667 10
    endloop
  endfacet
  facet normal 0 0 -1
    outer loop
      vertex 25 12.000086667 10
      vertex -25 -12.000086667 10
      vertex -25 12.000086667 10
    endloop
  endfacet
  facet normal 0 0 -1
    outer loop
      vertex -15.000046667 -12.000086667 10
      vertex -15.391506667 -12.02574 10
      vertex -25 -12.02574 10
    endloop
  endfacet
  facet normal 0 0 -1
    outer loop
      vertex -15.000046667 -12.000086667 10
      vertex -25 -12.02574 10
      vertex -25 -12.000086667 10
    endloop
  endfacet
  facet normal 0 0 -1
    outer loop
      vertex 15.000046667 -12.000086667 10
      vertex 14.60834 -12.02574 10
      vertex -14.60834 -12.02574 10
    endloop
  endfacet
  facet normal 0 0 -1
    outer loop
      vertex 15.000046667 -12.000086667 10
      vertex -14.60834 -12.02574 10
      vertex -15.000046667 -12.000086667 10
    endloop
  endfacet
  facet normal 0 0 -1
    outer loop
      vertex 25 -12.000086667 10
      vertex 25 -12.02574 10
      vertex 15.391506667 -12.02574 10
    endloop
  endfacet
  facet normal 0 0 -1
    outer loop
      vertex 25 -12.000086667 10
      vertex 15.391506667 -12.02574 10
      vertex 15.000046601 -12.000086667 10
    endloop
  endfacet
  facet normal 0 0 -1
    outer loop
      vertex -15.391506667 -12.02574 10
      vertex -15.776553333 -12.102206667 10
      vertex -25 -12.102206667 10
    endloop
  endfacet
  facet normal 0 0 -1
    outer loop
      vertex -15.391506667 -12.02574 10
      vertex -25 -12.102206667 10
      vertex -25 -12.02574 10
    endloop
  endfacet
  facet normal 0 0 -1
    outer loop
      vertex 14.60834 -12.02574 10
      vertex 14.223540075 -12.102206667 10
      vertex -14.22354 -12.102206667 10
    endloop
  endfacet
  facet normal 0 0 -1
    outer loop
      vertex 14.60834 -12.02574 10
      vertex -14.22354 -12.102206667 10
      vertex -14.60834 -12.02574 10
    endloop
  endfacet
  facet normal 0 0 -1
    outer loop
      vertex 25 -12.02574 10
      vertex 25 -12.102206667 10
      vertex 15.776553333 -12.102206667 10
    endloop
  endfacet
  facet normal 0 0 -1
    outer loop
      vertex 25 -12.02574 10
      vertex 15.776553333 -12.102206667 10
      vertex 15.391506667 -12.02574 10
    endloop
  endfacet
  facet normal 0 0 -1
    outer loop
      vertex -15.776553333 -12.102206667 10
      vertex -16.148033333 -12.228253333 10
      vertex -25 -12.228253333 10
    endloop
  endfacet
  facet normal 0 0 -1
    outer loop
      vertex -15.776553333 -12.102206667 10
      vertex -25 -12.228253333 10
      vertex -25 -12.102206667 10
    endloop
  endfacet
  facet normal 0 0 -1
    outer loop
      vertex 14.22354 -12.102206667 10
      vertex 13.85206 -12.228253333 10
      vertex -13.85206 -12.228253333 10
    endloop
  endfacet
  facet normal 0 0 -1
    outer loop
      vertex 14.22354 -12.102206667 10
      vertex -13.85206 -12.228253333 10
      vertex -14.22354 -12.102206667 10
    endloop
  endfacet
  facet normal 0 0 -1
    outer loop
      vertex 25 -12.102206667 10
      vertex 25 -12.228253333 10
      vertex 16.148033333 -12.228253333 10
    endloop
  endfacet
  facet normal 0 0 -1
    outer loop
      vertex 25 -12.102206667 10
      vertex 16.148033333 -12.228253333 10
      vertex 15.776553333 -12.102206667 10
    endloop
  endfacet
  facet normal 0 0 -1
    outer loop
      vertex -16.148033333 -12.228253333 10
      vertex -16.500026667 -12.401906667 10
      vertex -25 -12.401906667 10
    endloop
  endfacet
  facet normal 0 0 -1
    outer loop
      vertex -16.148033333 -12.228253333 10
      vertex -25 -12.401906667 10
      vertex -25 -12.228253333 10
    endloop
  endfacet
  facet normal 0 0 -1
    outer loop
      vertex 13.85206 -12.228253333 10
      vertex 13.500066667 -12.401906667 10
      vertex -13.500066667 -12.401906667 10
    endloop
  endfacet
  facet normal 0 0 -1
    outer loop
      vertex 13.85206 -12.228253333 10
      vertex -13.500066667 -12.401906667 10
      vertex -13.85206 -12.228253333 10
    endloop
  endfacet
  facet normal 0 0 -1
    outer loop
      vertex 25 -12.228253333 10
      vertex 25 -12.401906667 10
      vertex 16.500026667 -12.401906667 10
    endloop
  endfacet
  facet normal 0 0 -1
    outer loop
      vertex 25 -12.228253333 10
      vertex 16.500026667 -12.401906667 10
      vertex 16.148033333 -12.228253333 10
    endloop
  endfacet
  facet normal 0 0 -1
    outer loop
      vertex -16.500026667 -12.401906667 10
      vertex -16.826366667 -12.61996 10
      vertex -25 -12.61996 10
    endloop
  endfacet
  facet normal 0 0 -1
    outer loop
      vertex -16.500026667 -12.401906667 10
      vertex -25 -12.61996 10
      vertex -25 -12.401906667 10
    endloop
  endfacet
  facet normal 0 0 -1
    outer loop
      vertex 13.500066667 -12.401906667 10
      vertex 13.173726667 -12.61996 10
      vertex -13.173726667 -12.61996 10
    endloop
  endfacet
  facet normal 0 0 -1
    outer loop
      vertex 13.500066667 -12.401906667 10
      vertex -13.173726667 -12.61996 10
      vertex -13.500066667 -12.401906667 10
    endloop
  endfacet
  facet normal 0 0 -1
    outer loop
      vertex 25 -12.401906667 10
      vertex 25 -12.61996 10
      vertex 16.826366667 -12.61996 10
    endloop
  endfacet
  facet normal 0 0 -1
    outer loop
      vertex 25 -12.401906667 10
      vertex 16.826366667 -12.61996 10
      vertex 16.500026667 -12.401906667 10
    endloop
  endfacet
  facet normal 0 0 -1
    outer loop
      vertex -16.826366667 -12.61996 10
      vertex -17.12138 -12.878713333 10
      vertex -25 -12.878713333 10
    endloop
  endfacet
  facet normal 0 0 -1
    outer loop
      vertex -16.826366667 -12.61996 10
      vertex -25 -12.878713333 10
      vertex -25 -12.61996 10
    endloop
  endfacet
  facet normal 0 0 -1
    outer loop
      vertex 13.173726667 -12.61996 10
      vertex 12.878713333 -12.878713333 10
      vertex -12.878713333 -12.878713333 10
    endloop
  endfacet
  facet normal 0 0 -1
    outer loop
      vertex 13.173726667 -12.61996 10
      vertex -12.878713333 -12.878713333 10
      vertex -13.173726667 -12.61996 10
    endloop
  endfacet
  facet normal 0 0 -1
    outer loop
      vertex 25 -12.61996 10
      vertex 25 -12.878713333 10
      vertex 17.12138 -12.878713333 10
    endloop
  endfacet
  facet normal 0 0 -1
    outer loop
      vertex 25 -12.61996 10
      vertex 17.12138 -12.878713333 10
      vertex 16.826366667 -12.61996 10
    endloop
  endfacet
  facet normal 0 0 -1
    outer loop
      vertex -17.12138 -12.878713333 10
      vertex -17.380133333 -13.173726667 10
      vertex -25 -13.173726667 10
    endloop
  endfacet
  facet normal 0 0 -1
    outer loop
      vertex -17.12138 -12.878713333 10
      vertex -25 -13.173726667 10
      vertex -25 -12.878713333 10
    endloop
  endfacet
  facet normal 0 0 -1
    outer loop
      vertex 12.878713333 -12.878713333 10
      vertex 12.61996 -13.173726667 10
      vertex -12.61996 -13.173726667 10
    endloop
  endfacet
  facet normal 0 0 -1
    outer loop
      vertex 12.878713333 -12.878713333 10
      vertex -12.61996 -13.173726667 10
      vertex -12.878713333 -12.878713333 10
    endloop
  endfacet
  facet normal 0 0 -1
    outer loop
      vertex 25 -12.878713333 10
      vertex 25 -13.173726667 10
      vertex 17.380133333 -13.173726667 10
    endloop
  endfacet
  facet normal 0 0 -1
    outer loop
      vertex 25 -12.878713333 10
      vertex 17.380133333 -13.173726667 10
      vertex 17.12138 -12.878713333 10
    endloop
  endfacet
  facet normal 0 0 -1
    outer loop
      vertex -17.380133333 -13.173726667 10
      vertex -17.598186667 -13.500066667 10
      vertex -25 -13.500066667 10
    endloop
  endfacet
  facet normal 0 0 -1
    outer loop
      vertex -17.380133333 -13.173726667 10
      vertex -25 -13.500066667 10
      vertex -25 -13.173726667 10
    endloop
  endfacet
  facet normal 0 0 -1
    outer loop
      vertex 12.61996 -13.173726667 10
      vertex 12.401906667 -13.500066667 10
      vertex -12.401906667 -13.500066667 10
    endloop
  endfacet
  facet normal 0 0 -1
    outer loop
      vertex 12.61996 -13.173726667 10
      vertex -12.401906667 -13.500066667 10
      vertex -12.61996 -13.173726667 10
    endloop
  endfacet
  facet normal 0 0 -1
    outer loop
      vertex 25 -13.173726667 10
      vertex 25 -13.500066667 10
      vertex 17.598186667 -13.500066667 10
    endloop
  endfacet
  facet normal 0 0 -1
    outer loop
      vertex 25 -13.173726667 10
      vertex 17.598186667 -13.500066667 10
      vertex 17.380133333 -13.173726667 10
    endloop
  endfacet
  facet normal 0 0 -1
    outer loop
      vertex -17.598186667 -13.500066667 10
      vertex -17.771593333 -13.85206 10
      vertex -25 -13.85206 10
    endloop
  endfacet
  facet normal 0 0 -1
    outer loop
      vertex -17.598186667 -13.500066667 10
      vertex -25 -13.85206 10
      vertex -25 -13.500066667 10
    endloop
  endfacet
  facet normal 0 0 -1
    outer loop
      vertex 12.401906667 -13.500066667 10
      vertex 12.228253333 -13.85206 10
      vertex -12.228253333 -13.85206 10
    endloop
  endfacet
  facet normal 0 0 -1
    outer loop
      vertex 12.401906667 -13.500066667 10
      vertex -12.228253333 -13.85206 10
      vertex -12.401906667 -13.500066667 10
    endloop
  endfacet
  facet normal 0 0 -1
    outer loop
      vertex 25 -13.500066667 10
      vertex 25 -13.85206 10
      vertex 17.771593333 -13.85206 10
    endloop
  endfacet
  facet normal 0 0 -1
    outer loop
      vertex 25 -13.500066667 10
      vertex 17.771593333 -13.85206 10
      vertex 17.598186667 -13.500066667 10
    endloop
  endfacet
  facet normal 0 0 -1
    outer loop
      vertex -17.771593333 -13.85206 10
      vertex -17.897886667 -14.22354 10
      vertex -25 -14.22354 10
    endloop
  endfacet
  facet normal 0 0 -1
    outer loop
      vertex -17.771593333 -13.85206 10
      vertex -25 -14.22354 10
      vertex -25 -13.85206 10
    endloop
  endfacet
  facet normal 0 0 -1
    outer loop
      vertex 12.228253333 -13.85206 10
      vertex 12.102206667 -14.22354 10
      vertex -12.102206667 -14.22354 10
    endloop
  endfacet
  facet normal 0 0 -1
    outer loop
      vertex 12.228253333 -13.85206 10
      vertex -12.102206667 -14.22354 10
      vertex -12.228253333 -13.85206 10
    endloop
  endfacet
  facet normal 0 0 -1
    outer loop
      vertex 25 -13.85206 10
      vertex 25 -14.22354 10
      vertex 17.897886667 -14.22354 10
    endloop
  endfacet
  facet normal 0 0 -1
    outer loop
      vertex 25 -13.85206 10
      vertex 17.897886667 -14.22354 10
      vertex 17.771593333 -13.85206 10
    endloop
  endfacet
  facet normal 0 0 -1
    outer loop
      vertex -17.897886667 -14.22354 10
      vertex -17.974353333 -14.60834 10
      vertex -25 -14.60834 10
    endloop
  endfacet
  facet normal 0 0 -1
    outer loop
      vertex -17.897886667 -14.22354 10
      vertex -25 -14.60834 10
      vertex -25 -14.22354 10
    endloop
  endfacet
  facet normal 0 0 -1
    outer loop
      vertex 12.102206667 -14.22354 10
      vertex 12.02574 -14.60834 10
      vertex -12.02574 -14.60834 10
    endloop
  endfacet
  facet normal 0 0 -1
    outer loop
      vertex 12.102206667 -14.22354 10
      vertex -12.02574 -14.60834 10
      vertex -12.102206667 -14.22354 10
    endloop
  endfacet
  facet normal 0 0 -1
    outer loop
      vertex 25 -14.22354 10
      vertex 25 -14.60834 10
      vertex 17.974353333 -14.60834 10
    endloop
  endfacet
  facet normal 0 0 -1
    outer loop
      vertex 25 -14.22354 10
      vertex 17.974353333 -14.60834 10
      vertex 17.897886667 -14.22354 10
    endloop
  endfacet
  facet normal 0 0 -1
    outer loop
      vertex -17.974353333 -14.60834 10
      vertex -18.000006667 -15.000046667 10
      vertex -25 -15.000046667 10
    endloop
  endfacet
  facet normal 0 0 -1
    outer loop
      vertex -17.974353333 -14.60834 10
      vertex -25 -15.000046667 10
      vertex -25 -14.60834 10
    endloop
  endfacet
  facet normal 0 0 -1
    outer loop
      vertex 12.02574 -14.60834 10
      vertex 12.000086667 -15.000046667 10
      vertex -12.000086667 -15.000046667 10
    endloop
  endfacet
  facet normal 0 0 -1
    outer loop
      vertex 12.02574 -14.60834 10
      vertex -12.000086667 -15.000046667 10
      vertex -12.02574 -14.60834 10
    endloop
  endfacet
  facet normal 0 0 -1
    outer loop
      vertex 25 -14.60834 10
      vertex 25 -15.000046667 10
      vertex 18.000006667 -15.000046667 10
    endloop
  endfacet
  facet normal 0 0 -1
    outer loop
      vertex 25 -14.60834 10
      vertex 18.000006667 -15.000046667 10
      vertex 17.974353333 -14.60834 10
    endloop
  endfacet
  facet normal 0 0 -1
    outer loop
      vertex -18.000006667 -15.000046667 10
      vertex -17.974353333 -15.391506667 10
      vertex -25 -15.391506667 10
    endloop
  endfacet
  facet normal 0 0 -1
    outer loop
      vertex -18.000006667 -15.000046667 10
      vertex -25 -15.391506667 10
      vertex -25 -15.000046667 10
    endloop
  endfacet
  facet normal 0 0 -1
    outer loop
      vertex 12.000086667 -15.000046667 10
      vertex 12.02574 -15.391506667 10
      vertex -12.02574 -15.391506667 10
    endloop
  endfacet
  facet normal 0 0 -1
    outer loop
      vertex 12.000086667 -15.000046667 10
      vertex -12.02574 -15.391506667 10
      vertex -12.000086667 -15.000046667 10
    endloop
  endfacet
  facet normal 0 0 -1
    outer loop
      vertex 25 -15.000046667 10
      vertex 25 -15.391506667 10
      vertex 17.974353333 -15.391506667 10
    endloop
  endfacet
  facet normal 0 0 -1
    outer loop
      vertex 25 -15.000046667 10
      vertex 17.974353333 -15.391506667 10
      vertex 18.000006667 -15.000046667 10
    endloop
  endfacet
  facet normal 0 0 -1
    outer loop
      vertex -17.974353333 -15.391506667 10
      vertex -17.897886667 -15.776553333 10
      vertex -25 -15.776553333 10
    endloop
  endfacet
  facet normal 0 0 -1
    outer loop
      vertex -17.974353333 -15.391506667 10
      vertex -25 -15.776553333 10
      vertex -25 -15.391506667 10
    endloop
  endfacet
  facet normal 0 0 -1
    outer loop
      vertex 12.02574 -15.391506667 10
      vertex 12.102206667 -15.776553333 10
      vertex -12.102206667 -15.776553333 10
    endloop
  endfacet
  facet normal 0 0 -1
    outer loop
      vertex 12.02574 -15.391506667 10
      vertex -12.102206667 -15.776553333 10
      vertex -12.02574 -15.391506667 10
    endloop
  endfacet
  facet normal 0 0 -1
    outer loop
      vertex 25 -15.391506667 10
      vertex 25 -15.776553333 10
      vertex 17.897886667 -15.776553333 10
    endloop
  endfacet
  facet normal 0 0 -1
    outer loop
      vertex 25 -15.391506667 10
      vertex 17.897886667 -15.776553333 10
      vertex 17.974353333 -15.391506667 10
    endloop
  endfacet
  facet normal 0 0 -1
    outer loop
      vertex -17.897886667 -15.776553333 10
      vertex -17.771593333 -16.148033333 10
      vertex -25 -16.148033333 10
    endloop
  endfacet
  facet normal 0 0 -1
    outer loop
      vertex -17.897886667 -15.776553333 10
      vertex -25 -16.148033333 10
      vertex -25 -15.776553333 10
    endloop
  endfacet
  facet normal 0 0 -1
    outer loop
      vertex 12.102206667 -15.776553333 10
      vertex 12.228253333 -16.148033333 10
      vertex -12.228253333 -16.148033333 10
    endloop
  endfacet
  facet normal 0 0 -1
    outer loop
      vertex 12.102206667 -15.776553333 10
      vertex -12.228253333 -16.148033333 10
      vertex -12.102206667 -15.776553333 10
    endloop
  endfacet
  facet normal 0 0 -1
    outer loop
      vertex 25 -15.776553333 10
      vertex 25 -16.148033333 10
      vertex 17.771593333 -16.148033333 10
    endloop
  endfacet
  facet normal 0 0 -1
    outer loop
      vertex 25 -15.776553333 10
      vertex 17.771593333 -16.148033333 10
      vertex 17.897886667 -15.776553333 10
    endloop
  endfacet
  facet normal 0 0 -1
    outer loop
      vertex -17.771593333 -16.148033333 10
      vertex -17.598186667 -16.500026667 10
      vertex -25 -16.500026667 10
    endloop
  endfacet
  facet normal 0 0 -1
    outer loop
      vertex -17.771593333 -16.148033333 10
      vertex -25 -16.500026667 10
      vertex -25 -16.148033333 10
    endloop
  endfacet
  facet normal 0 0 -1
    outer loop
      vertex 12.228253333 -16.148033333 10
      vertex 12.401906667 -16.500026667 10
      vertex -12.401906667 -16.500026667 10
    endloop
  endfacet
  facet normal 0 0 -1
    outer loop
      vertex 12.228253333 -16.148033333 10
      vertex -12.401906667 -16.500026667 10
      vertex -12.228253333 -16.148033333 10
    endloop
  endfacet
  facet normal 0 0 -1
    outer loop
      vertex 25 -16.148033333 10
      vertex 25 -16.500026667 10
      vertex 17.598186667 -16.500026667 10
    endloop
  endfacet
  facet normal 0 0 -1
    outer loop
      vertex 25 -16.148033333 10
      vertex 17.598186667 -16.500026667 10
      vertex 17.771593333 -16.148033333 10
    endloop
  endfacet
  facet normal 0 0 -1
    outer loop
      vertex -17.598186667 -16.500026667 10
      vertex -17.380133333 -16.826366667 10
      vertex -25 -16.826366667 10
    endloop
  endfacet
  facet normal 0 0 -1
    outer loop
      vertex -17.598186667 -16.500026667 10
      vertex -25 -16.826366667 10
      vertex -25 -16.500026667 10
    endloop
  endfacet
  facet normal 0 0 -1
    outer loop
      vertex 12.401906667 -16.500026667 10
      vertex 12.61996 -16.826366667 10
      vertex -12.61996 -16.826366667 10
    endloop
  endfacet
  facet normal 0 0 -1
    outer loop
      vertex 12.401906667 -16.500026667 10
      vertex -12.61996 -16.826366667 10
      vertex -12.401906667 -16.500026667 10
    endloop
  endfacet
  facet normal 0 0 -1
    outer loop
      vertex 25 -16.500026667 10
      vertex 25 -16.826366667 10
      vertex 17.380133333 -16.826366667 10
    endloop
  endfacet
  facet normal 0 0 -1
    outer loop
      vertex 25 -16.500026667 10
      vertex 17.380133333 -16.826366667 10
      vertex 17.598186667 -16.500026667 10
    endloop
  endfacet
  facet normal 0 0 -1
    outer loop
      vertex -17.380133333 -16.826366667 10
      vertex -17.12138 -17.12138 10
      vertex -25 -17.12138 10
    endloop
  endfacet
  facet normal 0 0 -1
    outer loop
      vertex -17.380133333 -16.826366667 10
      vertex -25 -17.12138 10
      vertex -25 -16.826366667 10
    endloop
  endfacet
  facet normal 0 0 -1
    outer loop
      vertex 12.61996 -16.826366667 10
      vertex 12.878713333 -17.12138 10
      vertex -12.878713333 -17.12138 10
    endloop
  endfacet
  facet normal 0 0 -1
    outer loop
      vertex 12.61996 -16.826366667 10
      vertex -12.878713333 -17.12138 10
      vertex -12.61996 -16.826366667 10
    endloop
  endfacet
  facet normal 0 0 -1
    outer loop
      vertex 25 -16.826366667 10
      vertex 25 -17.12138 10
      vertex 17.12138 -17.12138 10
    endloop
  endfacet
  facet normal 0 0 -1
    outer loop
      vertex 25 -16.826366667 10
      vertex 17.12138 -17.12138 10
      vertex 17.380133333 -16.826366667 10
    endloop
  endfacet
  facet normal 0 0 -1
    outer loop
      vertex -17.12138 -17.12138 10
      vertex -16.826366667 -17.380133333 10
      vertex -25 -17.380133333 10
    endloop
  endfacet
  facet normal 0 0 -1
    outer loop
      vertex -17.12138 -17.12138 10
      vertex -25 -17.380133333 10
      vertex -25 -17.12138 10
    endloop
  endfacet
  facet normal 0 0 -1
    outer loop
      vertex 12.878713333 -17.12138 10
      vertex 13.173726667 -17.380133333 10
      vertex -13.173726667 -17.380133333 10
    endloop
  endfacet
  facet normal 0 0 -1
    outer loop
      vertex 12.878713333 -17.12138 10
      vertex -13.173726667 -17.380133333 10
      vertex -12.878713333 -17.12138 10
    endloop
  endfacet
  facet normal 0 0 -1
    outer loop
      vertex 25 -17.12138 10
      vertex 25 -17.380133333 10
      vertex 16.826366667 -17.380133333 10
    endloop
  endfacet
  facet normal 0 0 -1
    outer loop
      vertex 25 -17.12138 10
      vertex 16.826366667 -17.380133333 10
      vertex 17.12138 -17.12138 10
    endloop
  endfacet
  facet normal 0 0 -1
    outer loop
      vertex -16.826366667 -17.380133333 10
      vertex -16.500026667 -17.598186667 10
      vertex -25 -17.598186667 10
    endloop
  endfacet
  facet normal 0 0 -1
    outer loop
      vertex -16.826366667 -17.380133333 10
      vertex -25 -17.598186667 10
      vertex -25 -17.380133333 10
    endloop
  endfacet
  facet normal 0 0 -1
    outer loop
      vertex 13.173726667 -17.380133333 10
      vertex 13.500066667 -17.598186667 10
      vertex -13.500066667 -17.598186667 10
    endloop
  endfacet
  facet normal 0 0 -1
    outer loop
      vertex 13.173726667 -17.380133333 10
      vertex -13.500066667 -17.598186667 10
      vertex -13.173726667 -17.380133333 10
    endloop
  endfacet
  facet normal 0 0 -1
    outer loop
      vertex 25 -17.380133333 10
      vertex 25 -17.598186667 10
      vertex 16.500026667 -17.598186667 10
    endloop
  endfacet
  facet normal 0 0 -1
    outer loop
      vertex 25 -17.380133333 10
      vertex 16.500026667 -17.598186667 10
      vertex 16.826366667 -17.380133333 10
    endloop
  endfacet
  facet normal 0 0 -1
    outer loop
      vertex -16.500026667 -17.598186667 10
      vertex -16.148033333 -17.771593333 10
      vertex -25 -17.771593333 10
    endloop
  endfacet
  facet normal 0 0 -1
    outer loop
      vertex -16.500026667 -17.598186667 10
      vertex -25 -17.771593333 10
      vertex -25 -17.598186667 10
    endloop
  endfacet
  facet normal 0 0 -1
    outer loop
      vertex 13.500066667 -17.598186667 10
      vertex 13.85206 -17.771593333 10
      vertex -13.85206 -17.771593333 10
    endloop
  endfacet
  facet normal 0 0 -1
    outer loop
      vertex 13.500066667 -17.598186667 10
      vertex -13.85206 -17.771593333 10
      vertex -13.500066667 -17.598186667 10
    endloop
  endfacet
  facet normal 0 0 -1
    outer loop
      vertex 25 -17.598186667 10
      vertex 25 -17.771593333 10
      vertex 16.148033333 -17.771593333 10
    endloop
  endfacet
  facet normal 0 0 -1
    outer loop
      vertex 25 -17.598186667 10
      vertex 16.148033333 -17.771593333 10
      vertex 16.500026667 -17.598186667 10
    endloop
  endfacet
  facet normal 0 0 -1
    outer loop
      vertex -16.148033333 -17.771593333 10
      vertex -15.776553333 -17.897886667 10
      vertex -25 -17.897886667 10
    endloop
  endfacet
  facet normal 0 0 -1
    outer loop
      vertex -16.148033333 -17.771593333 10
      vertex -25 -17.897886667 10
      vertex -25 -17.771593333 10
    endloop
  endfacet
  facet normal 0 0 -1
    outer loop
      vertex 13.85206 -17.771593333 10
      vertex 14.22354 -17.897886667 10
      vertex -14.22354 -17.897886667 10
    endloop
  endfacet
  facet normal 0 0 -1
    outer loop
      vertex 13.85206 -17.771593333 10
      vertex -14.22354 -17.897886667 10
      vertex -13.85206 -17.771593333 10
    endloop
  endfacet
  facet normal 0 0 -1
    outer loop
      vertex 25 -17.771593333 10
      vertex 25 -17.897886667 10
      vertex 15.776553333 -17.897886667 10
    endloop
  endfacet
  facet normal 0 0 -1
    outer loop
      vertex 25 -17.771593333 10
      vertex 15.776553333 -17.897886667 10
      vertex 16.148033333 -17.771593333 10
    endloop
  endfacet
  facet normal 0 0 -1
    outer loop
      vertex -15.776553333 -17.897886667 10
      vertex -15.391506667 -17.974353333 10
      vertex -25 -17.974353333 10
    endloop
  endfacet
  facet normal 0 0 -1
    outer loop
      vertex -15.776553333 -17.897886667 10
      vertex -25 -17.974353333 10
      vertex -25 -17.897886667 10
    endloop
  endfacet
  facet normal 0 0 -1
    outer loop
      vertex 14.22354 -17.897886667 10
      vertex 14.60834 -17.974353333 10
      vertex -14.60834 -17.974353333 10
    endloop
  endfacet
  facet normal 0 0 -1
    outer loop
      vertex 14.22354 -17.897886667 10
      vertex -14.60834 -17.974353333 10
      vertex -14.22354 -17.897886667 10
    endloop
  endfacet
  facet normal 0 0 -1
    outer loop
      vertex 25 -17.897886667 10
      vertex 25 -17.974353333 10
      vertex 15.391506667 -17.974353333 10
    endloop
  endfacet
  facet normal 0 0 -1
    outer loop
      vertex 25 -17.897886667 10
      vertex 15.391506667 -17.974353333 10
      vertex 15.776553333 -17.897886667 10
    endloop
  endfacet
  facet normal 0 0 -1
    outer loop
      vertex -15.391506667 -17.974353333 10
      vertex -15.000046667 -18.000006667 10
      vertex -25 -18.000006667 10
    endloop
  endfacet
  facet normal 0 0 -1
    outer loop
      vertex -15.391506667 -17.974353333 10
      vertex -25 -18.000006667 10
      vertex -25 -17.974353333 10
    endloop
  endfacet
  facet normal 0 0 -1
    outer loop
      vertex 14.60834 -17.974353333 10
      vertex 15.000046667 -18.000006667 10
      vertex -15.000046667 -18.000006667 10
    endloop
  endfacet
  facet normal 0 0 -1
    outer loop
      vertex 14.60834 -17.974353333 10
      vertex -15.000046667 -18.000006667 10
      vertex -14.60834 -17.974353333 10
    endloop
  endfacet
  facet normal 0 0 -1
    outer loop
      vertex 25 -17.974353333 10
      vertex 25 -18.000006667 10
      vertex 15.000046667 -18.000006667 10
    endloop
  endfacet
  facet normal 0 0 -1
    outer loop
      vertex 25 -17.974353333 10
      vertex 15.000046667 -18.000006667 10
      vertex 15.391506667 -17.974353333 10
    endloop
  endfacet
  facet normal 0 0 -1
    outer loop
      vertex 25 -18.000006667 10
      vertex 25 -25 10
      vertex -25 -25 10
    endloop
  endfacet
  facet normal 0 0 -1
    outer loop
      vertex 25 -18.000006667 10
      vertex -25 -25 10
      vertex -25 -18.000006667 10
    endloop
  endfacet
  facet normal 0.997858923 -0.065403129 0
    outer loop
      vertex 138.794676673 -3.132628613 9
      vertex 138.794676673 -3.132628613 5
      vertex 139 0 5
    endloop
  endfacet
  facet normal 0.997858923 -0.065403129 0
    outer loop
      vertex 138.794676673 -3.132628613 9
      vertex 139 0 5
      vertex 139 0 9
    endloop
  endfacet
  facet normal 0.997858923 0.065403129 0
    outer loop
      vertex 139 0 9
      vertex 139 0 5
      vertex 138.794676673 3.132628613 5
    endloop
  endfacet
  facet normal 0.997858923 0.065403129 0
    outer loop
      vertex 139 0 9
      vertex 138.794676673 3.132628613 5
      vertex 138.794676673 3.132628613 9
    endloop
  endfacet
  facet normal 0.98078528 0.195090322 0
    outer loop
      vertex 138.794676673 3.132628613 9
      vertex 138.794676673 3.132628613 5
      vertex 138.182219831 6.211657082 5
    endloop
  endfacet
  facet normal 0.98078528 0.195090322 0
    outer loop
      vertex 138.794676673 3.132628613 9
      vertex 138.182219831 6.211657082 5
      vertex 138.182219831 6.211657082 9
    endloop
  endfacet
  facet normal 0.946930129 0.321439465 0
    outer loop
      vertex 138.182219831 6.211657082 9
      vertex 138.182219831 6.211657082 5
      vertex 137.17310878 9.184402377 5
    endloop
  endfacet
  facet normal 0.946930129 0.321439465 0
    outer loop
      vertex 138.182219831 6.211657082 9
      vertex 137.17310878 9.184402377 5
      vertex 137.17310878 9.184402377 9
    endloop
  endfacet
  facet normal 0.896872742 0.44228869 0
    outer loop
      vertex 137.17310878 9.184402377 9
      vertex 137.17310878 9.184402377 5
      vertex 135.784609691 12 5
    endloop
  endfacet
  facet normal 0.896872742 0.44228869 0
    outer loop
      vertex 137.17310878 9.184402377 9
      vertex 135.784609691 12 5
      vertex 135.784609691 12 9
    endloop
  endfacet
  facet normal 0.831469612 0.555570233 0
    outer loop
      vertex 135.784609691 12 9
      vertex 135.784609691 12 5
      vertex 134.040480167 14.610274296 5
    endloop
  endfacet
  facet normal 0.831469612 0.555570233 0
    outer loop
      vertex 135.784609691 12 9
      vertex 134.040480167 14.610274296 5
      vertex 134.040480167 14.610274296 9
    endloop
  endfacet
  facet normal 0.751839807 0.659345815 0
    outer loop
      vertex 134.040480167 14.610274296 9
      vertex 134.040480167 14.610274296 5
      vertex 131.970562748 16.970562748 5
    endloop
  endfacet
  facet normal 0.751839807 0.659345815 0
    outer loop
      vertex 134.040480167 14.610274296 9
      vertex 131.970562748 16.970562748 5
      vertex 131.970562748 16.970562748 9
    endloop
  endfacet
  facet normal 0.659345815 0.751839807 0
    outer loop
      vertex 131.970562748 16.970562748 9
      vertex 131.970562748 16.970562748 5
      vertex 129.610274296 19.040480167 5
    endloop
  endfacet
  facet normal 0.659345815 0.751839807 0
    outer loop
      vertex 131.970562748 16.970562748 9
      vertex 129.610274296 19.040480167 5
      vertex 129.610274296 19.040480167 9
    endloop
  endfacet
  facet normal 0.555570233 0.831469612 0
    outer loop
      vertex 129.610274296 19.040480167 9
      vertex 129.610274296 19.040480167 5
      vertex 127 20.784609691 5
    endloop
  endfacet
  facet normal 0.555570233 0.831469612 0
    outer loop
      vertex 129.610274296 19.040480167 9
      vertex 127 20.784609691 5
      vertex 127 20.784609691 9
    endloop
  endfacet
  facet normal 0.44228869 0.896872742 0
    outer loop
      vertex 127 20.784609691 9
      vertex 127 20.784609691 5
      vertex 124.184402377 22.17310878 5
    endloop
  endfacet
  facet normal 0.44228869 0.896872742 0
    outer loop
      vertex 127 20.784609691 9
      vertex 124.184402377 22.17310878 5
      vertex 124.184402377 22.17310878 9
    endloop
  endfacet
  facet normal 0.321439465 0.946930129 0
    outer loop
      vertex 124.184402377 22.17310878 9
      vertex 124.184402377 22.17310878 5
      vertex 121.211657082 23.182219831 5
    endloop
  endfacet
  facet normal 0.321439465 0.946930129 0
    outer loop
      vertex 124.184402377 22.17310878 9
      vertex 121.211657082 23.182219831 5
      vertex 121.211657082 23.182219831 9
    endloop
  endfacet
  facet normal 0.195090322 0.98078528 0
    outer loop
      vertex 121.211657082 23.182219831 9
      vertex 121.211657082 23.182219831 5
      vertex 118.132628613 23.794676673 5
    endloop
  endfacet
  facet normal 0.195090322 0.98078528 0
    outer loop
      vertex 121.211657082 23.182219831 9
      vertex 118.132628613 23.794676673 5
      vertex 118.132628613 23.794676673 9
    endloop
  endfacet
  facet normal 0.065403129 0.997858923 0
    outer loop
      vertex 118.132628613 23.794676673 9
      vertex 118.132628613 23.794676673 5
      vertex 115 24 5
    endloop
  endfacet
  facet normal 0.065403129 0.997858923 0
    outer loop
      vertex 118.132628613 23.794676673 9
      vertex 115 24 5
      vertex 115 24 9
    endloop
  endfacet
  facet normal -0.065403129 0.997858923 0
    outer loop
      vertex 115 24 9
      vertex 115 24 5
      vertex 111.867371387 23.794676673 5
    endloop
  endfacet
  facet normal -0.065403129 0.997858923 0
    outer loop
      vertex 115 24 9
      vertex 111.867371387 23.794676673 5
      vertex 111.867371387 23.794676673 9
    endloop
  endfacet
  facet normal -0.195090322 0.98078528 0
    outer loop
      vertex 111.867371387 23.794676673 9
      vertex 111.867371387 23.794676673 5
      vertex 108.788342918 23.182219831 5
    endloop
  endfacet
  facet normal -0.195090322 0.98078528 0
    outer loop
      vertex 111.867371387 23.794676673 9
      vertex 108.788342918 23.182219831 5
      vertex 108.788342918 23.182219831 9
    endloop
  endfacet
  facet normal -0.321439465 0.946930129 0
    outer loop
      vertex 108.788342918 23.182219831 9
      vertex 108.788342918 23.182219831 5
      vertex 105.815597623 22.17310878 5
    endloop
  endfacet
  facet normal -0.321439465 0.946930129 0
    outer loop
      vertex 108.788342918 23.182219831 9
      vertex 105.815597623 22.17310878 5
      vertex 105.815597623 22.17310878 9
    endloop
  endfacet
  facet normal -0.44228869 0.896872742 0
    outer loop
      vertex 105.815597623 22.17310878 9
      vertex 105.815597623 22.17310878 5
      vertex 103 20.784609691 5
    endloop
  endfacet
  facet normal -0.44228869 0.896872742 0
    outer loop
      vertex 105.815597623 22.17310878 9
      vertex 103 20.784609691 5
      vertex 103 20.784609691 9
    endloop
  endfacet
  facet normal -0.555570233 0.831469612 0
    outer loop
      vertex 103 20.784609691 9
      vertex 103 20.784609691 5
      vertex 100.389725704 19.040480167 5
    endloop
  endfacet
  facet normal -0.555570233 0.831469612 0
    outer loop
      vertex 103 20.784609691 9
      vertex 100.389725704 19.040480167 5
      vertex 100.389725704 19.040480167 9
    endloop
  endfacet
  facet normal -0.659345815 0.751839807 0
    outer loop
      vertex 100.389725704 19.040480167 9
      vertex 100.389725704 19.040480167 5
      vertex 98.029437252 16.970562748 5
    endloop
  endfacet
  facet normal -0.659345815 0.751839807 0
    outer loop
      vertex 100.389725704 19.040480167 9
      vertex 98.029437252 16.970562748 5
      vertex 98.029437252 16.970562748 9
    endloop
  endfacet
  facet normal -0.751839807 0.659345815 0
    outer loop
      vertex 98.029437252 16.970562748 9
      vertex 98.029437252 16.970562748 5
      vertex 95.959519833 14.610274296 5
    endloop
  endfacet
  facet normal -0.751839807 0.659345815 0
    outer loop
      vertex 98.029437252 16.970562748 9
      vertex 95.959519833 14.610274296 5
      vertex 95.959519833 14.610274296 9
    endloop
  endfacet
  facet normal -0.831469612 0.555570233 0
    outer loop
      vertex 95.959519833 14.610274296 9
      vertex 95.959519833 14.610274296 5
      vertex 94.215390309 12 5
    endloop
  endfacet
  facet normal -0.831469612 0.555570233 0
    outer loop
      vertex 95.959519833 14.610274296 9
      vertex 94.215390309 12 5
      vertex 94.215390309 12 9
    endloop
  endfacet
  facet normal -0.896872742 0.44228869 0
    outer loop
      vertex 94.215390309 12 9
      vertex 94.215390309 12 5
      vertex 92.82689122 9.184402377 5
    endloop
  endfacet
  facet normal -0.896872742 0.44228869 0
    outer loop
      vertex 94.215390309 12 9
      vertex 92.82689122 9.184402377 5
      vertex 92.82689122 9.184402377 9
    endloop
  endfacet
  facet normal -0.946930129 0.321439465 0
    outer loop
      vertex 92.82689122 9.184402377 9
      vertex 92.82689122 9.184402377 5
      vertex 91.817780169 6.211657082 5
    endloop
  endfacet
  facet normal -0.946930129 0.321439465 0
    outer loop
      vertex 92.82689122 9.184402377 9
      vertex 91.817780169 6.211657082 5
      vertex 91.817780169 6.211657082 9
    endloop
  endfacet
  facet normal -0.98078528 0.195090322 0
    outer loop
      vertex 91.817780169 6.211657082 9
      vertex 91.817780169 6.211657082 5
      vertex 91.205323327 3.132628613 5
    endloop
  endfacet
  facet normal -0.98078528 0.195090322 0
    outer loop
      vertex 91.817780169 6.211657082 9
      vertex 91.205323327 3.132628613 5
      vertex 91.205323327 3.132628613 9
    endloop
  endfacet
  facet normal -0.997858923 0.065403129 0
    outer loop
      vertex 91.205323327 3.132628613 9
      vertex 91.205323327 3.132628613 5
      vertex 91 0 5
    endloop
  endfacet
  facet normal -0.997858923 0.065403129 0
    outer loop
      vertex 91.205323327 3.132628613 9
      vertex 91 0 5
      vertex 91 0 9
    endloop
  endfacet
  facet normal -0.997858923 -0.065403129 0
    outer loop
      vertex 91 0 9
      vertex 91 0 5
      vertex 91.205323327 -3.132628613 5
    endloop
  endfacet
  facet normal -0.997858923 -0.065403129 0
    outer loop
      vertex 91 0 9
      vertex 91.205323327 -3.132628613 5
      vertex 91.205323327 -3.132628613 9
    endloop
  endfacet
  facet normal -0.98078528 -0.195090322 0
    outer loop
      vertex 91.205323327 -3.132628613 9
      vertex 91.205323327 -3.132628613 5
      vertex 91.817780169 -6.211657082 5
    endloop
  endfacet
  facet normal -0.98078528 -0.195090322 0
    outer loop
      vertex 91.205323327 -3.132628613 9
      vertex 91.817780169 -6.211657082 5
      vertex 91.817780169 -6.211657082 9
    endloop
  endfacet
  facet normal -0.946930129 -0.321439465 0
    outer loop
      vertex 91.817780169 -6.211657082 9
      vertex 91.817780169 -6.211657082 5
      vertex 92.82689122 -9.184402377 5
    endloop
  endfacet
  facet normal -0.946930129 -0.321439465 0
    outer loop
      vertex 91.817780169 -6.211657082 9
      vertex 92.82689122 -9.184402377 5
      vertex 92.82689122 -9.184402377 9
    endloop
  endfacet
  facet normal -0.896872742 -0.44228869 0
    outer loop
      vertex 92.82689122 -9.184402377 9
      vertex 92.82689122 -9.184402377 5
      vertex 94.215390309 -12 5
    endloop
  endfacet
  facet normal -0.896872742 -0.44228869 0
    outer loop
      vertex 92.82689122 -9.184402377 9
      vertex 94.215390309 -12 5
      vertex 94.215390309 -12 9
    endloop
  endfacet
  facet normal -0.831469612 -0.555570233 0
    outer loop
      vertex 94.215390309 -12 9
      vertex 94.215390309 -12 5
      vertex 95.959519833 -14.610274296 5
    endloop
  endfacet
  facet normal -0.831469612 -0.555570233 0
    outer loop
      vertex 94.215390309 -12 9
      vertex 95.959519833 -14.610274296 5
      vertex 95.959519833 -14.610274296 9
    endloop
  endfacet
  facet normal -0.751839807 -0.659345815 0
    outer loop
      vertex 95.959519833 -14.610274296 9
      vertex 95.959519833 -14.610274296 5
      vertex 98.029437252 -16.970562748 5
    endloop
  endfacet
  facet normal -0.751839807 -0.659345815 0
    outer loop
      vertex 95.959519833 -14.610274296 9
      vertex 98.029437252 -16.970562748 5
      vertex 98.029437252 -16.970562748 9
    endloop
  endfacet
  facet normal -0.659345815 -0.751839807 0
    outer loop
      vertex 98.029437252 -16.970562748 9
      vertex 98.029437252 -16.970562748 5
      vertex 100.389725704 -19.040480167 5
    endloop
  endfacet
  facet normal -0.659345815 -0.751839807 0
    outer loop
      vertex 98.029437252 -16.970562748 9
      vertex 100.389725704 -19.040480167 5
      vertex 100.389725704 -19.040480167 9
    endloop
  endfacet
  facet normal -0.555570233 -0.831469612 0
    outer loop
      vertex 100.389725704 -19.040480167 9
      vertex 100.389725704 -19.040480167 5
      vertex 103 -20.784609691 5
    endloop
  endfacet
  facet normal -0.555570233 -0.831469612 0
    outer loop
      vertex 100.389725704 -19.040480167 9
      vertex 103 -20.784609691 5
      vertex 103 -20.784609691 9
    endloop
  endfacet
  facet normal -0.44228869 -0.896872742 0
    outer loop
      vertex 103 -20.784609691 9
      vertex 103 -20.784609691 5
      vertex 105.815597623 -22.17310878 5
    endloop
  endfacet
  facet normal -0.44228869 -0.896872742 0
    outer loop
      vertex 103 -20.784609691 9
      vertex 105.815597623 -22.17310878 5
      vertex 105.815597623 -22.17310878 9
    endloop
  endfacet
  facet normal -0.321439465 -0.946930129 0
    outer loop
      vertex 105.815597623 -22.17310878 9
      vertex 105.815597623 -22.17310878 5
      vertex 108.788342918 -23.182219831 5
    endloop
  endfacet
  facet normal -0.321439465 -0.946930129 0
    outer loop
      vertex 105.815597623 -22.17310878 9
      vertex 108.788342918 -23.182219831 5
      vertex 108.788342918 -23.182219831 9
    endloop
  endfacet
  facet normal -0.195090322 -0.98078528 0
    outer loop
      vertex 108.788342918 -23.182219831 9
      vertex 108.788342918 -23.182219831 5
      vertex 111.867371387 -23.794676673 5
    endloop
  endfacet
  facet normal -0.195090322 -0.98078528 0
    outer loop
      vertex 108.788342918 -23.182219831 9
      vertex 111.867371387 -23.794676673 5
      vertex 111.867371387 -23.794676673 9
    endloop
  endfacet
  facet normal -0.065403129 -0.997858923 0
    outer loop
      vertex 111.867371387 -23.794676673 9
      vertex 111.867371387 -23.794676673 5
      vertex 115 -24 5
    endloop
  endfacet
  facet normal -0.065403129 -0.997858923 0
    outer loop
      vertex 111.867371387 -23.794676673 9
      vertex 115 -24 5
      vertex 115 -24 9
    endloop
  endfacet
  facet normal 0.065403129 -0.997858923 0
    outer loop
      vertex 115 -24 9
      vertex 115 -24 5
      vertex 118.132628613 -23.794676673 5
    endloop
  endfacet
  facet normal 0.065403129 -0.997858923 0
    outer loop
      vertex 115 -24 9
      vertex 118.132628613 -23.794676673 5
      vertex 118.132628613 -23.794676673 9
    endloop
  endfacet
  facet normal 0.195090322 -0.98078528 0
    outer loop
      vertex 118.132628613 -23.794676673 9
      vertex 118.132628613 -23.794676673 5
      vertex 121.211657082 -23.182219831 5
    endloop
  endfacet
  facet normal 0.195090322 -0.98078528 0
    outer loop
      vertex 118.132628613 -23.794676673 9
      vertex 121.211657082 -23.182219831 5
      vertex 121.211657082 -23.182219831 9
    endloop
  endfacet
  facet normal 0.321439465 -0.946930129 0
    outer loop
      vertex 121.211657082 -23.182219831 9
      vertex 121.211657082 -23.182219831 5
      vertex 124.184402377 -22.17310878 5
    endloop
  endfacet
  facet normal 0.321439465 -0.946930129 0
    outer loop
      vertex 121.211657082 -23.182219831 9
      vertex 124.184402377 -22.17310878 5
      vertex 124.184402377 -22.17310878 9
    endloop
  endfacet
  facet normal 0.44228869 -0.896872742 0
    outer loop
      vertex 124.184402377 -22.17310878 9
      vertex 124.184402377 -22.17310878 5
      vertex 127 -20.784609691 5
    endloop
  endfacet
  facet normal 0.44228869 -0.896872742 0
    outer loop
      vertex 124.184402377 -22.17310878 9
      vertex 127 -20.784609691 5
      vertex 127 -20.784609691 9
    endloop
  endfacet
  facet normal 0.555570233 -0.831469612 0
    outer loop
      vertex 127 -20.784609691 9
      vertex 127 -20.784609691 5
      vertex 129.610274296 -19.040480167 5
    endloop
  endfacet
  facet normal 0.555570233 -0.831469612 0
    outer loop
      vertex 127 -20.784609691 9
      vertex 129.610274296 -19.040480167 5
      vertex 129.610274296 -19.040480167 9
    endloop
  endfacet
  facet normal 0.659345815 -0.751839807 0
    outer loop
      vertex 129.610274296 -19.040480167 9
      vertex 129.610274296 -19.040480167 5
      vertex 131.970562748 -16.970562748 5
    endloop
  endfacet
  facet normal 0.659345815 -0.751839807 0
    outer loop
      vertex 129.610274296 -19.040480167 9
      vertex 131.970562748 -16.970562748 5
      vertex 131.970562748 -16.970562748 9
    endloop
  endfacet
  facet normal 0.751839807 -0.659345815 0
    outer loop
      vertex 131.970562748 -16.970562748 9
      vertex 131.970562748 -16.970562748 5
      vertex 134.040480167 -14.610274296 5
    endloop
  endfacet
  facet normal 0.751839807 -0.659345815 0
    outer loop
      vertex 131.970562748 -16.970562748 9
      vertex 134.040480167 -14.610274296 5
      vertex 134.040480167 -14.610274296 9
    endloop
  endfacet
  facet normal 0.831469612 -0.555570233 0
    outer loop
      vertex 134.040480167 -14.610274296 9
      vertex 134.040480167 -14.610274296 5
      vertex 135.784609691 -12 5
    endloop
  endfacet
  facet normal 0.831469612 -0.555570233 0
    outer loop
      vertex 134.040480167 -14.610274296 9
      vertex 135.784609691 -12 5
      vertex 135.784609691 -12 9
    endloop
  endfacet
  facet normal 0.896872742 -0.44228869 0
    outer loop
      vertex 135.784609691 -12 9
      vertex 135.784609691 -12 5
      vertex 137.17310878 -9.184402377 5
    endloop
  endfacet
  facet normal 0.896872742 -0.44228869 0
    outer loop
      vertex 135.784609691 -12 9
      vertex 137.17310878 -9.184402377 5
      vertex 137.17310878 -9.184402377 9
    endloop
  endfacet
  facet normal 0.946930129 -0.321439465 0
    outer loop
      vertex 137.17310878 -9.184402377 9
      vertex 137.17310878 -9.184402377 5
      vertex 138.182219831 -6.211657082 5
    endloop
  endfacet
  facet normal 0.946930129 -0.321439465 0
    outer loop
      vertex 137.17310878 -9.184402377 9
      vertex 138.182219831 -6.211657082 5
      vertex 138.182219831 -6.211657082 9
    endloop
  endfacet
  facet normal 0.98078528 -0.195090322 0
    outer loop
      vertex 138.182219831 -6.211657082 9
      vertex 138.182219831 -6.211657082 5
      vertex 138.794676673 -3.132628613 5
    endloop
  endfacet
  facet normal 0.98078528 -0.195090322 0
    outer loop
      vertex 138.182219831 -6.211657082 9
      vertex 138.794676673 -3.132628613 5
      vertex 138.794676673 -3.132628613 9
    endloop
  endfacet
  facet normal 0 0 1
    outer loop
      vertex 111.867371387 23.794676673 9
      vertex 108.788342918 23.182219831 9
      vertex 105.815597623 22.17310878 9
    endloop
  endfacet
  facet normal 0 0 1
    outer loop
      vertex 111.867371387 23.794676673 9
      vertex 105.815597623 22.17310878 9
      vertex 103 20.784609691 9
    endloop
  endfacet
  facet normal 0 0 1
    outer loop
      vertex 111.867371387 23.794676673 9
      vertex 103 20.784609691 9
      vertex 100.389725704 19.040480167 9
    endloop
  endfacet
  facet normal 0 0 1
    outer loop
      vertex 111.867371387 23.794676673 9
      vertex 100.389725704 19.040480167 9
      vertex 99.203285462 18 9
    endloop
  endfacet
  facet normal 0 0 1
    outer loop
      vertex 111.867371387 23.794676673 9
      vertex 99.203285462 18 9
      vertex 130.796714538 18 9
    endloop
  endfacet
  facet normal 0 0 1
    outer loop
      vertex 111.867371387 23.794676673 9
      vertex 130.796714538 18 9
      vertex 129.610274296 19.040480167 9
    endloop
  endfacet
  facet normal 0 0 1
    outer loop
      vertex 111.867371387 23.794676673 9
      vertex 129.610274296 19.040480167 9
      vertex 127 20.784609691 9
    endloop
  endfacet
  facet normal 0 0 1
    outer loop
      vertex 111.867371387 23.794676673 9
      vertex 127 20.784609691 9
      vertex 124.184402377 22.17310878 9
    endloop
  endfacet
  facet normal 0 0 1
    outer loop
      vertex 111.867371387 23.794676673 9
      vertex 124.184402377 22.17310878 9
      vertex 121.211657082 23.182219831 9
    endloop
  endfacet
  facet normal 0 0 1
    outer loop
      vertex 111.867371387 23.794676673 9
      vertex 121.211657082 23.182219831 9
      vertex 118.132628613 23.794676673 9
    endloop
  endfacet
  facet normal 0 0 1
    outer loop
      vertex 111.867371387 23.794676673 9
      vertex 118.132628613 23.794676673 9
      vertex 115 24 9
    endloop
  endfacet
  facet normal 0 0 1
    outer loop
      vertex 115 18 9
      vertex 117.34947146 17.846007505 9
      vertex 130.972309325 17.846007505 9
    endloop
  endfacet
  facet normal 0 0 1
    outer loop
      vertex 115 18 9
      vertex 130.972309325 17.846007505 9
      vertex 130.796714538 18 9
    endloop
  endfacet
  facet normal 0 0 1
    outer loop
      vertex 99.203285462 18 9
      vertex 99.027690675 17.846007505 9
      vertex 112.65052854 17.846007505 9
    endloop
  endfacet
  facet normal 0 0 1
    outer loop
      vertex 99.203285462 18 9
      vertex 112.65052854 17.846007505 9
      vertex 115 18 9
    endloop
  endfacet
  facet normal 0 0 1
    outer loop
      vertex 117.34947146 17.846007505 9
      vertex 119.658742812 17.386664873 9
      vertex 131.496089211 17.386664873 9
    endloop
  endfacet
  facet normal 0 0 1
    outer loop
      vertex 117.34947146 17.846007505 9
      vertex 131.496089211 17.386664873 9
      vertex 130.972309325 17.846007505 9
    endloop
  endfacet
  facet normal 0 0 1
    outer loop
      vertex 99.027690675 17.846007505 9
      vertex 98.503910789 17.386664873 9
      vertex 110.341257188 17.386664873 9
    endloop
  endfacet
  facet normal 0 0 1
    outer loop
      vertex 99.027690675 17.846007505 9
      vertex 110.341257188 17.386664873 9
      vertex 112.65052854 17.846007505 9
    endloop
  endfacet
  facet normal 0 0 1
    outer loop
      vertex 119.658742812 17.386664873 9
      vertex 121.888301783 16.629831585 9
      vertex 132.269375959 16.629831585 9
    endloop
  endfacet
  facet normal 0 0 1
    outer loop
      vertex 119.658742812 17.386664873 9
      vertex 132.269375959 16.629831585 9
      vertex 131.970562748 16.970562748 9
    endloop
  endfacet
  facet normal 0 0 1
    outer loop
      vertex 119.658742812 17.386664873 9
      vertex 131.970562748 16.970562748 9
      vertex 131.496089211 17.386664873 9
    endloop
  endfacet
  facet normal 0 0 1
    outer loop
      vertex 98.503910789 17.386664873 9
      vertex 98.029437252 16.970562748 9
      vertex 97.730624041 16.629831585 9
    endloop
  endfacet
  facet normal 0 0 1
    outer loop
      vertex 98.503910789 17.386664873 9
      vertex 97.730624041 16.629831585 9
      vertex 108.111698217 16.629831585 9
    endloop
  endfacet
  facet normal 0 0 1
    outer loop
      vertex 98.503910789 17.386664873 9
      vertex 108.111698217 16.629831585 9
      vertex 110.341257188 17.386664873 9
    endloop
  endfacet
  facet normal 0 0 1
    outer loop
      vertex 121.888301783 16.629831585 9
      vertex 124 15.588457268 9
      vertex 133.182636724 15.588457268 9
    endloop
  endfacet
  facet normal 0 0 1
    outer loop
      vertex 121.888301783 16.629831585 9
      vertex 133.182636724 15.588457268 9
      vertex 132.269375959 16.629831585 9
    endloop
  endfacet
  facet normal 0 0 1
    outer loop
      vertex 97.730624041 16.629831585 9
      vertex 96.817363276 15.588457268 9
      vertex 106 15.588457268 9
    endloop
  endfacet
  facet normal 0 0 1
    outer loop
      vertex 97.730624041 16.629831585 9
      vertex 106 15.588457268 9
      vertex 108.111698217 16.629831585 9
    endloop
  endfacet
  facet normal 0 0 1
    outer loop
      vertex 124 15.588457268 9
      vertex 125.957705722 14.280360125 9
      vertex 134.260921768 14.280360125 9
    endloop
  endfacet
  facet normal 0 0 1
    outer loop
      vertex 124 15.588457268 9
      vertex 134.260921768 14.280360125 9
      vertex 134.040480167 14.610274296 9
    endloop
  endfacet
  facet normal 0 0 1
    outer loop
      vertex 124 15.588457268 9
      vertex 134.040480167 14.610274296 9
      vertex 133.182636724 15.588457268 9
    endloop
  endfacet
  facet normal 0 0 1
    outer loop
      vertex 96.817363276 15.588457268 9
      vertex 95.959519833 14.610274296 9
      vertex 95.739078232 14.280360125 9
    endloop
  endfacet
  facet normal 0 0 1
    outer loop
      vertex 96.817363276 15.588457268 9
      vertex 95.739078232 14.280360125 9
      vertex 104.042294278 14.280360125 9
    endloop
  endfacet
  facet normal 0 0 1
    outer loop
      vertex 96.817363276 15.588457268 9
      vertex 104.042294278 14.280360125 9
      vertex 106 15.588457268 9
    endloop
  endfacet
  facet normal 0 0 1
    outer loop
      vertex 125.957705722 14.280360125 9
      vertex 127.727922061 12.727922061 9
      vertex 135.298227719 12.727922061 9
    endloop
  endfacet
  facet normal 0 0 1
    outer loop
      vertex 125.957705722 14.280360125 9
      vertex 135.298227719 12.727922061 9
      vertex 134.260921768 14.280360125 9
    endloop
  endfacet
  facet normal 0 0 1
    outer loop
      vertex 95.739078232 14.280360125 9
      vertex 94.701772281 12.727922061 9
      vertex 102.272077939 12.727922061 9
    endloop
  endfacet
  facet normal 0 0 1
    outer loop
      vertex 95.739078232 14.280360125 9
      vertex 102.272077939 12.727922061 9
      vertex 104.042294278 14.280360125 9
    endloop
  endfacet
  facet normal 0 0 1
    outer loop
      vertex 127.727922061 12.727922061 9
      vertex 129.280360125 10.957705722 9
      vertex 136.298612347 10.957705722 9
    endloop
  endfacet
  facet normal 0 0 1
    outer loop
      vertex 127.727922061 12.727922061 9
      vertex 136.298612347 10.957705722 9
      vertex 135.784609691 12 9
    endloop
  endfacet
  facet normal 0 0 1
    outer loop
      vertex 127.727922061 12.727922061 9
      vertex 135.784609691 12 9
      vertex 135.298227719 12.727922061 9
    endloop
  endfacet
  facet normal 0 0 1
    outer loop
      vertex 94.701772281 12.727922061 9
      vertex 94.215390309 12 9
      vertex 93.701387653 10.957705722 9
    endloop
  endfacet
  facet normal 0 0 1
    outer loop
      vertex 94.701772281 12.727922061 9
      vertex 93.701387653 10.957705722 9
      vertex 100.719639875 10.957705722 9
    endloop
  endfacet
  facet normal 0 0 1
    outer loop
      vertex 94.701772281 12.727922061 9
      vertex 100.719639875 10.957705722 9
      vertex 102.272077939 12.727922061 9
    endloop
  endfacet
  facet normal 0 0 1
    outer loop
      vertex 129.280360125 10.957705722 9
      vertex 130.588457268 9 9
      vertex 137.235704952 9 9
    endloop
  endfacet
  facet normal 0 0 1
    outer loop
      vertex 129.280360125 10.957705722 9
      vertex 137.235704952 9 9
      vertex 137.17310878 9.184402377 9
    endloop
  endfacet
  facet normal 0 0 1
    outer loop
      vertex 129.280360125 10.957705722 9
      vertex 137.17310878 9.184402377 9
      vertex 136.298612347 10.957705722 9
    endloop
  endfacet
  facet normal 0 0 1
    outer loop
      vertex 93.701387653 10.957705722 9
      vertex 92.82689122 9.184402377 9
      vertex 92.764295048 9 9
    endloop
  endfacet
  facet normal 0 0 1
    outer loop
      vertex 93.701387653 10.957705722 9
      vertex 92.764295048 9 9
      vertex 99.411542732 9 9
    endloop
  endfacet
  facet normal 0 0 1
    outer loop
      vertex 93.701387653 10.957705722 9
      vertex 99.411542732 9 9
      vertex 100.719639875 10.957705722 9
    endloop
  endfacet
  facet normal 0 0 1
    outer loop
      vertex 130.588457268 9 9
      vertex 131.629831585 6.888301783 9
      vertex 137.952529906 6.888301783 9
    endloop
  endfacet
  facet normal 0 0 1
    outer loop
      vertex 130.588457268 9 9
      vertex 137.952529906 6.888301783 9
      vertex 137.235704952 9 9
    endloop
  endfacet
  facet normal 0 0 1
    outer loop
      vertex 92.764295048 9 9
      vertex 92.047470094 6.888301783 9
      vertex 98.370168415 6.888301783 9
    endloop
  endfacet
  facet normal 0 0 1
    outer loop
      vertex 92.764295048 9 9
      vertex 98.370168415 6.888301783 9
      vertex 99.411542732 9 9
    endloop
  endfacet
  facet normal 0 0 1
    outer loop
      vertex 131.629831585 6.888301783 9
      vertex 132.386664873 4.658742812 9
      vertex 138.491113685 4.658742812 9
    endloop
  endfacet
  facet normal 0 0 1
    outer loop
      vertex 131.629831585 6.888301783 9
      vertex 138.491113685 4.658742812 9
      vertex 138.182219831 6.211657082 9
    endloop
  endfacet
  facet normal 0 0 1
    outer loop
      vertex 131.629831585 6.888301783 9
      vertex 138.182219831 6.211657082 9
      vertex 137.952529906 6.888301783 9
    endloop
  endfacet
  facet normal 0 0 1
    outer loop
      vertex 92.047470094 6.888301783 9
      vertex 91.817780169 6.211657082 9
      vertex 91.508886315 4.658742812 9
    endloop
  endfacet
  facet normal 0 0 1
    outer loop
      vertex 92.047470094 6.888301783 9
      vertex 91.508886315 4.658742812 9
      vertex 97.613335127 4.658742812 9
    endloop
  endfacet
  facet normal 0 0 1
    outer loop
      vertex 92.047470094 6.888301783 9
      vertex 97.613335127 4.658742812 9
      vertex 98.370168415 6.888301783 9
    endloop
  endfacet
  facet normal 0 0 1
    outer loop
      vertex 132.386664873 4.658742812 9
      vertex 132.846007505 2.34947146 9
      vertex 138.846007505 2.34947146 9
    endloop
  endfacet
  facet normal 0 0 1
    outer loop
      vertex 132.386664873 4.658742812 9
      vertex 138.846007505 2.34947146 9
      vertex 138.794676673 3.132628613 9
    endloop
  endfacet
  facet normal 0 0 1
    outer loop
      vertex 132.386664873 4.658742812 9
      vertex 138.794676673 3.132628613 9
      vertex 138.491113685 4.658742812 9
    endloop
  endfacet
  facet normal 0 0 1
    outer loop
      vertex 91.508886315 4.658742812 9
      vertex 91.205323327 3.132628613 9
      vertex 91.153992495 2.34947146 9
    endloop
  endfacet
  facet normal 0 0 1
    outer loop
      vertex 91.508886315 4.658742812 9
      vertex 91.153992495 2.34947146 9
      vertex 97.153992495 2.34947146 9
    endloop
  endfacet
  facet normal 0 0 1
    outer loop
      vertex 91.508886315 4.658742812 9
      vertex 97.153992495 2.34947146 9
      vertex 97.613335127 4.658742812 9
    endloop
  endfacet
  facet normal 0 0 1
    outer loop
      vertex 132.846007505 2.34947146 9
      vertex 133 0 9
      vertex 139 0 9
    endloop
  endfacet
  facet normal 0 0 1
    outer loop
      vertex 132.846007505 2.34947146 9
      vertex 139 0 9
      vertex 138.846007505 2.34947146 9
    endloop
  endfacet
  facet normal 0 0 1
    outer loop
      vertex 91.153992495 2.34947146 9
      vertex 91 0 9
      vertex 97 0 9
    endloop
  endfacet
  facet normal 0 0 1
    outer loop
      vertex 91.153992495 2.34947146 9
      vertex 97 0 9
      vertex 97.153992495 2.34947146 9
    endloop
  endfacet
  facet normal 0 0 1
    outer loop
      vertex 133 0 9
      vertex 132.846007505 -2.34947146 9
      vertex 138.846007505 -2.34947146 9
    endloop
  endfacet
  facet normal 0 0 1
    outer loop
      vertex 133 0 9
      vertex 138.846007505 -2.34947146 9
      vertex 139 0 9
    endloop
  endfacet
  facet normal 0 0 1
    outer loop
      vertex 91 0 9
      vertex 91.153992495 -2.34947146 9
      vertex 97.153992495 -2.34947146 9
    endloop
  endfacet
  facet normal 0 0 1
    outer loop
      vertex 91 0 9
      vertex 97.153992495 -2.34947146 9
      vertex 97 0 9
    endloop
  endfacet
  facet normal 0 0 1
    outer loop
      vertex 132.846007505 -2.34947146 9
      vertex 132.386664873 -4.658742812 9
      vertex 138.491113685 -4.658742812 9
    endloop
  endfacet
  facet normal 0 0 1
    outer loop
      vertex 132.846007505 -2.34947146 9
      vertex 138.491113685 -4.658742812 9
      vertex 138.794676673 -3.132628613 9
    endloop
  endfacet
  facet normal 0 0 1
    outer loop
      vertex 132.846007505 -2.34947146 9
      vertex 138.794676673 -3.132628613 9
      vertex 138.846007505 -2.34947146 9
    endloop
  endfacet
  facet normal 0 0 1
    outer loop
      vertex 91.153992495 -2.34947146 9
      vertex 91.205323327 -3.132628613 9
      vertex 91.508886315 -4.658742812 9
    endloop
  endfacet
  facet normal 0 0 1
    outer loop
      vertex 91.153992495 -2.34947146 9
      vertex 91.508886315 -4.658742812 9
      vertex 97.613335127 -4.658742812 9
    endloop
  endfacet
  facet normal 0 0 1
    outer loop
      vertex 91.153992495 -2.34947146 9
      vertex 97.613335127 -4.658742812 9
      vertex 97.153992495 -2.34947146 9
    endloop
  endfacet
  facet normal 0 0 1
    outer loop
      vertex 132.386664873 -4.658742812 9
      vertex 131.629831585 -6.888301783 9
      vertex 137.952529906 -6.888301783 9
    endloop
  endfacet
  facet normal 0 0 1
    outer loop
      vertex 132.386664873 -4.658742812 9
      vertex 137.952529906 -6.888301783 9
      vertex 138.182219831 -6.211657082 9
    endloop
  endfacet
  facet normal 0 0 1
    outer loop
      vertex 132.386664873 -4.658742812 9
      vertex 138.182219831 -6.211657082 9
      vertex 138.491113685 -4.658742812 9
    endloop
  endfacet
  facet normal 0 0 1
    outer loop
      vertex 91.508886315 -4.658742812 9
      vertex 91.817780169 -6.211657082 9
      vertex 92.047470094 -6.888301783 9
    endloop
  endfacet
  facet normal 0 0 1
    outer loop
      vertex 91.508886315 -4.658742812 9
      vertex 92.047470094 -6.888301783 9
      vertex 98.370168415 -6.888301783 9
    endloop
  endfacet
  facet normal 0 0 1
    outer loop
      vertex 91.508886315 -4.658742812 9
      vertex 98.370168415 -6.888301783 9
      vertex 97.613335127 -4.658742812 9
    endloop
  endfacet
  facet normal 0 0 1
    outer loop
      vertex 131.629831585 -6.888301783 9
      vertex 130.588457268 -9 9
      vertex 137.235704952 -9 9
    endloop
  endfacet
  facet normal 0 0 1
    outer loop
      vertex 131.629831585 -6.888301783 9
      vertex 137.235704952 -9 9
      vertex 137.952529906 -6.888301783 9
    endloop
  endfacet
  facet normal 0 0 1
    outer loop
      vertex 92.047470094 -6.888301783 9
      vertex 92.764295048 -9 9
      vertex 99.411542732 -9 9
    endloop
  endfacet
  facet normal 0 0 1
    outer loop
      vertex 92.047470094 -6.888301783 9
      vertex 99.411542732 -9 9
      vertex 98.370168415 -6.888301783 9
    endloop
  endfacet
  facet normal 0 0 1
    outer loop
      vertex 130.588457268 -9 9
      vertex 129.280360125 -10.957705722 9
      vertex 136.298612347 -10.957705722 9
    endloop
  endfacet
  facet normal 0 0 1
    outer loop
      vertex 130.588457268 -9 9
      vertex 136.298612347 -10.957705722 9
      vertex 137.17310878 -9.184402377 9
    endloop
  endfacet
  facet normal 0 0 1
    outer loop
      vertex 130.588457268 -9 9
      vertex 137.17310878 -9.184402377 9
      vertex 137.235704952 -9 9
    endloop
  endfacet
  facet normal 0 0 1
    outer loop
      vertex 92.764295048 -9 9
      vertex 92.82689122 -9.184402377 9
      vertex 93.701387653 -10.957705722 9
    endloop
  endfacet
  facet normal 0 0 1
    outer loop
      vertex 92.764295048 -9 9
      vertex 93.701387653 -10.957705722 9
      vertex 100.719639875 -10.957705722 9
    endloop
  endfacet
  facet normal 0 0 1
    outer loop
      vertex 92.764295048 -9 9
      vertex 100.719639875 -10.957705722 9
      vertex 99.411542732 -9 9
    endloop
  endfacet
  facet normal 0 0 1
    outer loop
      vertex 129.280360125 -10.957705722 9
      vertex 127.727922061 -12.727922061 9
      vertex 135.298227719 -12.727922061 9
    endloop
  endfacet
  facet normal 0 0 1
    outer loop
      vertex 129.280360125 -10.957705722 9
      vertex 135.298227719 -12.727922061 9
      vertex 135.784609691 -12 9
    endloop
  endfacet
  facet normal 0 0 1
    outer loop
      vertex 129.280360125 -10.957705722 9
      vertex 135.784609691 -12 9
      vertex 136.298612347 -10.957705722 9
    endloop
  endfacet
  facet normal 0 0 1
    outer loop
      vertex 93.701387653 -10.957705722 9
      vertex 94.215390309 -12 9
      vertex 94.701772281 -12.727922061 9
    endloop
  endfacet
  facet normal 0 0 1
    outer loop
      vertex 93.701387653 -10.957705722 9
      vertex 94.701772281 -12.727922061 9
      vertex 102.272077939 -12.727922061 9
    endloop
  endfacet
  facet normal 0 0 1
    outer loop
      vertex 93.701387653 -10.957705722 9
      vertex 102.272077939 -12.727922061 9
      vertex 100.719639875 -10.957705722 9
    endloop
  endfacet
  facet normal 0 0 1
    outer loop
      vertex 127.727922061 -12.727922061 9
      vertex 125.957705722 -14.280360125 9
      vertex 134.260921768 -14.280360125 9
    endloop
  endfacet
  facet normal 0 0 1
    outer loop
      vertex 127.727922061 -12.727922061 9
      vertex 134.260921768 -14.280360125 9
      vertex 135.298227719 -12.727922061 9
    endloop
  endfacet
  facet normal 0 0 1
    outer loop
      vertex 94.701772281 -12.727922061 9
      vertex 95.739078232 -14.280360125 9
      vertex 104.042294278 -14.280360125 9
    endloop
  endfacet
  facet normal 0 0 1
    outer loop
      vertex 94.701772281 -12.727922061 9
      vertex 104.042294278 -14.280360125 9
      vertex 102.272077939 -12.727922061 9
    endloop
  endfacet
  facet normal 0 0 1
    outer loop
      vertex 125.957705722 -14.280360125 9
      vertex 124 -15.588457268 9
      vertex 133.182636724 -15.588457268 9
    endloop
  endfacet
  facet normal 0 0 1
    outer loop
      vertex 125.957705722 -14.280360125 9
      vertex 133.182636724 -15.588457268 9
      vertex 134.040480167 -14.610274296 9
    endloop
  endfacet
  facet normal 0 0 1
    outer loop
      vertex 125.957705722 -14.280360125 9
      vertex 134.040480167 -14.610274296 9
      vertex 134.260921768 -14.280360125 9
    endloop
  endfacet
  facet normal 0 0 1
    outer loop
      vertex 95.739078232 -14.280360125 9
      vertex 95.959519833 -14.610274296 9
      vertex 96.817363276 -15.588457268 9
    endloop
  endfacet
  facet normal 0 0 1
    outer loop
      vertex 95.739078232 -14.280360125 9
      vertex 96.817363276 -15.588457268 9
      vertex 106 -15.588457268 9
    endloop
  endfacet
  facet normal 0 0 1
    outer loop
      vertex 95.739078232 -14.280360125 9
      vertex 106 -15.588457268 9
      vertex 104.042294278 -14.280360125 9
    endloop
  endfacet
  facet normal 0 0 1
    outer loop
      vertex 124 -15.588457268 9
      vertex 121.888301783 -16.629831585 9
      vertex 132.269375959 -16.629831585 9
    endloop
  endfacet
  facet normal 0 0 1
    outer loop
      vertex 124 -15.588457268 9
      vertex 132.269375959 -16.629831585 9
      vertex 133.182636724 -15.588457268 9
    endloop
  endfacet
  facet normal 0 0 1
    outer loop
      vertex 96.817363276 -15.588457268 9
      vertex 97.730624041 -16.629831585 9
      vertex 108.111698217 -16.629831585 9
    endloop
  endfacet
  facet normal 0 0 1
    outer loop
      vertex 96.817363276 -15.588457268 9
      vertex 108.111698217 -16.629831585 9
      vertex 106 -15.588457268 9
    endloop
  endfacet
  facet normal 0 0 1
    outer loop
      vertex 121.888301783 -16.629831585 9
      vertex 119.658742812 -17.386664873 9
      vertex 131.496089211 -17.386664873 9
    endloop
  endfacet
  facet normal 0 0 1
    outer loop
      vertex 121.888301783 -16.629831585 9
      vertex 131.496089211 -17.386664873 9
      vertex 131.970562748 -16.970562748 9
    endloop
  endfacet
  facet normal 0 0 1
    outer loop
      vertex 121.888301783 -16.629831585 9
      vertex 131.970562748 -16.970562748 9
      vertex 132.269375959 -16.629831585 9
    endloop
  endfacet
  facet normal 0 0 1
    outer loop
      vertex 97.730624041 -16.629831585 9
      vertex 98.029437252 -16.970562748 9
      vertex 98.503910789 -17.386664873 9
    endloop
  endfacet
  facet normal 0 0 1
    outer loop
      vertex 97.730624041 -16.629831585 9
      vertex 98.503910789 -17.386664873 9
      vertex 110.341257188 -17.386664873 9
    endloop
  endfacet
  facet normal 0 0 1
    outer loop
      vertex 97.730624041 -16.629831585 9
      vertex 110.341257188 -17.386664873 9
      vertex 108.111698217 -16.629831585 9
    endloop
  endfacet
  facet normal 0 0 1
    outer loop
      vertex 119.658742812 -17.386664873 9
      vertex 117.34947146 -17.846007505 9
      vertex 130.972309325 -17.846007505 9
    endloop
  endfacet
  facet normal 0 0 1
    outer loop
      vertex 119.658742812 -17.386664873 9
      vertex 130.972309325 -17.846007505 9
      vertex 131.496089211 -17.386664873 9
    endloop
  endfacet
  facet normal 0 0 1
    outer loop
      vertex 98.503910789 -17.386664873 9
      vertex 99.027690675 -17.846007505 9
      vertex 112.65052854 -17.846007505 9
    endloop
  endfacet
  facet normal 0 0 1
    outer loop
      vertex 98.503910789 -17.386664873 9
      vertex 112.65052854 -17.846007505 9
      vertex 110.341257188 -17.386664873 9
    endloop
  endfacet
  facet normal 0 0 1
    outer loop
      vertex 117.34947146 -17.846007505 9
      vertex 115 -18 9
      vertex 130.796714538 -18 9
    endloop
  endfacet
  facet normal 0 0 1
    outer loop
      vertex 117.34947146 -17.846007505 9
      vertex 130.796714538 -18 9
      vertex 130.972309325 -17.846007505 9
    endloop
  endfacet
  facet normal 0 0 1
    outer loop
      vertex 99.027690675 -17.846007505 9
      vertex 99.203285462 -18 9
      vertex 115 -18 9
    endloop
  endfacet
  facet normal 0 0 1
    outer loop
      vertex 99.027690675 -17.846007505 9
      vertex 115 -18 9
      vertex 112.65052854 -17.846007505 9
    endloop
  endfacet
  facet normal 0 0 1
    outer loop
      vertex 99.203285462 -18 9
      vertex 100.389725704 -19.040480167 9
      vertex 103 -20.784609691 9
    endloop
  endfacet
  facet normal 0 0 1
    outer loop
      vertex 99.203285462 -18 9
      vertex 103 -20.784609691 9
      vertex 105.815597623 -22.17310878 9
    endloop
  endfacet
  facet normal 0 0 1
    outer loop
      vertex 99.203285462 -18 9
      vertex 105.815597623 -22.17310878 9
      vertex 108.788342918 -23.182219831 9
    endloop
  endfacet
  facet normal 0 0 1
    outer loop
      vertex 99.203285462 -18 9
      vertex 108.788342918 -23.182219831 9
      vertex 111.867371387 -23.794676673 9
    endloop
  endfacet
  facet normal 0 0 1
    outer loop
      vertex 99.203285462 -18 9
      vertex 111.867371387 -23.794676673 9
      vertex 115 -24 9
    endloop
  endfacet
  facet normal 0 0 1
    outer loop
      vertex 99.203285462 -18 9
      vertex 115 -24 9
      vertex 118.132628613 -23.794676673 9
    endloop
  endfacet
  facet normal 0 0 1
    outer loop
      vertex 99.203285462 -18 9
      vertex 118.132628613 -23.794676673 9
      vertex 121.211657082 -23.182219831 9
    endloop
  endfacet
  facet normal 0 0 1
    outer loop
      vertex 99.203285462 -18 9
      vertex 121.211657082 -23.182219831 9
      vertex 124.184402377 -22.17310878 9
    endloop
  endfacet
  facet normal 0 0 1
    outer loop
      vertex 99.203285462 -18 9
      vertex 124.184402377 -22.17310878 9
      vertex 127 -20.784609691 9
    endloop
  endfacet
  facet normal 0 0 1
    outer loop
      vertex 99.203285462 -18 9
      vertex 127 -20.784609691 9
      vertex 129.610274296 -19.040480167 9
    endloop
  endfacet
  facet normal 0 0 1
    outer loop
      vertex 99.203285462 -18 9
      vertex 129.610274296 -19.040480167 9
      vertex 130.796714538 -18 9
    endloop
  endfacet
  facet normal 0 0 -1
    outer loop
      vertex 118.132628613 23.794676673 5
      vertex 121.211657082 23.182219831 5
      vertex 124.184402377 22.17310878 5
    endloop
  endfacet
  facet normal 0 0 -1
    outer loop
      vertex 118.132628613 23.794676673 5
      vertex 124.184402377 22.17310878 5
      vertex 127 20.784609691 5
    endloop
  endfacet
  facet normal 0 0 -1
    outer loop
      vertex 118.132628613 23.794676673 5
      vertex 127 20.784609691 5
      vertex 129.610274296 19.040480167 5
    endloop
  endfacet
  facet normal 0 0 -1
    outer loop
      vertex 118.132628613 23.794676673 5
      vertex 129.610274296 19.040480167 5
      vertex 130.796714538 18 5
    endloop
  endfacet
  facet normal 0 0 -1
    outer loop
      vertex 118.132628613 23.794676673 5
      vertex 130.796714538 18 5
      vertex 99.203285462 18 5
    endloop
  endfacet
  facet normal 0 0 -1
    outer loop
      vertex 118.132628613 23.794676673 5
      vertex 99.203285462 18 5
      vertex 100.389725704 19.040480167 5
    endloop
  endfacet
  facet normal 0 0 -1
    outer loop
      vertex 118.132628613 23.794676673 5
      vertex 100.389725704 19.040480167 5
      vertex 103 20.784609691 5
    endloop
  endfacet
  facet normal 0 0 -1
    outer loop
      vertex 118.132628613 23.794676673 5
      vertex 103 20.784609691 5
      vertex 105.815597623 22.17310878 5
    endloop
  endfacet
  facet normal 0 0 -1
    outer loop
      vertex 118.132628613 23.794676673 5
      vertex 105.815597623 22.17310878 5
      vertex 108.788342918 23.182219831 5
    endloop
  endfacet
  facet normal 0 0 -1
    outer loop
      vertex 118.132628613 23.794676673 5
      vertex 108.788342918 23.182219831 5
      vertex 111.867371387 23.794676673 5
    endloop
  endfacet
  facet normal 0 0 -1
    outer loop
      vertex 118.132628613 23.794676673 5
      vertex 111.867371387 23.794676673 5
      vertex 115 24 5
    endloop
  endfacet
  facet normal 0 0 -1
    outer loop
      vertex 115 18 5
      vertex 112.65052854 17.846007505 5
      vertex 99.027690675 17.846007505 5
    endloop
  endfacet
  facet normal 0 0 -1
    outer loop
      vertex 115 18 5
      vertex 99.027690675 17.846007505 5
      vertex 99.203285462 18 5
    endloop
  endfacet
  facet normal 0 0 -1
    outer loop
      vertex 130.796714538 18 5
      vertex 130.972309325 17.846007505 5
      vertex 117.34947146 17.846007505 5
    endloop
  endfacet
  facet normal 0 0 -1
    outer loop
      vertex 130.796714538 18 5
      vertex 117.34947146 17.846007505 5
      vertex 115 18 5
    endloop
  endfacet
  facet normal 0 0 -1
    outer loop
      vertex 112.65052854 17.846007505 5
      vertex 110.341257188 17.386664873 5
      vertex 98.503910789 17.386664873 5
    endloop
  endfacet
  facet normal 0 0 -1
    outer loop
      vertex 112.65052854 17.846007505 5
      vertex 98.503910789 17.386664873 5
      vertex 99.027690675 17.846007505 5
    endloop
  endfacet
  facet normal 0 0 -1
    outer loop
      vertex 130.972309325 17.846007505 5
      vertex 131.496089211 17.386664873 5
      vertex 119.658742812 17.386664873 5
    endloop
  endfacet
  facet normal 0 0 -1
    outer loop
      vertex 130.972309325 17.846007505 5
      vertex 119.658742812 17.386664873 5
      vertex 117.34947146 17.846007505 5
    endloop
  endfacet
  facet normal 0 0 -1
    outer loop
      vertex 110.341257188 17.386664873 5
      vertex 108.111698217 16.629831585 5
      vertex 97.730624041 16.629831585 5
    endloop
  endfacet
  facet normal 0 0 -1
    outer loop
      vertex 110.341257188 17.386664873 5
      vertex 97.730624041 16.629831585 5
      vertex 98.029437252 16.970562748 5
    endloop
  endfacet
  facet normal 0 0 -1
    outer loop
      vertex 110.341257188 17.386664873 5
      vertex 98.029437252 16.970562748 5
      vertex 98.503910789 17.386664873 5
    endloop
  endfacet
  facet normal 0 0 -1
    outer loop
      vertex 131.496089211 17.386664873 5
      vertex 131.970562748 16.970562748 5
      vertex 132.269375959 16.629831585 5
    endloop
  endfacet
  facet normal 0 0 -1
    outer loop
      vertex 131.496089211 17.386664873 5
      vertex 132.269375959 16.629831585 5
      vertex 121.888301783 16.629831585 5
    endloop
  endfacet
  facet normal 0 0 -1
    outer loop
      vertex 131.496089211 17.386664873 5
      vertex 121.888301783 16.629831585 5
      vertex 119.658742812 17.386664873 5
    endloop
  endfacet
  facet normal 0 0 -1
    outer loop
      vertex 108.111698217 16.629831585 5
      vertex 106 15.588457268 5
      vertex 96.817363276 15.588457268 5
    endloop
  endfacet
  facet normal 0 0 -1
    outer loop
      vertex 108.111698217 16.629831585 5
      vertex 96.817363276 15.588457268 5
      vertex 97.730624041 16.629831585 5
    endloop
  endfacet
  facet normal 0 0 -1
    outer loop
      vertex 132.269375959 16.629831585 5
      vertex 133.182636724 15.588457268 5
      vertex 124 15.588457268 5
    endloop
  endfacet
  facet normal 0 0 -1
    outer loop
      vertex 132.269375959 16.629831585 5
      vertex 124 15.588457268 5
      vertex 121.888301783 16.629831585 5
    endloop
  endfacet
  facet normal 0 0 -1
    outer loop
      vertex 106 15.588457268 5
      vertex 104.042294278 14.280360125 5
      vertex 95.739078232 14.280360125 5
    endloop
  endfacet
  facet normal 0 0 -1
    outer loop
      vertex 106 15.588457268 5
      vertex 95.739078232 14.280360125 5
      vertex 95.959519833 14.610274296 5
    endloop
  endfacet
  facet normal 0 0 -1
    outer loop
      vertex 106 15.588457268 5
      vertex 95.959519833 14.610274296 5
      vertex 96.817363276 15.588457268 5
    endloop
  endfacet
  facet normal 0 0 -1
    outer loop
      vertex 133.182636724 15.588457268 5
      vertex 134.040480167 14.610274296 5
      vertex 134.260921768 14.280360125 5
    endloop
  endfacet
  facet normal 0 0 -1
    outer loop
      vertex 133.182636724 15.588457268 5
      vertex 134.260921768 14.280360125 5
      vertex 125.957705722 14.280360125 5
    endloop
  endfacet
  facet normal 0 0 -1
    outer loop
      vertex 133.182636724 15.588457268 5
      vertex 125.957705722 14.280360125 5
      vertex 124 15.588457268 5
    endloop
  endfacet
  facet normal 0 0 -1
    outer loop
      vertex 104.042294278 14.280360125 5
      vertex 102.272077939 12.727922061 5
      vertex 94.701772281 12.727922061 5
    endloop
  endfacet
  facet normal 0 0 -1
    outer loop
      vertex 104.042294278 14.280360125 5
      vertex 94.701772281 12.727922061 5
      vertex 95.739078232 14.280360125 5
    endloop
  endfacet
  facet normal 0 0 -1
    outer loop
      vertex 134.260921768 14.280360125 5
      vertex 135.298227719 12.727922061 5
      vertex 127.727922061 12.727922061 5
    endloop
  endfacet
  facet normal 0 0 -1
    outer loop
      vertex 134.260921768 14.280360125 5
      vertex 127.727922061 12.727922061 5
      vertex 125.957705722 14.280360125 5
    endloop
  endfacet
  facet normal 0 0 -1
    outer loop
      vertex 102.272077939 12.727922061 5
      vertex 100.719639875 10.957705722 5
      vertex 93.701387653 10.957705722 5
    endloop
  endfacet
  facet normal 0 0 -1
    outer loop
      vertex 102.272077939 12.727922061 5
      vertex 93.701387653 10.957705722 5
      vertex 94.215390309 12 5
    endloop
  endfacet
  facet normal 0 0 -1
    outer loop
      vertex 102.272077939 12.727922061 5
      vertex 94.215390309 12 5
      vertex 94.701772281 12.727922061 5
    endloop
  endfacet
  facet normal 0 0 -1
    outer loop
      vertex 135.298227719 12.727922061 5
      vertex 135.784609691 12 5
      vertex 136.298612347 10.957705722 5
    endloop
  endfacet
  facet normal 0 0 -1
    outer loop
      vertex 135.298227719 12.727922061 5
      vertex 136.298612347 10.957705722 5
      vertex 129.280360125 10.957705722 5
    endloop
  endfacet
  facet normal 0 0 -1
    outer loop
      vertex 135.298227719 12.727922061 5
      vertex 129.280360125 10.957705722 5
      vertex 127.727922061 12.727922061 5
    endloop
  endfacet
  facet normal 0 0 -1
    outer loop
      vertex 100.719639875 10.957705722 5
      vertex 99.411542732 9 5
      vertex 92.764295048 9 5
    endloop
  endfacet
  facet normal 0 0 -1
    outer loop
      vertex 100.719639875 10.957705722 5
      vertex 92.764295048 9 5
      vertex 92.82689122 9.184402377 5
    endloop
  endfacet
  facet normal 0 0 -1
    outer loop
      vertex 100.719639875 10.957705722 5
      vertex 92.82689122 9.184402377 5
      vertex 93.701387653 10.957705722 5
    endloop
  endfacet
  facet normal 0 0 -1
    outer loop
      vertex 136.298612347 10.957705722 5
      vertex 137.17310878 9.184402377 5
      vertex 137.235704952 9 5
    endloop
  endfacet
  facet normal 0 0 -1
    outer loop
      vertex 136.298612347 10.957705722 5
      vertex 137.235704952 9 5
      vertex 130.588457268 9 5
    endloop
  endfacet
  facet normal 0 0 -1
    outer loop
      vertex 136.298612347 10.957705722 5
      vertex 130.588457268 9 5
      vertex 129.280360125 10.957705722 5
    endloop
  endfacet
  facet normal 0 0 -1
    outer loop
      vertex 99.411542732 9 5
      vertex 98.370168415 6.888301783 5
      vertex 92.047470094 6.888301783 5
    endloop
  endfacet
  facet normal 0 0 -1
    outer loop
      vertex 99.411542732 9 5
      vertex 92.047470094 6.888301783 5
      vertex 92.764295048 9 5
    endloop
  endfacet
  facet normal 0 0 -1
    outer loop
      vertex 137.235704952 9 5
      vertex 137.952529906 6.888301783 5
      vertex 131.629831585 6.888301783 5
    endloop
  endfacet
  facet normal 0 0 -1
    outer loop
      vertex 137.235704952 9 5
      vertex 131.629831585 6.888301783 5
      vertex 130.588457268 9 5
    endloop
  endfacet
  facet normal 0 0 -1
    outer loop
      vertex 98.370168415 6.888301783 5
      vertex 97.613335127 4.658742812 5
      vertex 91.508886315 4.658742812 5
    endloop
  endfacet
  facet normal 0 0 -1
    outer loop
      vertex 98.370168415 6.888301783 5
      vertex 91.508886315 4.658742812 5
      vertex 91.817780169 6.211657082 5
    endloop
  endfacet
  facet normal 0 0 -1
    outer loop
      vertex 98.370168415 6.888301783 5
      vertex 91.817780169 6.211657082 5
      vertex 92.047470094 6.888301783 5
    endloop
  endfacet
  facet normal 0 0 -1
    outer loop
      vertex 137.952529906 6.888301783 5
      vertex 138.182219831 6.211657082 5
      vertex 138.491113685 4.658742812 5
    endloop
  endfacet
  facet normal 0 0 -1
    outer loop
      vertex 137.952529906 6.888301783 5
      vertex 138.491113685 4.658742812 5
      vertex 132.386664873 4.658742812 5
    endloop
  endfacet
  facet normal 0 0 -1
    outer loop
      vertex 137.952529906 6.888301783 5
      vertex 132.386664873 4.658742812 5
      vertex 131.629831585 6.888301783 5
    endloop
  endfacet
  facet normal 0 0 -1
    outer loop
      vertex 97.613335127 4.658742812 5
      vertex 97.153992495 2.34947146 5
      vertex 91.153992495 2.34947146 5
    endloop
  endfacet
  facet normal 0 0 -1
    outer loop
      vertex 97.613335127 4.658742812 5
      vertex 91.153992495 2.34947146 5
      vertex 91.205323327 3.132628613 5
    endloop
  endfacet
  facet normal 0 0 -1
    outer loop
      vertex 97.613335127 4.658742812 5
      vertex 91.205323327 3.132628613 5
      vertex 91.508886315 4.658742812 5
    endloop
  endfacet
  facet normal 0 0 -1
    outer loop
      vertex 138.491113685 4.658742812 5
      vertex 138.794676673 3.132628613 5
      vertex 138.846007505 2.34947146 5
    endloop
  endfacet
  facet normal 0 0 -1
    outer loop
      vertex 138.491113685 4.658742812 5
      vertex 138.846007505 2.34947146 5
      vertex 132.846007505 2.34947146 5
    endloop
  endfacet
  facet normal 0 0 -1
    outer loop
      vertex 138.491113685 4.658742812 5
      vertex 132.846007505 2.34947146 5
      vertex 132.386664873 4.658742812 5
    endloop
  endfacet
  facet normal 0 0 -1
    outer loop
      vertex 97.153992495 2.34947146 5
      vertex 97 0 5
      vertex 91 0 5
    endloop
  endfacet
  facet normal 0 0 -1
    outer loop
      vertex 97.153992495 2.34947146 5
      vertex 91 0 5
      vertex 91.153992495 2.34947146 5
    endloop
  endfacet
  facet normal 0 0 -1
    outer loop
      vertex 138.846007505 2.34947146 5
      vertex 139 0 5
      vertex 133 0 5
    endloop
  endfacet
  facet normal 0 0 -1
    outer loop
      vertex 138.846007505 2.34947146 5
      vertex 133 0 5
      vertex 132.846007505 2.34947146 5
    endloop
  endfacet
  facet normal 0 0 -1
    outer loop
      vertex 97 0 5
      vertex 97.153992495 -2.34947146 5
      vertex 91.153992495 -2.34947146 5
    endloop
  endfacet
  facet normal 0 0 -1
    outer loop
      vertex 97 0 5
      vertex 91.153992495 -2.34947146 5
      vertex 91 0 5
    endloop
  endfacet
  facet normal 0 0 -1
    outer loop
      vertex 139 0 5
      vertex 138.846007505 -2.34947146 5
      vertex 132.846007505 -2.34947146 5
    endloop
  endfacet
  facet normal 0 0 -1
    outer loop
      vertex 139 0 5
      vertex 132.846007505 -2.34947146 5
      vertex 133 0 5
    endloop
  endfacet
  facet normal 0 0 -1
    outer loop
      vertex 97.153992495 -2.34947146 5
      vertex 97.613335127 -4.658742812 5
      vertex 91.508886315 -4.658742812 5
    endloop
  endfacet
  facet normal 0 0 -1
    outer loop
      vertex 97.153992495 -2.34947146 5
      vertex 91.508886315 -4.658742812 5
      vertex 91.205323327 -3.132628613 5
    endloop
  endfacet
  facet normal 0 0 -1
    outer loop
      vertex 97.153992495 -2.34947146 5
      vertex 91.205323327 -3.132628613 5
      vertex 91.153992495 -2.34947146 5
    endloop
  endfacet
  facet normal 0 0 -1
    outer loop
      vertex 138.846007505 -2.34947146 5
      vertex 138.794676673 -3.132628613 5
      vertex 138.491113685 -4.658742812 5
    endloop
  endfacet
  facet normal 0 0 -1
    outer loop
      vertex 138.846007505 -2.34947146 5
      vertex 138.491113685 -4.658742812 5
      vertex 132.386664873 -4.658742812 5
    endloop
  endfacet
  facet normal 0 0 -1
    outer loop
      vertex 138.846007505 -2.34947146 5
      vertex 132.386664873 -4.658742812 5
      vertex 132.846007505 -2.34947146 5
    endloop
  endfacet
  facet normal 0 0 -1
    outer loop
      vertex 97.613335127 -4.658742812 5
      vertex 98.370168415 -6.888301783 5
      vertex 92.047470094 -6.888301783 5
    endloop
  endfacet
  facet normal 0 0 -1
    outer loop
      vertex 97.613335127 -4.658742812 5
      vertex 92.047470094 -6.888301783 5
      vertex 91.817780169 -6.211657082 5
    endloop
  endfacet
  facet normal 0 0 -1
    outer loop
      vertex 97.613335127 -4.658742812 5
      vertex 91.817780169 -6.211657082 5
      vertex 91.508886315 -4.658742812 5
    endloop
  endfacet
  facet normal 0 0 -1
    outer loop
      vertex 138.491113685 -4.658742812 5
      vertex 138.182219831 -6.211657082 5
      vertex 137.952529906 -6.888301783 5
    endloop
  endfacet
  facet normal 0 0 -1
    outer loop
      vertex 138.491113685 -4.658742812 5
      vertex 137.952529906 -6.888301783 5
      vertex 131.629831585 -6.888301783 5
    endloop
  endfacet
  facet normal 0 0 -1
    outer loop
      vertex 138.491113685 -4.658742812 5
      vertex 131.629831585 -6.888301783 5
      vertex 132.386664873 -4.658742812 5
    endloop
  endfacet
  facet normal 0 0 -1
    outer loop
      vertex 98.370168415 -6.888301783 5
      vertex 99.411542732 -9 5
      vertex 92.764295048 -9 5
    endloop
  endfacet
  facet normal 0 0 -1
    outer loop
      vertex 98.370168415 -6.888301783 5
      vertex 92.764295048 -9 5
      vertex 92.047470094 -6.888301783 5
    endloop
  endfacet
  facet normal 0 0 -1
    outer loop
      vertex 137.952529906 -6.888301783 5
      vertex 137.235704952 -9 5
      vertex 130.588457268 -9 5
    endloop
  endfacet
  facet normal 0 0 -1
    outer loop
      vertex 137.952529906 -6.888301783 5
      vertex 130.588457268 -9 5
      vertex 131.629831585 -6.888301783 5
    endloop
  endfacet
  facet normal 0 0 -1
    outer loop
      vertex 99.411542732 -9 5
      vertex 100.719639875 -10.957705722 5
      vertex 93.701387653 -10.957705722 5
    endloop
  endfacet
  facet normal 0 0 -1
    outer loop
      vertex 99.411542732 -9 5
      vertex 93.701387653 -10.957705722 5
      vertex 92.82689122 -9.184402377 5
    endloop
  endfacet
  facet normal 0 0 -1
    outer loop
      vertex 99.411542732 -9 5
      vertex 92.82689122 -9.184402377 5
      vertex 92.764295048 -9 5
    endloop
  endfacet
  facet normal 0 0 -1
    outer loop
      vertex 137.235704952 -9 5
      vertex 137.17310878 -9.184402377 5
      vertex 136.298612347 -10.957705722 5
    endloop
  endfacet
  facet normal 0 0 -1
    outer loop
      vertex 137.235704952 -9 5
      vertex 136.298612347 -10.957705722 5
      vertex 129.280360125 -10.957705722 5
    endloop
  endfacet
  facet normal 0 0 -1
    outer loop
      vertex 137.235704952 -9 5
      vertex 129.280360125 -10.957705722 5
      vertex 130.588457268 -9 5
    endloop
  endfacet
  facet normal 0 0 -1
    outer loop
      vertex 100.719639875 -10.957705722 5
      vertex 102.272077939 -12.727922061 5
      vertex 94.701772281 -12.727922061 5
    endloop
  endfacet
  facet normal 0 0 -1
    outer loop
      vertex 100.719639875 -10.957705722 5
      vertex 94.701772281 -12.727922061 5
      vertex 94.215390309 -12 5
    endloop
  endfacet
  facet normal 0 0 -1
    outer loop
      vertex 100.719639875 -10.957705722 5
      vertex 94.215390309 -12 5
      vertex 93.701387653 -10.957705722 5
    endloop
  endfacet
  facet normal 0 0 -1
    outer loop
      vertex 136.298612347 -10.957705722 5
      vertex 135.784609691 -12 5
      vertex 135.298227719 -12.727922061 5
    endloop
  endfacet
  facet normal 0 0 -1
    outer loop
      vertex 136.298612347 -10.957705722 5
      vertex 135.298227719 -12.727922061 5
      vertex 127.727922061 -12.727922061 5
    endloop
  endfacet
  facet normal 0 0 -1
    outer loop
      vertex 136.298612347 -10.957705722 5
      vertex 127.727922061 -12.727922061 5
      vertex 129.280360125 -10.957705722 5
    endloop
  endfacet
  facet normal 0 0 -1
    outer loop
      vertex 102.272077939 -12.727922061 5
      vertex 104.042294278 -14.280360125 5
      vertex 95.739078232 -14.280360125 5
    endloop
  endfacet
  facet normal 0 0 -1
    outer loop
      vertex 102.272077939 -12.727922061 5
      vertex 95.739078232 -14.280360125 5
      vertex 94.701772281 -12.727922061 5
    endloop
  endfacet
  facet normal 0 0 -1
    outer loop
      vertex 135.298227719 -12.727922061 5
      vertex 134.260921768 -14.280360125 5
      vertex 125.957705722 -14.280360125 5
    endloop
  endfacet
  facet normal 0 0 -1
    outer loop
      vertex 135.298227719 -12.727922061 5
      vertex 125.957705722 -14.280360125 5
      vertex 127.727922061 -12.727922061 5
    endloop
  endfacet
  facet normal 0 0 -1
    outer loop
      vertex 104.042294278 -14.280360125 5
      vertex 106 -15.588457268 5
      vertex 96.817363276 -15.588457268 5
    endloop
  endfacet
  facet normal 0 0 -1
    outer loop
      vertex 104.042294278 -14.280360125 5
      vertex 96.817363276 -15.588457268 5
      vertex 95.959519833 -14.610274296 5
    endloop
  endfacet
  facet normal 0 0 -1
    outer loop
      vertex 104.042294278 -14.280360125 5
      vertex 95.959519833 -14.610274296 5
      vertex 95.739078232 -14.280360125 5
    endloop
  endfacet
  facet normal 0 0 -1
    outer loop
      vertex 134.260921768 -14.280360125 5
      vertex 134.040480167 -14.610274296 5
      vertex 133.182636724 -15.588457268 5
    endloop
  endfacet
  facet normal 0 0 -1
    outer loop
      vertex 134.260921768 -14.280360125 5
      vertex 133.182636724 -15.588457268 5
      vertex 124 -15.588457268 5
    endloop
  endfacet
  facet normal 0 0 -1
    outer loop
      vertex 134.260921768 -14.280360125 5
      vertex 124 -15.588457268 5
      vertex 125.957705722 -14.280360125 5
    endloop
  endfacet
  facet normal 0 0 -1
    outer loop
      vertex 106 -15.588457268 5
      vertex 108.111698217 -16.629831585 5
      vertex 97.730624041 -16.629831585 5
    endloop
  endfacet
  facet normal 0 0 -1
    outer loop
      vertex 106 -15.588457268 5
      vertex 97.730624041 -16.629831585 5
      vertex 96.817363276 -15.588457268 5
    endloop
  endfacet
  facet normal 0 0 -1
    outer loop
      vertex 133.182636724 -15.588457268 5
      vertex 132.269375959 -16.629831585 5
      vertex 121.888301783 -16.629831585 5
    endloop
  endfacet
  facet normal 0 0 -1
    outer loop
      vertex 133.182636724 -15.588457268 5
      vertex 121.888301783 -16.629831585 5
      vertex 124 -15.588457268 5
    endloop
  endfacet
  facet normal 0 0 -1
    outer loop
      vertex 108.111698217 -16.629831585 5
      vertex 110.341257188 -17.386664873 5
      vertex 98.503910789 -17.386664873 5
    endloop
  endfacet
  facet normal 0 0 -1
    outer loop
      vertex 108.111698217 -16.629831585 5
      vertex 98.503910789 -17.386664873 5
      vertex 98.029437252 -16.970562748 5
    endloop
  endfacet
  facet normal 0 0 -1
    outer loop
      vertex 108.111698217 -16.629831585 5
      vertex 98.029437252 -16.970562748 5
      vertex 97.730624041 -16.629831585 5
    endloop
  endfacet
  facet normal 0 0 -1
    outer loop
      vertex 132.269375959 -16.629831585 5
      vertex 131.970562748 -16.970562748 5
      vertex 131.496089211 -17.386664873 5
    endloop
  endfacet
  facet normal 0 0 -1
    outer loop
      vertex 132.269375959 -16.629831585 5
      vertex 131.496089211 -17.386664873 5
      vertex 119.658742812 -17.386664873 5
    endloop
  endfacet
  facet normal 0 0 -1
    outer loop
      vertex 132.269375959 -16.629831585 5
      vertex 119.658742812 -17.386664873 5
      vertex 121.888301783 -16.629831585 5
    endloop
  endfacet
  facet normal 0 0 -1
    outer loop
      vertex 110.341257188 -17.386664873 5
      vertex 112.65052854 -17.846007505 5
      vertex 99.027690675 -17.846007505 5
    endloop
  endfacet
  facet normal 0 0 -1
    outer loop
      vertex 110.341257188 -17.386664873 5
      vertex 99.027690675 -17.846007505 5
      vertex 98.503910789 -17.386664873 5
    endloop
  endfacet
  facet normal 0 0 -1
    outer loop
      vertex 131.496089211 -17.386664873 5
      vertex 130.972309325 -17.846007505 5
      vertex 117.34947146 -17.846007505 5
    endloop
  endfacet
  facet normal 0 0 -1
    outer loop
      vertex 131.496089211 -17.386664873 5
      vertex 117.34947146 -17.846007505 5
      vertex 119.658742812 -17.386664873 5
    endloop
  endfacet
  facet normal 0 0 -1
    outer loop
      vertex 112.65052854 -17.846007505 5
      vertex 115 -18 5
      vertex 99.203285462 -18 5
    endloop
  endfacet
  facet normal 0 0 -1
    outer loop
      vertex 112.65052854 -17.846007505 5
      vertex 99.203285462 -18 5
      vertex 99.027690675 -17.846007505 5
    endloop
  endfacet
  facet normal 0 0 -1
    outer loop
      vertex 130.972309325 -17.846007505 5
      vertex 130.796714538 -18 5
      vertex 115 -18 5
    endloop
  endfacet
  facet normal 0 0 -1
    outer loop
      vertex 130.972309325 -17.846007505 5
      vertex 115 -18 5
      vertex 117.34947146 -17.846007505 5
    endloop
  endfacet
  facet normal 0 0 -1
    outer loop
      vertex 130.796714538 -18 5
      vertex 129.610274296 -19.040480167 5
      vertex 127 -20.784609691 5
    endloop
  endfacet
  facet normal 0 0 -1
    outer loop
      vertex 130.796714538 -18 5
      vertex 127 -20.784609691 5
      vertex 124.184402377 -22.17310878 5
    endloop
  endfacet
  facet normal 0 0 -1
    outer loop
      vertex 130.796714538 -18 5
      vertex 124.184402377 -22.17310878 5
      vertex 121.211657082 -23.182219831 5
    endloop
  endfacet
  facet normal 0 0 -1
    outer loop
      vertex 130.796714538 -18 5
      vertex 121.211657082 -23.182219831 5
      vertex 118.132628613 -23.794676673 5
    endloop
  endfacet
  facet normal 0 0 -1
    outer loop
      vertex 130.796714538 -18 5
      vertex 118.132628613 -23.794676673 5
      vertex 115 -24 5
    endloop
  endfacet
  facet normal 0 0 -1
    outer loop
      vertex 130.796714538 -18 5
      vertex 115 -24 5
      vertex 111.867371387 -23.794676673 5
    endloop
  endfacet
  facet normal 0 0 -1
    outer loop
      vertex 130.796714538 -18 5
      vertex 111.867371387 -23.794676673 5
      vertex 108.788342918 -23.182219831 5
    endloop
  endfacet
  facet normal 0 0 -1
    outer loop
      vertex 130.796714538 -18 5
      vertex 108.788342918 -23.182219831 5
      vertex 105.815597623 -22.17310878 5
    endloop
  endfacet
  facet normal 0 0 -1
    outer loop
      vertex 130.796714538 -18 5
      vertex 105.815597623 -22.17310878 5
      vertex 103 -20.784609691 5
    endloop
  endfacet
  facet normal 0 0 -1
    outer loop
      vertex 130.796714538 -18 5
      vertex 103 -20.784609691 5
      vertex 100.389725704 -19.040480167 5
    endloop
  endfacet
  facet normal 0 0 -1
    outer loop
      vertex 130.796714538 -18 5
      vertex 100.389725704 -19.040480167 5
      vertex 99.203285462 -18 5
    endloop
  endfacet
  facet normal -0.997858923 0.065403129 0
    outer loop
      vertex 133 0 9
      vertex 133 0 5
      vertex 132.846007505 -2.34947146 5
    endloop
  endfacet
  facet normal -0.997858923 0.065403129 0
    outer loop
      vertex 133 0 9
      vertex 132.846007505 -2.34947146 5
      vertex 132.846007505 -2.34947146 9
    endloop
  endfacet
  facet normal -0.997858923 -0.065403129 0
    outer loop
      vertex 132.846007505 2.34947146 9
      vertex 132.846007505 2.34947146 5
      vertex 133 0 5
    endloop
  endfacet
  facet normal -0.997858923 -0.065403129 0
    outer loop
      vertex 132.846007505 2.34947146 9
      vertex 133 0 5
      vertex 133 0 9
    endloop
  endfacet
  facet normal -0.98078528 -0.195090322 0
    outer loop
      vertex 132.386664873 4.658742812 9
      vertex 132.386664873 4.658742812 5
      vertex 132.846007505 2.34947146 5
    endloop
  endfacet
  facet normal -0.98078528 -0.195090322 0
    outer loop
      vertex 132.386664873 4.658742812 9
      vertex 132.846007505 2.34947146 5
      vertex 132.846007505 2.34947146 9
    endloop
  endfacet
  facet normal -0.946930129 -0.321439465 0
    outer loop
      vertex 131.629831585 6.888301783 9
      vertex 131.629831585 6.888301783 5
      vertex 132.386664873 4.658742812 5
    endloop
  endfacet
  facet normal -0.946930129 -0.321439465 0
    outer loop
      vertex 131.629831585 6.888301783 9
      vertex 132.386664873 4.658742812 5
      vertex 132.386664873 4.658742812 9
    endloop
  endfacet
  facet normal -0.896872742 -0.44228869 0
    outer loop
      vertex 130.588457268 9 9
      vertex 130.588457268 9 5
      vertex 131.629831585 6.888301783 5
    endloop
  endfacet
  facet normal -0.896872742 -0.44228869 0
    outer loop
      vertex 130.588457268 9 9
      vertex 131.629831585 6.888301783 5
      vertex 131.629831585 6.888301783 9
    endloop
  endfacet
  facet normal -0.831469612 -0.555570233 0
    outer loop
      vertex 129.280360125 10.957705722 9
      vertex 129.280360125 10.957705722 5
      vertex 130.588457268 9 5
    endloop
  endfacet
  facet normal -0.831469612 -0.555570233 0
    outer loop
      vertex 129.280360125 10.957705722 9
      vertex 130.588457268 9 5
      vertex 130.588457268 9 9
    endloop
  endfacet
  facet normal -0.751839807 -0.659345815 0
    outer loop
      vertex 127.727922061 12.727922061 9
      vertex 127.727922061 12.727922061 5
      vertex 129.280360125 10.957705722 5
    endloop
  endfacet
  facet normal -0.751839807 -0.659345815 0
    outer loop
      vertex 127.727922061 12.727922061 9
      vertex 129.280360125 10.957705722 5
      vertex 129.280360125 10.957705722 9
    endloop
  endfacet
  facet normal -0.659345815 -0.751839807 0
    outer loop
      vertex 125.957705722 14.280360125 9
      vertex 125.957705722 14.280360125 5
      vertex 127.727922061 12.727922061 5
    endloop
  endfacet
  facet normal -0.659345815 -0.751839807 0
    outer loop
      vertex 125.957705722 14.280360125 9
      vertex 127.727922061 12.727922061 5
      vertex 127.727922061 12.727922061 9
    endloop
  endfacet
  facet normal -0.555570233 -0.831469612 0
    outer loop
      vertex 124 15.588457268 9
      vertex 124 15.588457268 5
      vertex 125.957705722 14.280360125 5
    endloop
  endfacet
  facet normal -0.555570233 -0.831469612 0
    outer loop
      vertex 124 15.588457268 9
      vertex 125.957705722 14.280360125 5
      vertex 125.957705722 14.280360125 9
    endloop
  endfacet
  facet normal -0.44228869 -0.896872742 0
    outer loop
      vertex 121.888301783 16.629831585 9
      vertex 121.888301783 16.629831585 5
      vertex 124 15.588457268 5
    endloop
  endfacet
  facet normal -0.44228869 -0.896872742 0
    outer loop
      vertex 121.888301783 16.629831585 9
      vertex 124 15.588457268 5
      vertex 124 15.588457268 9
    endloop
  endfacet
  facet normal -0.321439465 -0.946930129 0
    outer loop
      vertex 119.658742812 17.386664873 9
      vertex 119.658742812 17.386664873 5
      vertex 121.888301783 16.629831585 5
    endloop
  endfacet
  facet normal -0.321439465 -0.946930129 0
    outer loop
      vertex 119.658742812 17.386664873 9
      vertex 121.888301783 16.629831585 5
      vertex 121.888301783 16.629831585 9
    endloop
  endfacet
  facet normal -0.195090322 -0.98078528 0
    outer loop
      vertex 117.34947146 17.846007505 9
      vertex 117.34947146 17.846007505 5
      vertex 119.658742812 17.386664873 5
    endloop
  endfacet
  facet normal -0.195090322 -0.98078528 0
    outer loop
      vertex 117.34947146 17.846007505 9
      vertex 119.658742812 17.386664873 5
      vertex 119.658742812 17.386664873 9
    endloop
  endfacet
  facet normal -0.065403129 -0.997858923 0
    outer loop
      vertex 115 18 9
      vertex 115 18 5
      vertex 117.34947146 17.846007505 5
    endloop
  endfacet
  facet normal -0.065403129 -0.997858923 0
    outer loop
      vertex 115 18 9
      vertex 117.34947146 17.846007505 5
      vertex 117.34947146 17.846007505 9
    endloop
  endfacet
  facet normal 0.065403129 -0.997858923 0
    outer loop
      vertex 112.65052854 17.846007505 9
      vertex 112.65052854 17.846007505 5
      vertex 115 18 5
    endloop
  endfacet
  facet normal 0.065403129 -0.997858923 0
    outer loop
      vertex 112.65052854 17.846007505 9
      vertex 115 18 5
      vertex 115 18 9
    endloop
  endfacet
  facet normal 0.195090322 -0.98078528 0
    outer loop
      vertex 110.341257188 17.386664873 9
      vertex 110.341257188 17.386664873 5
      vertex 112.65052854 17.846007505 5
    endloop
  endfacet
  facet normal 0.195090322 -0.98078528 0
    outer loop
      vertex 110.341257188 17.386664873 9
      vertex 112.65052854 17.846007505 5
      vertex 112.65052854 17.846007505 9
    endloop
  endfacet
  facet normal 0.321439465 -0.946930129 0
    outer loop
      vertex 108.111698217 16.629831585 9
      vertex 108.111698217 16.629831585 5
      vertex 110.341257188 17.386664873 5
    endloop
  endfacet
  facet normal 0.321439465 -0.946930129 0
    outer loop
      vertex 108.111698217 16.629831585 9
      vertex 110.341257188 17.386664873 5
      vertex 110.341257188 17.386664873 9
    endloop
  endfacet
  facet normal 0.44228869 -0.896872742 0
    outer loop
      vertex 106 15.588457268 9
      vertex 106 15.588457268 5
      vertex 108.111698217 16.629831585 5
    endloop
  endfacet
  facet normal 0.44228869 -0.896872742 0
    outer loop
      vertex 106 15.588457268 9
      vertex 108.111698217 16.629831585 5
      vertex 108.111698217 16.629831585 9
    endloop
  endfacet
  facet normal 0.555570233 -0.831469612 0
    outer loop
      vertex 104.042294278 14.280360125 9
      vertex 104.042294278 14.280360125 5
      vertex 106 15.588457268 5
    endloop
  endfacet
  facet normal 0.555570233 -0.831469612 0
    outer loop
      vertex 104.042294278 14.280360125 9
      vertex 106 15.588457268 5
      vertex 106 15.588457268 9
    endloop
  endfacet
  facet normal 0.659345815 -0.751839807 0
    outer loop
      vertex 102.272077939 12.727922061 9
      vertex 102.272077939 12.727922061 5
      vertex 104.042294278 14.280360125 5
    endloop
  endfacet
  facet normal 0.659345815 -0.751839807 0
    outer loop
      vertex 102.272077939 12.727922061 9
      vertex 104.042294278 14.280360125 5
      vertex 104.042294278 14.280360125 9
    endloop
  endfacet
  facet normal 0.751839807 -0.659345815 0
    outer loop
      vertex 100.719639875 10.957705722 9
      vertex 100.719639875 10.957705722 5
      vertex 102.272077939 12.727922061 5
    endloop
  endfacet
  facet normal 0.751839807 -0.659345815 0
    outer loop
      vertex 100.719639875 10.957705722 9
      vertex 102.272077939 12.727922061 5
      vertex 102.272077939 12.727922061 9
    endloop
  endfacet
  facet normal 0.831469612 -0.555570233 0
    outer loop
      vertex 99.411542732 9 9
      vertex 99.411542732 9 5
      vertex 100.719639875 10.957705722 5
    endloop
  endfacet
  facet normal 0.831469612 -0.555570233 0
    outer loop
      vertex 99.411542732 9 9
      vertex 100.719639875 10.957705722 5
      vertex 100.719639875 10.957705722 9
    endloop
  endfacet
  facet normal 0.896872742 -0.44228869 0
    outer loop
      vertex 98.370168415 6.888301783 9
      vertex 98.370168415 6.888301783 5
      vertex 99.411542732 9 5
    endloop
  endfacet
  facet normal 0.896872742 -0.44228869 0
    outer loop
      vertex 98.370168415 6.888301783 9
      vertex 99.411542732 9 5
      vertex 99.411542732 9 9
    endloop
  endfacet
  facet normal 0.946930129 -0.321439465 0
    outer loop
      vertex 97.613335127 4.658742812 9
      vertex 97.613335127 4.658742812 5
      vertex 98.370168415 6.888301783 5
    endloop
  endfacet
  facet normal 0.946930129 -0.321439465 0
    outer loop
      vertex 97.613335127 4.658742812 9
      vertex 98.370168415 6.888301783 5
      vertex 98.370168415 6.888301783 9
    endloop
  endfacet
  facet normal 0.98078528 -0.195090322 0
    outer loop
      vertex 97.153992495 2.34947146 9
      vertex 97.153992495 2.34947146 5
      vertex 97.613335127 4.658742812 5
    endloop
  endfacet
  facet normal 0.98078528 -0.195090322 0
    outer loop
      vertex 97.153992495 2.34947146 9
      vertex 97.613335127 4.658742812 5
      vertex 97.613335127 4.658742812 9
    endloop
  endfacet
  facet normal 0.997858923 -0.065403129 0
    outer loop
      vertex 97 0 9
      vertex 97 0 5
      vertex 97.153992495 2.34947146 5
    endloop
  endfacet
  facet normal 0.997858923 -0.065403129 0
    outer loop
      vertex 97 0 9
      vertex 97.153992495 2.34947146 5
      vertex 97.153992495 2.34947146 9
    endloop
  endfacet
  facet normal 0.997858923 0.065403129 0
    outer loop
      vertex 97.153992495 -2.34947146 9
      vertex 97.153992495 -2.34947146 5
      vertex 97 0 5
    endloop
  endfacet
  facet normal 0.997858923 0.065403129 0
    outer loop
      vertex 97.153992495 -2.34947146 9
      vertex 97 0 5
      vertex 97 0 9
    endloop
  endfacet
  facet normal 0.98078528 0.195090322 0
    outer loop
      vertex 97.613335127 -4.658742812 9
      vertex 97.613335127 -4.658742812 5
      vertex 97.153992495 -2.34947146 5
    endloop
  endfacet
  facet normal 0.98078528 0.195090322 0
    outer loop
      vertex 97.613335127 -4.658742812 9
      vertex 97.153992495 -2.34947146 5
      vertex 97.153992495 -2.34947146 9
    endloop
  endfacet
  facet normal 0.946930129 0.321439465 0
    outer loop
      vertex 98.370168415 -6.888301783 9
      vertex 98.370168415 -6.888301783 5
      vertex 97.613335127 -4.658742812 5
    endloop
  endfacet
  facet normal 0.946930129 0.321439465 0
    outer loop
      vertex 98.370168415 -6.888301783 9
      vertex 97.613335127 -4.658742812 5
      vertex 97.613335127 -4.658742812 9
    endloop
  endfacet
  facet normal 0.896872742 0.44228869 0
    outer loop
      vertex 99.411542732 -9 9
      vertex 99.411542732 -9 5
      vertex 98.370168415 -6.888301783 5
    endloop
  endfacet
  facet normal 0.896872742 0.44228869 0
    outer loop
      vertex 99.411542732 -9 9
      vertex 98.370168415 -6.888301783 5
      vertex 98.370168415 -6.888301783 9
    endloop
  endfacet
  facet normal 0.831469612 0.555570233 0
    outer loop
      vertex 100.719639875 -10.957705722 9
      vertex 100.719639875 -10.957705722 5
      vertex 99.411542732 -9 5
    endloop
  endfacet
  facet normal 0.831469612 0.555570233 0
    outer loop
      vertex 100.719639875 -10.957705722 9
      vertex 99.411542732 -9 5
      vertex 99.411542732 -9 9
    endloop
  endfacet
  facet normal 0.751839807 0.659345815 0
    outer loop
      vertex 102.272077939 -12.727922061 9
      vertex 102.272077939 -12.727922061 5
      vertex 100.719639875 -10.957705722 5
    endloop
  endfacet
  facet normal 0.751839807 0.659345815 0
    outer loop
      vertex 102.272077939 -12.727922061 9
      vertex 100.719639875 -10.957705722 5
      vertex 100.719639875 -10.957705722 9
    endloop
  endfacet
  facet normal 0.659345815 0.751839807 0
    outer loop
      vertex 104.042294278 -14.280360125 9
      vertex 104.042294278 -14.280360125 5
      vertex 102.272077939 -12.727922061 5
    endloop
  endfacet
  facet normal 0.659345815 0.751839807 0
    outer loop
      vertex 104.042294278 -14.280360125 9
      vertex 102.272077939 -12.727922061 5
      vertex 102.272077939 -12.727922061 9
    endloop
  endfacet
  facet normal 0.555570233 0.831469612 0
    outer loop
      vertex 106 -15.588457268 9
      vertex 106 -15.588457268 5
      vertex 104.042294278 -14.280360125 5
    endloop
  endfacet
  facet normal 0.555570233 0.831469612 0
    outer loop
      vertex 106 -15.588457268 9
      vertex 104.042294278 -14.280360125 5
      vertex 104.042294278 -14.280360125 9
    endloop
  endfacet
  facet normal 0.44228869 0.896872742 0
    outer loop
      vertex 108.111698217 -16.629831585 9
      vertex 108.111698217 -16.629831585 5
      vertex 106 -15.588457268 5
    endloop
  endfacet
  facet normal 0.44228869 0.896872742 0
    outer loop
      vertex 108.111698217 -16.629831585 9
      vertex 106 -15.588457268 5
      vertex 106 -15.588457268 9
    endloop
  endfacet
  facet normal 0.321439465 0.946930129 0
    outer loop
      vertex 110.341257188 -17.386664873 9
      vertex 110.341257188 -17.386664873 5
      vertex 108.111698217 -16.629831585 5
    endloop
  endfacet
  facet normal 0.321439465 0.946930129 0
    outer loop
      vertex 110.341257188 -17.386664873 9
      vertex 108.111698217 -16.629831585 5
      vertex 108.111698217 -16.629831585 9
    endloop
  endfacet
  facet normal 0.195090322 0.98078528 0
    outer loop
      vertex 112.65052854 -17.846007505 9
      vertex 112.65052854 -17.846007505 5
      vertex 110.341257188 -17.386664873 5
    endloop
  endfacet
  facet normal 0.195090322 0.98078528 0
    outer loop
      vertex 112.65052854 -17.846007505 9
      vertex 110.341257188 -17.386664873 5
      vertex 110.341257188 -17.386664873 9
    endloop
  endfacet
  facet normal 0.065403129 0.997858923 0
    outer loop
      vertex 115 -18 9
      vertex 115 -18 5
      vertex 112.65052854 -17.846007505 5
    endloop
  endfacet
  facet normal 0.065403129 0.997858923 0
    outer loop
      vertex 115 -18 9
      vertex 112.65052854 -17.846007505 5
      vertex 112.65052854 -17.846007505 9
    endloop
  endfacet
  facet normal -0.065403129 0.997858923 0
    outer loop
      vertex 117.34947146 -17.846007505 9
      vertex 117.34947146 -17.846007505 5
      vertex 115 -18 5
    endloop
  endfacet
  facet normal -0.065403129 0.997858923 0
    outer loop
      vertex 117.34947146 -17.846007505 9
      vertex 115 -18 5
      vertex 115 -18 9
    endloop
  endfacet
  facet normal -0.195090322 0.98078528 0
    outer loop
      vertex 119.658742812 -17.386664873 9
      vertex 119.658742812 -17.386664873 5
      vertex 117.34947146 -17.846007505 5
    endloop
  endfacet
  facet normal -0.195090322 0.98078528 0
    outer loop
      vertex 119.658742812 -17.386664873 9
      vertex 117.34947146 -17.846007505 5
      vertex 117.34947146 -17.846007505 9
    endloop
  endfacet
  facet normal -0.321439465 0.946930129 0
    outer loop
      vertex 121.888301783 -16.629831585 9
      vertex 121.888301783 -16.629831585 5
      vertex 119.658742812 -17.386664873 5
    endloop
  endfacet
  facet normal -0.321439465 0.946930129 0
    outer loop
      vertex 121.888301783 -16.629831585 9
      vertex 119.658742812 -17.386664873 5
      vertex 119.658742812 -17.386664873 9
    endloop
  endfacet
  facet normal -0.44228869 0.896872742 0
    outer loop
      vertex 124 -15.588457268 9
      vertex 124 -15.588457268 5
      vertex 121.888301783 -16.629831585 5
    endloop
  endfacet
  facet normal -0.44228869 0.896872742 0
    outer loop
      vertex 124 -15.588457268 9
      vertex 121.888301783 -16.629831585 5
      vertex 121.888301783 -16.629831585 9
    endloop
  endfacet
  facet normal -0.555570233 0.831469612 0
    outer loop
      vertex 125.957705722 -14.280360125 9
      vertex 125.957705722 -14.280360125 5
      vertex 124 -15.588457268 5
    endloop
  endfacet
  facet normal -0.555570233 0.831469612 0
    outer loop
      vertex 125.957705722 -14.280360125 9
      vertex 124 -15.588457268 5
      vertex 124 -15.588457268 9
    endloop
  endfacet
  facet normal -0.659345815 0.751839807 0
    outer loop
      vertex 127.727922061 -12.727922061 9
      vertex 127.727922061 -12.727922061 5
      vertex 125.957705722 -14.280360125 5
    endloop
  endfacet
  facet normal -0.659345815 0.751839807 0
    outer loop
      vertex 127.727922061 -12.727922061 9
      vertex 125.957705722 -14.280360125 5
      vertex 125.957705722 -14.280360125 9
    endloop
  endfacet
  facet normal -0.751839807 0.659345815 0
    outer loop
      vertex 129.280360125 -10.957705722 9
      vertex 129.280360125 -10.957705722 5
      vertex 127.727922061 -12.727922061 5
    endloop
  endfacet
  facet normal -0.751839807 0.659345815 0
    outer loop
      vertex 129.280360125 -10.957705722 9
      vertex 127.727922061 -12.727922061 5
      vertex 127.727922061 -12.727922061 9
    endloop
  endfacet
  facet normal -0.831469612 0.555570233 0
    outer loop
      vertex 130.588457268 -9 9
      vertex 130.588457268 -9 5
      vertex 129.280360125 -10.957705722 5
    endloop
  endfacet
  facet normal -0.831469612 0.555570233 0
    outer loop
      vertex 130.588457268 -9 9
      vertex 129.280360125 -10.957705722 5
      vertex 129.280360125 -10.957705722 9
    endloop
  endfacet
  facet normal -0.896872742 0.44228869 0
    outer loop
      vertex 131.629831585 -6.888301783 9
      vertex 131.629831585 -6.888301783 5
      vertex 130.588457268 -9 5
    endloop
  endfacet
  facet normal -0.896872742 0.44228869 0
    outer loop
      vertex 131.629831585 -6.888301783 9
      vertex 130.588457268 -9 5
      vertex 130.588457268 -9 9
    endloop
  endfacet
  facet normal -0.946930129 0.321439465 0
    outer loop
      vertex 132.386664873 -4.658742812 9
      vertex 132.386664873 -4.658742812 5
      vertex 131.629831585 -6.888301783 5
    endloop
  endfacet
  facet normal -0.946930129 0.321439465 0
    outer loop
      vertex 132.386664873 -4.658742812 9
      vertex 131.629831585 -6.888301783 5
      vertex 131.629831585 -6.888301783 9
    endloop
  endfacet
  facet normal -0.98078528 0.195090322 0
    outer loop
      vertex 132.846007505 -2.34947146 9
      vertex 132.846007505 -2.34947146 5
      vertex 132.386664873 -4.658742812 5
    endloop
  endfacet
  facet normal -0.98078528 0.195090322 0
    outer loop
      vertex 132.846007505 -2.34947146 9
      vertex 132.386664873 -4.658742812 5
      vertex 132.386664873 -4.658742812 9
    endloop
  endfacet
  facet normal 0.997858923 -0.065403129 0
    outer loop
      vertex -91.205323327 -3.132628613 9
      vertex -91.205323327 -3.132628613 5
      vertex -91 0 5
    endloop
  endfacet
  facet normal 0.997858923 -0.065403129 0
    outer loop
      vertex -91.205323327 -3.132628613 9
      vertex -91 0 5
      vertex -91 0 9
    endloop
  endfacet
  facet normal 0.997858923 0.065403129 0
    outer loop
      vertex -91 0 9
      vertex -91 0 5
      vertex -91.205323327 3.132628613 5
    endloop
  endfacet
  facet normal 0.997858923 0.065403129 0
    outer loop
      vertex -91 0 9
      vertex -91.205323327 3.132628613 5
      vertex -91.205323327 3.132628613 9
    endloop
  endfacet
  facet normal 0.98078528 0.195090322 0
    outer loop
      vertex -91.205323327 3.132628613 9
      vertex -91.205323327 3.132628613 5
      vertex -91.817780169 6.211657082 5
    endloop
  endfacet
  facet normal 0.98078528 0.195090322 0
    outer loop
      vertex -91.205323327 3.132628613 9
      vertex -91.817780169 6.211657082 5
      vertex -91.817780169 6.211657082 9
    endloop
  endfacet
  facet normal 0.946930129 0.321439465 0
    outer loop
      vertex -91.817780169 6.211657082 9
      vertex -91.817780169 6.211657082 5
      vertex -92.82689122 9.184402377 5
    endloop
  endfacet
  facet normal 0.946930129 0.321439465 0
    outer loop
      vertex -91.817780169 6.211657082 9
      vertex -92.82689122 9.184402377 5
      vertex -92.82689122 9.184402377 9
    endloop
  endfacet
  facet normal 0.896872742 0.44228869 0
    outer loop
      vertex -92.82689122 9.184402377 9
      vertex -92.82689122 9.184402377 5
      vertex -94.215390309 12 5
    endloop
  endfacet
  facet normal 0.896872742 0.44228869 0
    outer loop
      vertex -92.82689122 9.184402377 9
      vertex -94.215390309 12 5
      vertex -94.215390309 12 9
    endloop
  endfacet
  facet normal 0.831469612 0.555570233 0
    outer loop
      vertex -94.215390309 12 9
      vertex -94.215390309 12 5
      vertex -95.959519833 14.610274296 5
    endloop
  endfacet
  facet normal 0.831469612 0.555570233 0
    outer loop
      vertex -94.215390309 12 9
      vertex -95.959519833 14.610274296 5
      vertex -95.959519833 14.610274296 9
    endloop
  endfacet
  facet normal 0.751839807 0.659345815 0
    outer loop
      vertex -95.959519833 14.610274296 9
      vertex -95.959519833 14.610274296 5
      vertex -98.029437252 16.970562748 5
    endloop
  endfacet
  facet normal 0.751839807 0.659345815 0
    outer loop
      vertex -95.959519833 14.610274296 9
      vertex -98.029437252 16.970562748 5
      vertex -98.029437252 16.970562748 9
    endloop
  endfacet
  facet normal 0.659345815 0.751839807 0
    outer loop
      vertex -98.029437252 16.970562748 9
      vertex -98.029437252 16.970562748 5
      vertex -100.389725704 19.040480167 5
    endloop
  endfacet
  facet normal 0.659345815 0.751839807 0
    outer loop
      vertex -98.029437252 16.970562748 9
      vertex -100.389725704 19.040480167 5
      vertex -100.389725704 19.040480167 9
    endloop
  endfacet
  facet normal 0.555570233 0.831469612 0
    outer loop
      vertex -100.389725704 19.040480167 9
      vertex -100.389725704 19.040480167 5
      vertex -103 20.784609691 5
    endloop
  endfacet
  facet normal 0.555570233 0.831469612 0
    outer loop
      vertex -100.389725704 19.040480167 9
      vertex -103 20.784609691 5
      vertex -103 20.784609691 9
    endloop
  endfacet
  facet normal 0.44228869 0.896872742 0
    outer loop
      vertex -103 20.784609691 9
      vertex -103 20.784609691 5
      vertex -105.815597623 22.17310878 5
    endloop
  endfacet
  facet normal 0.44228869 0.896872742 0
    outer loop
      vertex -103 20.784609691 9
      vertex -105.815597623 22.17310878 5
      vertex -105.815597623 22.17310878 9
    endloop
  endfacet
  facet normal 0.321439465 0.946930129 0
    outer loop
      vertex -105.815597623 22.17310878 9
      vertex -105.815597623 22.17310878 5
      vertex -108.788342918 23.182219831 5
    endloop
  endfacet
  facet normal 0.321439465 0.946930129 0
    outer loop
      vertex -105.815597623 22.17310878 9
      vertex -108.788342918 23.182219831 5
      vertex -108.788342918 23.182219831 9
    endloop
  endfacet
  facet normal 0.195090322 0.98078528 0
    outer loop
      vertex -108.788342918 23.182219831 9
      vertex -108.788342918 23.182219831 5
      vertex -111.867371387 23.794676673 5
    endloop
  endfacet
  facet normal 0.195090322 0.98078528 0
    outer loop
      vertex -108.788342918 23.182219831 9
      vertex -111.867371387 23.794676673 5
      vertex -111.867371387 23.794676673 9
    endloop
  endfacet
  facet normal 0.065403129 0.997858923 0
    outer loop
      vertex -111.867371387 23.794676673 9
      vertex -111.867371387 23.794676673 5
      vertex -115 24 5
    endloop
  endfacet
  facet normal 0.065403129 0.997858923 0
    outer loop
      vertex -111.867371387 23.794676673 9
      vertex -115 24 5
      vertex -115 24 9
    endloop
  endfacet
  facet normal -0.065403129 0.997858923 0
    outer loop
      vertex -115 24 9
      vertex -115 24 5
      vertex -118.132628613 23.794676673 5
    endloop
  endfacet
  facet normal -0.065403129 0.997858923 0
    outer loop
      vertex -115 24 9
      vertex -118.132628613 23.794676673 5
      vertex -118.132628613 23.794676673 9
    endloop
  endfacet
  facet normal -0.195090322 0.98078528 0
    outer loop
      vertex -118.132628613 23.794676673 9
      vertex -118.132628613 23.794676673 5
      vertex -121.211657082 23.182219831 5
    endloop
  endfacet
  facet normal -0.195090322 0.98078528 0
    outer loop
      vertex -118.132628613 23.794676673 9
      vertex -121.211657082 23.182219831 5
      vertex -121.211657082 23.182219831 9
    endloop
  endfacet
  facet normal -0.321439465 0.946930129 0
    outer loop
      vertex -121.211657082 23.182219831 9
      vertex -121.211657082 23.182219831 5
      vertex -124.184402377 22.17310878 5
    endloop
  endfacet
  facet normal -0.321439465 0.946930129 0
    outer loop
      vertex -121.211657082 23.182219831 9
      vertex -124.184402377 22.17310878 5
      vertex -124.184402377 22.17310878 9
    endloop
  endfacet
  facet normal -0.44228869 0.896872742 0
    outer loop
      vertex -124.184402377 22.17310878 9
      vertex -124.184402377 22.17310878 5
      vertex -127 20.784609691 5
    endloop
  endfacet
  facet normal -0.44228869 0.896872742 0
    outer loop
      vertex -124.184402377 22.17310878 9
      vertex -127 20.784609691 5
      vertex -127 20.784609691 9
    endloop
  endfacet
  facet normal -0.555570233 0.831469612 0
    outer loop
      vertex -127 20.784609691 9
      vertex -127 20.784609691 5
      vertex -129.610274296 19.040480167 5
    endloop
  endfacet
  facet normal -0.555570233 0.831469612 0
    outer loop
      vertex -127 20.784609691 9
      vertex -129.610274296 19.040480167 5
      vertex -129.610274296 19.040480167 9
    endloop
  endfacet
  facet normal -0.659345815 0.751839807 0
    outer loop
      vertex -129.610274296 19.040480167 9
      vertex -129.610274296 19.040480167 5
      vertex -131.970562748 16.970562748 5
    endloop
  endfacet
  facet normal -0.659345815 0.751839807 0
    outer loop
      vertex -129.610274296 19.040480167 9
      vertex -131.970562748 16.970562748 5
      vertex -131.970562748 16.970562748 9
    endloop
  endfacet
  facet normal -0.751839807 0.659345815 0
    outer loop
      vertex -131.970562748 16.970562748 9
      vertex -131.970562748 16.970562748 5
      vertex -134.040480167 14.610274296 5
    endloop
  endfacet
  facet normal -0.751839807 0.659345815 0
    outer loop
      vertex -131.970562748 16.970562748 9
      vertex -134.040480167 14.610274296 5
      vertex -134.040480167 14.610274296 9
    endloop
  endfacet
  facet normal -0.831469612 0.555570233 0
    outer loop
      vertex -134.040480167 14.610274296 9
      vertex -134.040480167 14.610274296 5
      vertex -135.784609691 12 5
    endloop
  endfacet
  facet normal -0.831469612 0.555570233 0
    outer loop
      vertex -134.040480167 14.610274296 9
      vertex -135.784609691 12 5
      vertex -135.784609691 12 9
    endloop
  endfacet
  facet normal -0.896872742 0.44228869 0
    outer loop
      vertex -135.784609691 12 9
      vertex -135.784609691 12 5
      vertex -137.17310878 9.184402377 5
    endloop
  endfacet
  facet normal -0.896872742 0.44228869 0
    outer loop
      vertex -135.784609691 12 9
      vertex -137.17310878 9.184402377 5
      vertex -137.17310878 9.184402377 9
    endloop
  endfacet
  facet normal -0.946930129 0.321439465 0
    outer loop
      vertex -137.17310878 9.184402377 9
      vertex -137.17310878 9.184402377 5
      vertex -138.182219831 6.211657082 5
    endloop
  endfacet
  facet normal -0.946930129 0.321439465 0
    outer loop
      vertex -137.17310878 9.184402377 9
      vertex -138.182219831 6.211657082 5
      vertex -138.182219831 6.211657082 9
    endloop
  endfacet
  facet normal -0.98078528 0.195090322 0
    outer loop
      vertex -138.182219831 6.211657082 9
      vertex -138.182219831 6.211657082 5
      vertex -138.794676673 3.132628613 5
    endloop
  endfacet
  facet normal -0.98078528 0.195090322 0
    outer loop
      vertex -138.182219831 6.211657082 9
      vertex -138.794676673 3.132628613 5
      vertex -138.794676673 3.132628613 9
    endloop
  endfacet
  facet normal -0.997858923 0.065403129 0
    outer loop
      vertex -138.794676673 3.132628613 9
      vertex -138.794676673 3.132628613 5
      vertex -139 0 5
    endloop
  endfacet
  facet normal -0.997858923 0.065403129 0
    outer loop
      vertex -138.794676673 3.132628613 9
      vertex -139 0 5
      vertex -139 0 9
    endloop
  endfacet
  facet normal -0.997858923 -0.065403129 0
    outer loop
      vertex -139 0 9
      vertex -139 0 5
      vertex -138.794676673 -3.132628613 5
    endloop
  endfacet
  facet normal -0.997858923 -0.065403129 0
    outer loop
      vertex -139 0 9
      vertex -138.794676673 -3.132628613 5
      vertex -138.794676673 -3.132628613 9
    endloop
  endfacet
  facet normal -0.98078528 -0.195090322 0
    outer loop
      vertex -138.794676673 -3.132628613 9
      vertex -138.794676673 -3.132628613 5
      vertex -138.182219831 -6.211657082 5
    endloop
  endfacet
  facet normal -0.98078528 -0.195090322 0
    outer loop
      vertex -138.794676673 -3.132628613 9
      vertex -138.182219831 -6.211657082 5
      vertex -138.182219831 -6.211657082 9
    endloop
  endfacet
  facet normal -0.946930129 -0.321439465 0
    outer loop
      vertex -138.182219831 -6.211657082 9
      vertex -138.182219831 -6.211657082 5
      vertex -137.17310878 -9.184402377 5
    endloop
  endfacet
  facet normal -0.946930129 -0.321439465 0
    outer loop
      vertex -138.182219831 -6.211657082 9
      vertex -137.17310878 -9.184402377 5
      vertex -137.17310878 -9.184402377 9
    endloop
  endfacet
  facet normal -0.896872742 -0.44228869 0
    outer loop
      vertex -137.17310878 -9.184402377 9
      vertex -137.17310878 -9.184402377 5
      vertex -135.784609691 -12 5
    endloop
  endfacet
  facet normal -0.896872742 -0.44228869 0
    outer loop
      vertex -137.17310878 -9.184402377 9
      vertex -135.784609691 -12 5
      vertex -135.784609691 -12 9
    endloop
  endfacet
  facet normal -0.831469612 -0.555570233 0
    outer loop
      vertex -135.784609691 -12 9
      vertex -135.784609691 -12 5
      vertex -134.040480167 -14.610274296 5
    endloop
  endfacet
  facet normal -0.831469612 -0.555570233 0
    outer loop
      vertex -135.784609691 -12 9
      vertex -134.040480167 -14.610274296 5
      vertex -134.040480167 -14.610274296 9
    endloop
  endfacet
  facet normal -0.751839807 -0.659345815 0
    outer loop
      vertex -134.040480167 -14.610274296 9
      vertex -134.040480167 -14.610274296 5
      vertex -131.970562748 -16.970562748 5
    endloop
  endfacet
  facet normal -0.751839807 -0.659345815 0
    outer loop
      vertex -134.040480167 -14.610274296 9
      vertex -131.970562748 -16.970562748 5
      vertex -131.970562748 -16.970562748 9
    endloop
  endfacet
  facet normal -0.659345815 -0.751839807 0
    outer loop
      vertex -131.970562748 -16.970562748 9
      vertex -131.970562748 -16.970562748 5
      vertex -129.610274296 -19.040480167 5
    endloop
  endfacet
  facet normal -0.659345815 -0.751839807 0
    outer loop
      vertex -131.970562748 -16.970562748 9
      vertex -129.610274296 -19.040480167 5
      vertex -129.610274296 -19.040480167 9
    endloop
  endfacet
  facet normal -0.555570233 -0.831469612 0
    outer loop
      vertex -129.610274296 -19.040480167 9
      vertex -129.610274296 -19.040480167 5
      vertex -127 -20.784609691 5
    endloop
  endfacet
  facet normal -0.555570233 -0.831469612 0
    outer loop
      vertex -129.610274296 -19.040480167 9
      vertex -127 -20.784609691 5
      vertex -127 -20.784609691 9
    endloop
  endfacet
  facet normal -0.44228869 -0.896872742 0
    outer loop
      vertex -127 -20.784609691 9
      vertex -127 -20.784609691 5
      vertex -124.184402377 -22.17310878 5
    endloop
  endfacet
  facet normal -0.44228869 -0.896872742 0
    outer loop
      vertex -127 -20.784609691 9
      vertex -124.184402377 -22.17310878 5
      vertex -124.184402377 -22.17310878 9
    endloop
  endfacet
  facet normal -0.321439465 -0.946930129 0
    outer loop
      vertex -124.184402377 -22.17310878 9
      vertex -124.184402377 -22.17310878 5
      vertex -121.211657082 -23.182219831 5
    endloop
  endfacet
  facet normal -0.321439465 -0.946930129 0
    outer loop
      vertex -124.184402377 -22.17310878 9
      vertex -121.211657082 -23.182219831 5
      vertex -121.211657082 -23.182219831 9
    endloop
  endfacet
  facet normal -0.195090322 -0.98078528 0
    outer loop
      vertex -121.211657082 -23.182219831 9
      vertex -121.211657082 -23.182219831 5
      vertex -118.132628613 -23.794676673 5
    endloop
  endfacet
  facet normal -0.195090322 -0.98078528 0
    outer loop
      vertex -121.211657082 -23.182219831 9
      vertex -118.132628613 -23.794676673 5
      vertex -118.132628613 -23.794676673 9
    endloop
  endfacet
  facet normal -0.065403129 -0.997858923 0
    outer loop
      vertex -118.132628613 -23.794676673 9
      vertex -118.132628613 -23.794676673 5
      vertex -115 -24 5
    endloop
  endfacet
  facet normal -0.065403129 -0.997858923 0
    outer loop
      vertex -118.132628613 -23.794676673 9
      vertex -115 -24 5
      vertex -115 -24 9
    endloop
  endfacet
  facet normal 0.065403129 -0.997858923 0
    outer loop
      vertex -115 -24 9
      vertex -115 -24 5
      vertex -111.867371387 -23.794676673 5
    endloop
  endfacet
  facet normal 0.065403129 -0.997858923 0
    outer loop
      vertex -115 -24 9
      vertex -111.867371387 -23.794676673 5
      vertex -111.867371387 -23.794676673 9
    endloop
  endfacet
  facet normal 0.195090322 -0.98078528 0
    outer loop
      vertex -111.867371387 -23.794676673 9
      vertex -111.867371387 -23.794676673 5
      vertex -108.788342918 -23.182219831 5
    endloop
  endfacet
  facet normal 0.195090322 -0.98078528 0
    outer loop
      vertex -111.867371387 -23.794676673 9
      vertex -108.788342918 -23.182219831 5
      vertex -108.788342918 -23.182219831 9
    endloop
  endfacet
  facet normal 0.321439465 -0.946930129 0
    outer loop
      vertex -108.788342918 -23.182219831 9
      vertex -108.788342918 -23.182219831 5
      vertex -105.815597623 -22.17310878 5
    endloop
  endfacet
  facet normal 0.321439465 -0.946930129 0
    outer loop
      vertex -108.788342918 -23.182219831 9
      vertex -105.815597623 -22.17310878 5
      vertex -105.815597623 -22.17310878 9
    endloop
  endfacet
  facet normal 0.44228869 -0.896872742 0
    outer loop
      vertex -105.815597623 -22.17310878 9
      vertex -105.815597623 -22.17310878 5
      vertex -103 -20.784609691 5
    endloop
  endfacet
  facet normal 0.44228869 -0.896872742 0
    outer loop
      vertex -105.815597623 -22.17310878 9
      vertex -103 -20.784609691 5
      vertex -103 -20.784609691 9
    endloop
  endfacet
  facet normal 0.555570233 -0.831469612 0
    outer loop
      vertex -103 -20.784609691 9
      vertex -103 -20.784609691 5
      vertex -100.389725704 -19.040480167 5
    endloop
  endfacet
  facet normal 0.555570233 -0.831469612 0
    outer loop
      vertex -103 -20.784609691 9
      vertex -100.389725704 -19.040480167 5
      vertex -100.389725704 -19.040480167 9
    endloop
  endfacet
  facet normal 0.659345815 -0.751839807 0
    outer loop
      vertex -100.389725704 -19.040480167 9
      vertex -100.389725704 -19.040480167 5
      vertex -98.029437252 -16.970562748 5
    endloop
  endfacet
  facet normal 0.659345815 -0.751839807 0
    outer loop
      vertex -100.389725704 -19.040480167 9
      vertex -98.029437252 -16.970562748 5
      vertex -98.029437252 -16.970562748 9
    endloop
  endfacet
  facet normal 0.751839807 -0.659345815 0
    outer loop
      vertex -98.029437252 -16.970562748 9
      vertex -98.029437252 -16.970562748 5
      vertex -95.959519833 -14.610274296 5
    endloop
  endfacet
  facet normal 0.751839807 -0.659345815 0
    outer loop
      vertex -98.029437252 -16.970562748 9
      vertex -95.959519833 -14.610274296 5
      vertex -95.959519833 -14.610274296 9
    endloop
  endfacet
  facet normal 0.831469612 -0.555570233 0
    outer loop
      vertex -95.959519833 -14.610274296 9
      vertex -95.959519833 -14.610274296 5
      vertex -94.215390309 -12 5
    endloop
  endfacet
  facet normal 0.831469612 -0.555570233 0
    outer loop
      vertex -95.959519833 -14.610274296 9
      vertex -94.215390309 -12 5
      vertex -94.215390309 -12 9
    endloop
  endfacet
  facet normal 0.896872742 -0.44228869 0
    outer loop
      vertex -94.215390309 -12 9
      vertex -94.215390309 -12 5
      vertex -92.82689122 -9.184402377 5
    endloop
  endfacet
  facet normal 0.896872742 -0.44228869 0
    outer loop
      vertex -94.215390309 -12 9
      vertex -92.82689122 -9.184402377 5
      vertex -92.82689122 -9.184402377 9
    endloop
  endfacet
  facet normal 0.946930129 -0.321439465 0
    outer loop
      vertex -92.82689122 -9.184402377 9
      vertex -92.82689122 -9.184402377 5
      vertex -91.817780169 -6.211657082 5
    endloop
  endfacet
  facet normal 0.946930129 -0.321439465 0
    outer loop
      vertex -92.82689122 -9.184402377 9
      vertex -91.817780169 -6.211657082 5
      vertex -91.817780169 -6.211657082 9
    endloop
  endfacet
  facet normal 0.98078528 -0.195090322 0
    outer loop
      vertex -91.817780169 -6.211657082 9
      vertex -91.817780169 -6.211657082 5
      vertex -91.205323327 -3.132628613 5
    endloop
  endfacet
  facet normal 0.98078528 -0.195090322 0
    outer loop
      vertex -91.817780169 -6.211657082 9
      vertex -91.205323327 -3.132628613 5
      vertex -91.205323327 -3.132628613 9
    endloop
  endfacet
  facet normal 0 0 1
    outer loop
      vertex -118.132628613 23.794676673 9
      vertex -121.211657082 23.182219831 9
      vertex -124.184402377 22.17310878 9
    endloop
  endfacet
  facet normal 0 0 1
    outer loop
      vertex -118.132628613 23.794676673 9
      vertex -124.184402377 22.17310878 9
      vertex -127 20.784609691 9
    endloop
  endfacet
  facet normal 0 0 1
    outer loop
      vertex -118.132628613 23.794676673 9
      vertex -127 20.784609691 9
      vertex -129.610274296 19.040480167 9
    endloop
  endfacet
  facet normal 0 0 1
    outer loop
      vertex -118.132628613 23.794676673 9
      vertex -129.610274296 19.040480167 9
      vertex -130.796714538 18 9
    endloop
  endfacet
  facet normal 0 0 1
    outer loop
      vertex -118.132628613 23.794676673 9
      vertex -130.796714538 18 9
      vertex -99.203285462 18 9
    endloop
  endfacet
  facet normal 0 0 1
    outer loop
      vertex -118.132628613 23.794676673 9
      vertex -99.203285462 18 9
      vertex -100.389725704 19.040480167 9
    endloop
  endfacet
  facet normal 0 0 1
    outer loop
      vertex -118.132628613 23.794676673 9
      vertex -100.389725704 19.040480167 9
      vertex -103 20.784609691 9
    endloop
  endfacet
  facet normal 0 0 1
    outer loop
      vertex -118.132628613 23.794676673 9
      vertex -103 20.784609691 9
      vertex -105.815597623 22.17310878 9
    endloop
  endfacet
  facet normal 0 0 1
    outer loop
      vertex -118.132628613 23.794676673 9
      vertex -105.815597623 22.17310878 9
      vertex -108.788342918 23.182219831 9
    endloop
  endfacet
  facet normal 0 0 1
    outer loop
      vertex -118.132628613 23.794676673 9
      vertex -108.788342918 23.182219831 9
      vertex -111.867371387 23.794676673 9
    endloop
  endfacet
  facet normal 0 0 1
    outer loop
      vertex -118.132628613 23.794676673 9
      vertex -111.867371387 23.794676673 9
      vertex -115 24 9
    endloop
  endfacet
  facet normal 0 0 1
    outer loop
      vertex -115 18 9
      vertex -112.65052854 17.846007505 9
      vertex -99.027690675 17.846007505 9
    endloop
  endfacet
  facet normal 0 0 1
    outer loop
      vertex -115 18 9
      vertex -99.027690675 17.846007505 9
      vertex -99.203285462 18 9
    endloop
  endfacet
  facet normal 0 0 1
    outer loop
      vertex -130.796714538 18 9
      vertex -130.972309325 17.846007505 9
      vertex -117.34947146 17.846007505 9
    endloop
  endfacet
  facet normal 0 0 1
    outer loop
      vertex -130.796714538 18 9
      vertex -117.34947146 17.846007505 9
      vertex -115 18 9
    endloop
  endfacet
  facet normal 0 0 1
    outer loop
      vertex -112.65052854 17.846007505 9
      vertex -110.341257188 17.386664873 9
      vertex -98.503910789 17.386664873 9
    endloop
  endfacet
  facet normal 0 0 1
    outer loop
      vertex -112.65052854 17.846007505 9
      vertex -98.503910789 17.386664873 9
      vertex -99.027690675 17.846007505 9
    endloop
  endfacet
  facet normal 0 0 1
    outer loop
      vertex -130.972309325 17.846007505 9
      vertex -131.496089211 17.386664873 9
      vertex -119.658742812 17.386664873 9
    endloop
  endfacet
  facet normal 0 0 1
    outer loop
      vertex -130.972309325 17.846007505 9
      vertex -119.658742812 17.386664873 9
      vertex -117.34947146 17.846007505 9
    endloop
  endfacet
  facet normal 0 0 1
    outer loop
      vertex -110.341257188 17.386664873 9
      vertex -108.111698217 16.629831585 9
      vertex -97.730624041 16.629831585 9
    endloop
  endfacet
  facet normal 0 0 1
    outer loop
      vertex -110.341257188 17.386664873 9
      vertex -97.730624041 16.629831585 9
      vertex -98.029437252 16.970562748 9
    endloop
  endfacet
  facet normal 0 0 1
    outer loop
      vertex -110.341257188 17.386664873 9
      vertex -98.029437252 16.970562748 9
      vertex -98.503910789 17.386664873 9
    endloop
  endfacet
  facet normal 0 0 1
    outer loop
      vertex -131.496089211 17.386664873 9
      vertex -131.970562748 16.970562748 9
      vertex -132.269375959 16.629831585 9
    endloop
  endfacet
  facet normal 0 0 1
    outer loop
      vertex -131.496089211 17.386664873 9
      vertex -132.269375959 16.629831585 9
      vertex -121.888301783 16.629831585 9
    endloop
  endfacet
  facet normal 0 0 1
    outer loop
      vertex -131.496089211 17.386664873 9
      vertex -121.888301783 16.629831585 9
      vertex -119.658742812 17.386664873 9
    endloop
  endfacet
  facet normal 0 0 1
    outer loop
      vertex -108.111698217 16.629831585 9
      vertex -106 15.588457268 9
      vertex -96.817363276 15.588457268 9
    endloop
  endfacet
  facet normal 0 0 1
    outer loop
      vertex -108.111698217 16.629831585 9
      vertex -96.817363276 15.588457268 9
      vertex -97.730624041 16.629831585 9
    endloop
  endfacet
  facet normal 0 0 1
    outer loop
      vertex -132.269375959 16.629831585 9
      vertex -133.182636724 15.588457268 9
      vertex -124 15.588457268 9
    endloop
  endfacet
  facet normal 0 0 1
    outer loop
      vertex -132.269375959 16.629831585 9
      vertex -124 15.588457268 9
      vertex -121.888301783 16.629831585 9
    endloop
  endfacet
  facet normal 0 0 1
    outer loop
      vertex -106 15.588457268 9
      vertex -104.042294278 14.280360125 9
      vertex -95.739078232 14.280360125 9
    endloop
  endfacet
  facet normal 0 0 1
    outer loop
      vertex -106 15.588457268 9
      vertex -95.739078232 14.280360125 9
      vertex -95.959519833 14.610274296 9
    endloop
  endfacet
  facet normal 0 0 1
    outer loop
      vertex -106 15.588457268 9
      vertex -95.959519833 14.610274296 9
      vertex -96.817363276 15.588457268 9
    endloop
  endfacet
  facet normal 0 0 1
    outer loop
      vertex -133.182636724 15.588457268 9
      vertex -134.040480167 14.610274296 9
      vertex -134.260921768 14.280360125 9
    endloop
  endfacet
  facet normal 0 0 1
    outer loop
      vertex -133.182636724 15.588457268 9
      vertex -134.260921768 14.280360125 9
      vertex -125.957705722 14.280360125 9
    endloop
  endfacet
  facet normal 0 0 1
    outer loop
      vertex -133.182636724 15.588457268 9
      vertex -125.957705722 14.280360125 9
      vertex -124 15.588457268 9
    endloop
  endfacet
  facet normal 0 0 1
    outer loop
      vertex -104.042294278 14.280360125 9
      vertex -102.272077939 12.727922061 9
      vertex -94.701772281 12.727922061 9
    endloop
  endfacet
  facet normal 0 0 1
    outer loop
      vertex -104.042294278 14.280360125 9
      vertex -94.701772281 12.727922061 9
      vertex -95.739078232 14.280360125 9
    endloop
  endfacet
  facet normal 0 0 1
    outer loop
      vertex -134.260921768 14.280360125 9
      vertex -135.298227719 12.727922061 9
      vertex -127.727922061 12.727922061 9
    endloop
  endfacet
  facet normal 0 0 1
    outer loop
      vertex -134.260921768 14.280360125 9
      vertex -127.727922061 12.727922061 9
      vertex -125.957705722 14.280360125 9
    endloop
  endfacet
  facet normal 0 0 1
    outer loop
      vertex -102.272077939 12.727922061 9
      vertex -100.719639875 10.957705722 9
      vertex -93.701387653 10.957705722 9
    endloop
  endfacet
  facet normal 0 0 1
    outer loop
      vertex -102.272077939 12.727922061 9
      vertex -93.701387653 10.957705722 9
      vertex -94.215390309 12 9
    endloop
  endfacet
  facet normal 0 0 1
    outer loop
      vertex -102.272077939 12.727922061 9
      vertex -94.215390309 12 9
      vertex -94.701772281 12.727922061 9
    endloop
  endfacet
  facet normal 0 0 1
    outer loop
      vertex -135.298227719 12.727922061 9
      vertex -135.784609691 12 9
      vertex -136.298612347 10.957705722 9
    endloop
  endfacet
  facet normal 0 0 1
    outer loop
      vertex -135.298227719 12.727922061 9
      vertex -136.298612347 10.957705722 9
      vertex -129.280360125 10.957705722 9
    endloop
  endfacet
  facet normal 0 0 1
    outer loop
      vertex -135.298227719 12.727922061 9
      vertex -129.280360125 10.957705722 9
      vertex -127.727922061 12.727922061 9
    endloop
  endfacet
  facet normal 0 0 1
    outer loop
      vertex -100.719639875 10.957705722 9
      vertex -99.411542732 9 9
      vertex -92.764295048 9 9
    endloop
  endfacet
  facet normal 0 0 1
    outer loop
      vertex -100.719639875 10.957705722 9
      vertex -92.764295048 9 9
      vertex -92.82689122 9.184402377 9
    endloop
  endfacet
  facet normal 0 0 1
    outer loop
      vertex -100.719639875 10.957705722 9
      vertex -92.82689122 9.184402377 9
      vertex -93.701387653 10.957705722 9
    endloop
  endfacet
  facet normal 0 0 1
    outer loop
      vertex -136.298612347 10.957705722 9
      vertex -137.17310878 9.184402377 9
      vertex -137.235704952 9 9
    endloop
  endfacet
  facet normal 0 0 1
    outer loop
      vertex -136.298612347 10.957705722 9
      vertex -137.235704952 9 9
      vertex -130.588457268 9 9
    endloop
  endfacet
  facet normal 0 0 1
    outer loop
      vertex -136.298612347 10.957705722 9
      vertex -130.588457268 9 9
      vertex -129.280360125 10.957705722 9
    endloop
  endfacet
  facet normal 0 0 1
    outer loop
      vertex -99.411542732 9 9
      vertex -98.370168415 6.888301783 9
      vertex -92.047470094 6.888301783 9
    endloop
  endfacet
  facet normal 0 0 1
    outer loop
      vertex -99.411542732 9 9
      vertex -92.047470094 6.888301783 9
      vertex -92.764295048 9 9
    endloop
  endfacet
  facet normal 0 0 1
    outer loop
      vertex -137.235704952 9 9
      vertex -137.952529906 6.888301783 9
      vertex -131.629831585 6.888301783 9
    endloop
  endfacet
  facet normal 0 0 1
    outer loop
      vertex -137.235704952 9 9
      vertex -131.629831585 6.888301783 9
      vertex -130.588457268 9 9
    endloop
  endfacet
  facet normal 0 0 1
    outer loop
      vertex -98.370168415 6.888301783 9
      vertex -97.613335127 4.658742812 9
      vertex -91.508886315 4.658742812 9
    endloop
  endfacet
  facet normal 0 0 1
    outer loop
      vertex -98.370168415 6.888301783 9
      vertex -91.508886315 4.658742812 9
      vertex -91.817780169 6.211657082 9
    endloop
  endfacet
  facet normal 0 0 1
    outer loop
      vertex -98.370168415 6.888301783 9
      vertex -91.817780169 6.211657082 9
      vertex -92.047470094 6.888301783 9
    endloop
  endfacet
  facet normal 0 0 1
    outer loop
      vertex -137.952529906 6.888301783 9
      vertex -138.182219831 6.211657082 9
      vertex -138.491113685 4.658742812 9
    endloop
  endfacet
  facet normal 0 0 1
    outer loop
      vertex -137.952529906 6.888301783 9
      vertex -138.491113685 4.658742812 9
      vertex -132.386664873 4.658742812 9
    endloop
  endfacet
  facet normal 0 0 1
    outer loop
      vertex -137.952529906 6.888301783 9
      vertex -132.386664873 4.658742812 9
      vertex -131.629831585 6.888301783 9
    endloop
  endfacet
  facet normal 0 0 1
    outer loop
      vertex -97.613335127 4.658742812 9
      vertex -97.153992495 2.34947146 9
      vertex -91.153992495 2.34947146 9
    endloop
  endfacet
  facet normal 0 0 1
    outer loop
      vertex -97.613335127 4.658742812 9
      vertex -91.153992495 2.34947146 9
      vertex -91.205323327 3.132628613 9
    endloop
  endfacet
  facet normal 0 0 1
    outer loop
      vertex -97.613335127 4.658742812 9
      vertex -91.205323327 3.132628613 9
      vertex -91.508886315 4.658742812 9
    endloop
  endfacet
  facet normal 0 0 1
    outer loop
      vertex -138.491113685 4.658742812 9
      vertex -138.794676673 3.132628613 9
      vertex -138.846007505 2.34947146 9
    endloop
  endfacet
  facet normal 0 0 1
    outer loop
      vertex -138.491113685 4.658742812 9
      vertex -138.846007505 2.34947146 9
      vertex -132.846007505 2.34947146 9
    endloop
  endfacet
  facet normal 0 0 1
    outer loop
      vertex -138.491113685 4.658742812 9
      vertex -132.846007505 2.34947146 9
      vertex -132.386664873 4.658742812 9
    endloop
  endfacet
  facet normal 0 0 1
    outer loop
      vertex -97.153992495 2.34947146 9
      vertex -97 0 9
      vertex -91 0 9
    endloop
  endfacet
  facet normal 0 0 1
    outer loop
      vertex -97.153992495 2.34947146 9
      vertex -91 0 9
      vertex -91.153992495 2.34947146 9
    endloop
  endfacet
  facet normal 0 0 1
    outer loop
      vertex -138.846007505 2.34947146 9
      vertex -139 0 9
      vertex -133 0 9
    endloop
  endfacet
  facet normal 0 0 1
    outer loop
      vertex -138.846007505 2.34947146 9
      vertex -133 0 9
      vertex -132.846007505 2.34947146 9
    endloop
  endfacet
  facet normal 0 0 1
    outer loop
      vertex -97 0 9
      vertex -97.153992495 -2.34947146 9
      vertex -91.153992495 -2.34947146 9
    endloop
  endfacet
  facet normal 0 0 1
    outer loop
      vertex -97 0 9
      vertex -91.153992495 -2.34947146 9
      vertex -91 0 9
    endloop
  endfacet
  facet normal 0 0 1
    outer loop
      vertex -139 0 9
      vertex -138.846007505 -2.34947146 9
      vertex -132.846007505 -2.34947146 9
    endloop
  endfacet
  facet normal 0 0 1
    outer loop
      vertex -139 0 9
      vertex -132.846007505 -2.34947146 9
      vertex -133 0 9
    endloop
  endfacet
  facet normal 0 0 1
    outer loop
      vertex -97.153992495 -2.34947146 9
      vertex -97.613335127 -4.658742812 9
      vertex -91.508886315 -4.658742812 9
    endloop
  endfacet
  facet normal 0 0 1
    outer loop
      vertex -97.153992495 -2.34947146 9
      vertex -91.508886315 -4.658742812 9
      vertex -91.205323327 -3.132628613 9
    endloop
  endfacet
  facet normal 0 0 1
    outer loop
      vertex -97.153992495 -2.34947146 9
      vertex -91.205323327 -3.132628613 9
      vertex -91.153992495 -2.34947146 9
    endloop
  endfacet
  facet normal 0 0 1
    outer loop
      vertex -138.846007505 -2.34947146 9
      vertex -138.794676673 -3.132628613 9
      vertex -138.491113685 -4.658742812 9
    endloop
  endfacet
  facet normal 0 0 1
    outer loop
      vertex -138.846007505 -2.34947146 9
      vertex -138.491113685 -4.658742812 9
      vertex -132.386664873 -4.658742812 9
    endloop
  endfacet
  facet normal 0 0 1
    outer loop
      vertex -138.846007505 -2.34947146 9
      vertex -132.386664873 -4.658742812 9
      vertex -132.846007505 -2.34947146 9
    endloop
  endfacet
  facet normal 0 0 1
    outer loop
      vertex -97.613335127 -4.658742812 9
      vertex -98.370168415 -6.888301783 9
      vertex -92.047470094 -6.888301783 9
    endloop
  endfacet
  facet normal 0 0 1
    outer loop
      vertex -97.613335127 -4.658742812 9
      vertex -92.047470094 -6.888301783 9
      vertex -91.817780169 -6.211657082 9
    endloop
  endfacet
  facet normal 0 0 1
    outer loop
      vertex -97.613335127 -4.658742812 9
      vertex -91.817780169 -6.211657082 9
      vertex -91.508886315 -4.658742812 9
    endloop
  endfacet
  facet normal 0 0 1
    outer loop
      vertex -138.491113685 -4.658742812 9
      vertex -138.182219831 -6.211657082 9
      vertex -137.952529906 -6.888301783 9
    endloop
  endfacet
  facet normal 0 0 1
    outer loop
      vertex -138.491113685 -4.658742812 9
      vertex -137.952529906 -6.888301783 9
      vertex -131.629831585 -6.888301783 9
    endloop
  endfacet
  facet normal 0 0 1
    outer loop
      vertex -138.491113685 -4.658742812 9
      vertex -131.629831585 -6.888301783 9
      vertex -132.386664873 -4.658742812 9
    endloop
  endfacet
  facet normal 0 0 1
    outer loop
      vertex -98.370168415 -6.888301783 9
      vertex -99.411542732 -9 9
      vertex -92.764295048 -9 9
    endloop
  endfacet
  facet normal 0 0 1
    outer loop
      vertex -98.370168415 -6.888301783 9
      vertex -92.764295048 -9 9
      vertex -92.047470094 -6.888301783 9
    endloop
  endfacet
  facet normal 0 0 1
    outer loop
      vertex -137.952529906 -6.888301783 9
      vertex -137.235704952 -9 9
      vertex -130.588457268 -9 9
    endloop
  endfacet
  facet normal 0 0 1
    outer loop
      vertex -137.952529906 -6.888301783 9
      vertex -130.588457268 -9 9
      vertex -131.629831585 -6.888301783 9
    endloop
  endfacet
  facet normal 0 0 1
    outer loop
      vertex -99.411542732 -9 9
      vertex -100.719639875 -10.957705722 9
      vertex -93.701387653 -10.957705722 9
    endloop
  endfacet
  facet normal 0 0 1
    outer loop
      vertex -99.411542732 -9 9
      vertex -93.701387653 -10.957705722 9
      vertex -92.82689122 -9.184402377 9
    endloop
  endfacet
  facet normal 0 0 1
    outer loop
      vertex -99.411542732 -9 9
      vertex -92.82689122 -9.184402377 9
      vertex -92.764295048 -9 9
    endloop
  endfacet
  facet normal 0 0 1
    outer loop
      vertex -137.235704952 -9 9
      vertex -137.17310878 -9.184402377 9
      vertex -136.298612347 -10.957705722 9
    endloop
  endfacet
  facet normal 0 0 1
    outer loop
      vertex -137.235704952 -9 9
      vertex -136.298612347 -10.957705722 9
      vertex -129.280360125 -10.957705722 9
    endloop
  endfacet
  facet normal 0 0 1
    outer loop
      vertex -137.235704952 -9 9
      vertex -129.280360125 -10.957705722 9
      vertex -130.588457268 -9 9
    endloop
  endfacet
  facet normal 0 0 1
    outer loop
      vertex -100.719639875 -10.957705722 9
      vertex -102.272077939 -12.727922061 9
      vertex -94.701772281 -12.727922061 9
    endloop
  endfacet
  facet normal 0 0 1
    outer loop
      vertex -100.719639875 -10.957705722 9
      vertex -94.701772281 -12.727922061 9
      vertex -94.215390309 -12 9
    endloop
  endfacet
  facet normal 0 0 1
    outer loop
      vertex -100.719639875 -10.957705722 9
      vertex -94.215390309 -12 9
      vertex -93.701387653 -10.957705722 9
    endloop
  endfacet
  facet normal 0 0 1
    outer loop
      vertex -136.298612347 -10.957705722 9
      vertex -135.784609691 -12 9
      vertex -135.298227719 -12.727922061 9
    endloop
  endfacet
  facet normal 0 0 1
    outer loop
      vertex -136.298612347 -10.957705722 9
      vertex -135.298227719 -12.727922061 9
      vertex -127.727922061 -12.727922061 9
    endloop
  endfacet
  facet normal 0 0 1
    outer loop
      vertex -136.298612347 -10.957705722 9
      vertex -127.727922061 -12.727922061 9
      vertex -129.280360125 -10.957705722 9
    endloop
  endfacet
  facet normal 0 0 1
    outer loop
      vertex -102.272077939 -12.727922061 9
      vertex -104.042294278 -14.280360125 9
      vertex -95.739078232 -14.280360125 9
    endloop
  endfacet
  facet normal 0 0 1
    outer loop
      vertex -102.272077939 -12.727922061 9
      vertex -95.739078232 -14.280360125 9
      vertex -94.701772281 -12.727922061 9
    endloop
  endfacet
  facet normal 0 0 1
    outer loop
      vertex -135.298227719 -12.727922061 9
      vertex -134.260921768 -14.280360125 9
      vertex -125.957705722 -14.280360125 9
    endloop
  endfacet
  facet normal 0 0 1
    outer loop
      vertex -135.298227719 -12.727922061 9
      vertex -125.957705722 -14.280360125 9
      vertex -127.727922061 -12.727922061 9
    endloop
  endfacet
  facet normal 0 0 1
    outer loop
      vertex -104.042294278 -14.280360125 9
      vertex -106 -15.588457268 9
      vertex -96.817363276 -15.588457268 9
    endloop
  endfacet
  facet normal 0 0 1
    outer loop
      vertex -104.042294278 -14.280360125 9
      vertex -96.817363276 -15.588457268 9
      vertex -95.959519833 -14.610274296 9
    endloop
  endfacet
  facet normal 0 0 1
    outer loop
      vertex -104.042294278 -14.280360125 9
      vertex -95.959519833 -14.610274296 9
      vertex -95.739078232 -14.280360125 9
    endloop
  endfacet
  facet normal 0 0 1
    outer loop
      vertex -134.260921768 -14.280360125 9
      vertex -134.040480167 -14.610274296 9
      vertex -133.182636724 -15.588457268 9
    endloop
  endfacet
  facet normal 0 0 1
    outer loop
      vertex -134.260921768 -14.280360125 9
      vertex -133.182636724 -15.588457268 9
      vertex -124 -15.588457268 9
    endloop
  endfacet
  facet normal 0 0 1
    outer loop
      vertex -134.260921768 -14.280360125 9
      vertex -124 -15.588457268 9
      vertex -125.957705722 -14.280360125 9
    endloop
  endfacet
  facet normal 0 0 1
    outer loop
      vertex -106 -15.588457268 9
      vertex -108.111698217 -16.629831585 9
      vertex -97.730624041 -16.629831585 9
    endloop
  endfacet
  facet normal 0 0 1
    outer loop
      vertex -106 -15.588457268 9
      vertex -97.730624041 -16.629831585 9
      vertex -96.817363276 -15.588457268 9
    endloop
  endfacet
  facet normal 0 0 1
    outer loop
      vertex -133.182636724 -15.588457268 9
      vertex -132.269375959 -16.629831585 9
      vertex -121.888301783 -16.629831585 9
    endloop
  endfacet
  facet normal 0 0 1
    outer loop
      vertex -133.182636724 -15.588457268 9
      vertex -121.888301783 -16.629831585 9
      vertex -124 -15.588457268 9
    endloop
  endfacet
  facet normal 0 0 1
    outer loop
      vertex -108.111698217 -16.629831585 9
      vertex -110.341257188 -17.386664873 9
      vertex -98.503910789 -17.386664873 9
    endloop
  endfacet
  facet normal 0 0 1
    outer loop
      vertex -108.111698217 -16.629831585 9
      vertex -98.503910789 -17.386664873 9
      vertex -98.029437252 -16.970562748 9
    endloop
  endfacet
  facet normal 0 0 1
    outer loop
      vertex -108.111698217 -16.629831585 9
      vertex -98.029437252 -16.970562748 9
      vertex -97.730624041 -16.629831585 9
    endloop
  endfacet
  facet normal 0 0 1
    outer loop
      vertex -132.269375959 -16.629831585 9
      vertex -131.970562748 -16.970562748 9
      vertex -131.496089211 -17.386664873 9
    endloop
  endfacet
  facet normal 0 0 1
    outer loop
      vertex -132.269375959 -16.629831585 9
      vertex -131.496089211 -17.386664873 9
      vertex -119.658742812 -17.386664873 9
    endloop
  endfacet
  facet normal 0 0 1
    outer loop
      vertex -132.269375959 -16.629831585 9
      vertex -119.658742812 -17.386664873 9
      vertex -121.888301783 -16.629831585 9
    endloop
  endfacet
  facet normal 0 0 1
    outer loop
      vertex -110.341257188 -17.386664873 9
      vertex -112.65052854 -17.846007505 9
      vertex -99.027690675 -17.846007505 9
    endloop
  endfacet
  facet normal 0 0 1
    outer loop
      vertex -110.341257188 -17.386664873 9
      vertex -99.027690675 -17.846007505 9
      vertex -98.503910789 -17.386664873 9
    endloop
  endfacet
  facet normal 0 0 1
    outer loop
      vertex -131.496089211 -17.386664873 9
      vertex -130.972309325 -17.846007505 9
      vertex -117.34947146 -17.846007505 9
    endloop
  endfacet
  facet normal 0 0 1
    outer loop
      vertex -131.496089211 -17.386664873 9
      vertex -117.34947146 -17.846007505 9
      vertex -119.658742812 -17.386664873 9
    endloop
  endfacet
  facet normal 0 0 1
    outer loop
      vertex -112.65052854 -17.846007505 9
      vertex -115 -18 9
      vertex -99.203285462 -18 9
    endloop
  endfacet
  facet normal 0 0 1
    outer loop
      vertex -112.65052854 -17.846007505 9
      vertex -99.203285462 -18 9
      vertex -99.027690675 -17.846007505 9
    endloop
  endfacet
  facet normal 0 0 1
    outer loop
      vertex -130.972309325 -17.846007505 9
      vertex -130.796714538 -18 9
      vertex -115 -18 9
    endloop
  endfacet
  facet normal 0 0 1
    outer loop
      vertex -130.972309325 -17.846007505 9
      vertex -115 -18 9
      vertex -117.34947146 -17.846007505 9
    endloop
  endfacet
  facet normal 0 0 1
    outer loop
      vertex -130.796714538 -18 9
      vertex -129.610274296 -19.040480167 9
      vertex -127 -20.784609691 9
    endloop
  endfacet
  facet normal 0 0 1
    outer loop
      vertex -130.796714538 -18 9
      vertex -127 -20.784609691 9
      vertex -124.184402377 -22.17310878 9
    endloop
  endfacet
  facet normal 0 0 1
    outer loop
      vertex -130.796714538 -18 9
      vertex -124.184402377 -22.17310878 9
      vertex -121.211657082 -23.182219831 9
    endloop
  endfacet
  facet normal 0 0 1
    outer loop
      vertex -130.796714538 -18 9
      vertex -121.211657082 -23.182219831 9
      vertex -118.132628613 -23.794676673 9
    endloop
  endfacet
  facet normal 0 0 1
    outer loop
      vertex -130.796714538 -18 9
      vertex -118.132628613 -23.794676673 9
      vertex -115 -24 9
    endloop
  endfacet
  facet normal 0 0 1
    outer loop
      vertex -130.796714538 -18 9
      vertex -115 -24 9
      vertex -111.867371387 -23.794676673 9
    endloop
  endfacet
  facet normal 0 0 1
    outer loop
      vertex -130.796714538 -18 9
      vertex -111.867371387 -23.794676673 9
      vertex -108.788342918 -23.182219831 9
    endloop
  endfacet
  facet normal 0 0 1
    outer loop
      vertex -130.796714538 -18 9
      vertex -108.788342918 -23.182219831 9
      vertex -105.815597623 -22.17310878 9
    endloop
  endfacet
  facet normal 0 0 1
    outer loop
      vertex -130.796714538 -18 9
      vertex -105.815597623 -22.17310878 9
      vertex -103 -20.784609691 9
    endloop
  endfacet
  facet normal 0 0 1
    outer loop
      vertex -130.796714538 -18 9
      vertex -103 -20.784609691 9
      vertex -100.389725704 -19.040480167 9
    endloop
  endfacet
  facet normal 0 0 1
    outer loop
      vertex -130.796714538 -18 9
      vertex -100.389725704 -19.040480167 9
      vertex -99.203285462 -18 9
    endloop
  endfacet
  facet normal 0 0 -1
    outer loop
      vertex -111.867371387 23.794676673 5
      vertex -108.788342918 23.182219831 5
      vertex -105.815597623 22.17310878 5
    endloop
  endfacet
  facet normal 0 0 -1
    outer loop
      vertex -111.867371387 23.794676673 5
      vertex -105.815597623 22.17310878 5
      vertex -103 20.784609691 5
    endloop
  endfacet
  facet normal 0 0 -1
    outer loop
      vertex -111.867371387 23.794676673 5
      vertex -103 20.784609691 5
      vertex -100.389725704 19.040480167 5
    endloop
  endfacet
  facet normal 0 0 -1
    outer loop
      vertex -111.867371387 23.794676673 5
      vertex -100.389725704 19.040480167 5
      vertex -99.203285462 18 5
    endloop
  endfacet
  facet normal 0 0 -1
    outer loop
      vertex -111.867371387 23.794676673 5
      vertex -99.203285462 18 5
      vertex -130.796714538 18 5
    endloop
  endfacet
  facet normal 0 0 -1
    outer loop
      vertex -111.867371387 23.794676673 5
      vertex -130.796714538 18 5
      vertex -129.610274296 19.040480167 5
    endloop
  endfacet
  facet normal 0 0 -1
    outer loop
      vertex -111.867371387 23.794676673 5
      vertex -129.610274296 19.040480167 5
      vertex -127 20.784609691 5
    endloop
  endfacet
  facet normal 0 0 -1
    outer loop
      vertex -111.867371387 23.794676673 5
      vertex -127 20.784609691 5
      vertex -124.184402377 22.17310878 5
    endloop
  endfacet
  facet normal 0 0 -1
    outer loop
      vertex -111.867371387 23.794676673 5
      vertex -124.184402377 22.17310878 5
      vertex -121.211657082 23.182219831 5
    endloop
  endfacet
  facet normal 0 0 -1
    outer loop
      vertex -111.867371387 23.794676673 5
      vertex -121.211657082 23.182219831 5
      vertex -118.132628613 23.794676673 5
    endloop
  endfacet
  facet normal 0 0 -1
    outer loop
      vertex -111.867371387 23.794676673 5
      vertex -118.132628613 23.794676673 5
      vertex -115 24 5
    endloop
  endfacet
  facet normal 0 0 -1
    outer loop
      vertex -115 18 5
      vertex -117.34947146 17.846007505 5
      vertex -130.972309325 17.846007505 5
    endloop
  endfacet
  facet normal 0 0 -1
    outer loop
      vertex -115 18 5
      vertex -130.972309325 17.846007505 5
      vertex -130.796714538 18 5
    endloop
  endfacet
  facet normal 0 0 -1
    outer loop
      vertex -99.203285462 18 5
      vertex -99.027690675 17.846007505 5
      vertex -112.65052854 17.846007505 5
    endloop
  endfacet
  facet normal 0 0 -1
    outer loop
      vertex -99.203285462 18 5
      vertex -112.65052854 17.846007505 5
      vertex -115 18 5
    endloop
  endfacet
  facet normal 0 0 -1
    outer loop
      vertex -117.34947146 17.846007505 5
      vertex -119.658742812 17.386664873 5
      vertex -131.496089211 17.386664873 5
    endloop
  endfacet
  facet normal 0 0 -1
    outer loop
      vertex -117.34947146 17.846007505 5
      vertex -131.496089211 17.386664873 5
      vertex -130.972309325 17.846007505 5
    endloop
  endfacet
  facet normal 0 0 -1
    outer loop
      vertex -99.027690675 17.846007505 5
      vertex -98.503910789 17.386664873 5
      vertex -110.341257188 17.386664873 5
    endloop
  endfacet
  facet normal 0 0 -1
    outer loop
      vertex -99.027690675 17.846007505 5
      vertex -110.341257188 17.386664873 5
      vertex -112.65052854 17.846007505 5
    endloop
  endfacet
  facet normal 0 0 -1
    outer loop
      vertex -119.658742812 17.386664873 5
      vertex -121.888301783 16.629831585 5
      vertex -132.269375959 16.629831585 5
    endloop
  endfacet
  facet normal 0 0 -1
    outer loop
      vertex -119.658742812 17.386664873 5
      vertex -132.269375959 16.629831585 5
      vertex -131.970562748 16.970562748 5
    endloop
  endfacet
  facet normal 0 0 -1
    outer loop
      vertex -119.658742812 17.386664873 5
      vertex -131.970562748 16.970562748 5
      vertex -131.496089211 17.386664873 5
    endloop
  endfacet
  facet normal 0 0 -1
    outer loop
      vertex -98.503910789 17.386664873 5
      vertex -98.029437252 16.970562748 5
      vertex -97.730624041 16.629831585 5
    endloop
  endfacet
  facet normal 0 0 -1
    outer loop
      vertex -98.503910789 17.386664873 5
      vertex -97.730624041 16.629831585 5
      vertex -108.111698217 16.629831585 5
    endloop
  endfacet
  facet normal 0 0 -1
    outer loop
      vertex -98.503910789 17.386664873 5
      vertex -108.111698217 16.629831585 5
      vertex -110.341257188 17.386664873 5
    endloop
  endfacet
  facet normal 0 0 -1
    outer loop
      vertex -121.888301783 16.629831585 5
      vertex -124 15.588457268 5
      vertex -133.182636724 15.588457268 5
    endloop
  endfacet
  facet normal 0 0 -1
    outer loop
      vertex -121.888301783 16.629831585 5
      vertex -133.182636724 15.588457268 5
      vertex -132.269375959 16.629831585 5
    endloop
  endfacet
  facet normal 0 0 -1
    outer loop
      vertex -97.730624041 16.629831585 5
      vertex -96.817363276 15.588457268 5
      vertex -106 15.588457268 5
    endloop
  endfacet
  facet normal 0 0 -1
    outer loop
      vertex -97.730624041 16.629831585 5
      vertex -106 15.588457268 5
      vertex -108.111698217 16.629831585 5
    endloop
  endfacet
  facet normal 0 0 -1
    outer loop
      vertex -124 15.588457268 5
      vertex -125.957705722 14.280360125 5
      vertex -134.260921768 14.280360125 5
    endloop
  endfacet
  facet normal 0 0 -1
    outer loop
      vertex -124 15.588457268 5
      vertex -134.260921768 14.280360125 5
      vertex -134.040480167 14.610274296 5
    endloop
  endfacet
  facet normal 0 0 -1
    outer loop
      vertex -124 15.588457268 5
      vertex -134.040480167 14.610274296 5
      vertex -133.182636724 15.588457268 5
    endloop
  endfacet
  facet normal 0 0 -1
    outer loop
      vertex -96.817363276 15.588457268 5
      vertex -95.959519833 14.610274296 5
      vertex -95.739078232 14.280360125 5
    endloop
  endfacet
  facet normal 0 0 -1
    outer loop
      vertex -96.817363276 15.588457268 5
      vertex -95.739078232 14.280360125 5
      vertex -104.042294278 14.280360125 5
    endloop
  endfacet
  facet normal 0 0 -1
    outer loop
      vertex -96.817363276 15.588457268 5
      vertex -104.042294278 14.280360125 5
      vertex -106 15.588457268 5
    endloop
  endfacet
  facet normal 0 0 -1
    outer loop
      vertex -125.957705722 14.280360125 5
      vertex -127.727922061 12.727922061 5
      vertex -135.298227719 12.727922061 5
    endloop
  endfacet
  facet normal 0 0 -1
    outer loop
      vertex -125.957705722 14.280360125 5
      vertex -135.298227719 12.727922061 5
      vertex -134.260921768 14.280360125 5
    endloop
  endfacet
  facet normal 0 0 -1
    outer loop
      vertex -95.739078232 14.280360125 5
      vertex -94.701772281 12.727922061 5
      vertex -102.272077939 12.727922061 5
    endloop
  endfacet
  facet normal 0 0 -1
    outer loop
      vertex -95.739078232 14.280360125 5
      vertex -102.272077939 12.727922061 5
      vertex -104.042294278 14.280360125 5
    endloop
  endfacet
  facet normal 0 0 -1
    outer loop
      vertex -127.727922061 12.727922061 5
      vertex -129.280360125 10.957705722 5
      vertex -136.298612347 10.957705722 5
    endloop
  endfacet
  facet normal 0 0 -1
    outer loop
      vertex -127.727922061 12.727922061 5
      vertex -136.298612347 10.957705722 5
      vertex -135.784609691 12 5
    endloop
  endfacet
  facet normal 0 0 -1
    outer loop
      vertex -127.727922061 12.727922061 5
      vertex -135.784609691 12 5
      vertex -135.298227719 12.727922061 5
    endloop
  endfacet
  facet normal 0 0 -1
    outer loop
      vertex -94.701772281 12.727922061 5
      vertex -94.215390309 12 5
      vertex -93.701387653 10.957705722 5
    endloop
  endfacet
  facet normal 0 0 -1
    outer loop
      vertex -94.701772281 12.727922061 5
      vertex -93.701387653 10.957705722 5
      vertex -100.719639875 10.957705722 5
    endloop
  endfacet
  facet normal 0 0 -1
    outer loop
      vertex -94.701772281 12.727922061 5
      vertex -100.719639875 10.957705722 5
      vertex -102.272077939 12.727922061 5
    endloop
  endfacet
  facet normal 0 0 -1
    outer loop
      vertex -129.280360125 10.957705722 5
      vertex -130.588457268 9 5
      vertex -137.235704952 9 5
    endloop
  endfacet
  facet normal 0 0 -1
    outer loop
      vertex -129.280360125 10.957705722 5
      vertex -137.235704952 9 5
      vertex -137.17310878 9.184402377 5
    endloop
  endfacet
  facet normal 0 0 -1
    outer loop
      vertex -129.280360125 10.957705722 5
      vertex -137.17310878 9.184402377 5
      vertex -136.298612347 10.957705722 5
    endloop
  endfacet
  facet normal 0 0 -1
    outer loop
      vertex -93.701387653 10.957705722 5
      vertex -92.82689122 9.184402377 5
      vertex -92.764295048 9 5
    endloop
  endfacet
  facet normal 0 0 -1
    outer loop
      vertex -93.701387653 10.957705722 5
      vertex -92.764295048 9 5
      vertex -99.411542732 9 5
    endloop
  endfacet
  facet normal 0 0 -1
    outer loop
      vertex -93.701387653 10.957705722 5
      vertex -99.411542732 9 5
      vertex -100.719639875 10.957705722 5
    endloop
  endfacet
  facet normal 0 0 -1
    outer loop
      vertex -130.588457268 9 5
      vertex -131.629831585 6.888301783 5
      vertex -137.952529906 6.888301783 5
    endloop
  endfacet
  facet normal 0 0 -1
    outer loop
      vertex -130.588457268 9 5
      vertex -137.952529906 6.888301783 5
      vertex -137.235704952 9 5
    endloop
  endfacet
  facet normal 0 0 -1
    outer loop
      vertex -92.764295048 9 5
      vertex -92.047470094 6.888301783 5
      vertex -98.370168415 6.888301783 5
    endloop
  endfacet
  facet normal 0 0 -1
    outer loop
      vertex -92.764295048 9 5
      vertex -98.370168415 6.888301783 5
      vertex -99.411542732 9 5
    endloop
  endfacet
  facet normal 0 0 -1
    outer loop
      vertex -131.629831585 6.888301783 5
      vertex -132.386664873 4.658742812 5
      vertex -138.491113685 4.658742812 5
    endloop
  endfacet
  facet normal 0 0 -1
    outer loop
      vertex -131.629831585 6.888301783 5
      vertex -138.491113685 4.658742812 5
      vertex -138.182219831 6.211657082 5
    endloop
  endfacet
  facet normal 0 0 -1
    outer loop
      vertex -131.629831585 6.888301783 5
      vertex -138.182219831 6.211657082 5
      vertex -137.952529906 6.888301783 5
    endloop
  endfacet
  facet normal 0 0 -1
    outer loop
      vertex -92.047470094 6.888301783 5
      vertex -91.817780169 6.211657082 5
      vertex -91.508886315 4.658742812 5
    endloop
  endfacet
  facet normal 0 0 -1
    outer loop
      vertex -92.047470094 6.888301783 5
      vertex -91.508886315 4.658742812 5
      vertex -97.613335127 4.658742812 5
    endloop
  endfacet
  facet normal 0 0 -1
    outer loop
      vertex -92.047470094 6.888301783 5
      vertex -97.613335127 4.658742812 5
      vertex -98.370168415 6.888301783 5
    endloop
  endfacet
  facet normal 0 0 -1
    outer loop
      vertex -132.386664873 4.658742812 5
      vertex -132.846007505 2.34947146 5
      vertex -138.846007505 2.34947146 5
    endloop
  endfacet
  facet normal 0 0 -1
    outer loop
      vertex -132.386664873 4.658742812 5
      vertex -138.846007505 2.34947146 5
      vertex -138.794676673 3.132628613 5
    endloop
  endfacet
  facet normal 0 0 -1
    outer loop
      vertex -132.386664873 4.658742812 5
      vertex -138.794676673 3.132628613 5
      vertex -138.491113685 4.658742812 5
    endloop
  endfacet
  facet normal 0 0 -1
    outer loop
      vertex -91.508886315 4.658742812 5
      vertex -91.205323327 3.132628613 5
      vertex -91.153992495 2.34947146 5
    endloop
  endfacet
  facet normal 0 0 -1
    outer loop
      vertex -91.508886315 4.658742812 5
      vertex -91.153992495 2.34947146 5
      vertex -97.153992495 2.34947146 5
    endloop
  endfacet
  facet normal 0 0 -1
    outer loop
      vertex -91.508886315 4.658742812 5
      vertex -97.153992495 2.34947146 5
      vertex -97.613335127 4.658742812 5
    endloop
  endfacet
  facet normal 0 0 -1
    outer loop
      vertex -132.846007505 2.34947146 5
      vertex -133 0 5
      vertex -139 0 5
    endloop
  endfacet
  facet normal 0 0 -1
    outer loop
      vertex -132.846007505 2.34947146 5
      vertex -139 0 5
      vertex -138.846007505 2.34947146 5
    endloop
  endfacet
  facet normal 0 0 -1
    outer loop
      vertex -91.153992495 2.34947146 5
      vertex -91 0 5
      vertex -97 0 5
    endloop
  endfacet
  facet normal 0 0 -1
    outer loop
      vertex -91.153992495 2.34947146 5
      vertex -97 0 5
      vertex -97.153992495 2.34947146 5
    endloop
  endfacet
  facet normal 0 0 -1
    outer loop
      vertex -133 0 5
      vertex -132.846007505 -2.34947146 5
      vertex -138.846007505 -2.34947146 5
    endloop
  endfacet
  facet normal 0 0 -1
    outer loop
      vertex -133 0 5
      vertex -138.846007505 -2.34947146 5
      vertex -139 0 5
    endloop
  endfacet
  facet normal 0 0 -1
    outer loop
      vertex -91 0 5
      vertex -91.153992495 -2.34947146 5
      vertex -97.153992495 -2.34947146 5
    endloop
  endfacet
  facet normal 0 0 -1
    outer loop
      vertex -91 0 5
      vertex -97.153992495 -2.34947146 5
      vertex -97 0 5
    endloop
  endfacet
  facet normal 0 0 -1
    outer loop
      vertex -132.846007505 -2.34947146 5
      vertex -132.386664873 -4.658742812 5
      vertex -138.491113685 -4.658742812 5
    endloop
  endfacet
  facet normal 0 0 -1
    outer loop
      vertex -132.846007505 -2.34947146 5
      vertex -138.491113685 -4.658742812 5
      vertex -138.794676673 -3.132628613 5
    endloop
  endfacet
  facet normal 0 0 -1
    outer loop
      vertex -132.846007505 -2.34947146 5
      vertex -138.794676673 -3.132628613 5
      vertex -138.846007505 -2.34947146 5
    endloop
  endfacet
  facet normal 0 0 -1
    outer loop
      vertex -91.153992495 -2.34947146 5
      vertex -91.205323327 -3.132628613 5
      vertex -91.508886315 -4.658742812 5
    endloop
  endfacet
  facet normal 0 0 -1
    outer loop
      vertex -91.153992495 -2.34947146 5
      vertex -91.508886315 -4.658742812 5
      vertex -97.613335127 -4.658742812 5
    endloop
  endfacet
  facet normal 0 0 -1
    outer loop
      vertex -91.153992495 -2.34947146 5
      vertex -97.613335127 -4.658742812 5
      vertex -97.153992495 -2.34947146 5
    endloop
  endfacet
  facet normal 0 0 -1
    outer loop
      vertex -132.386664873 -4.658742812 5
      vertex -131.629831585 -6.888301783 5
      vertex -137.952529906 -6.888301783 5
    endloop
  endfacet
  facet normal 0 0 -1
    outer loop
      vertex -132.386664873 -4.658742812 5
      vertex -137.952529906 -6.888301783 5
      vertex -138.182219831 -6.211657082 5
    endloop
  endfacet
  facet normal 0 0 -1
    outer loop
      vertex -132.386664873 -4.658742812 5
      vertex -138.182219831 -6.211657082 5
      vertex -138.491113685 -4.658742812 5
    endloop
  endfacet
  facet normal 0 0 -1
    outer loop
      vertex -91.508886315 -4.658742812 5
      vertex -91.817780169 -6.211657082 5
      vertex -92.047470094 -6.888301783 5
    endloop
  endfacet
  facet normal 0 0 -1
    outer loop
      vertex -91.508886315 -4.658742812 5
      vertex -92.047470094 -6.888301783 5
      vertex -98.370168415 -6.888301783 5
    endloop
  endfacet
  facet normal 0 0 -1
    outer loop
      vertex -91.508886315 -4.658742812 5
      vertex -98.370168415 -6.888301783 5
      vertex -97.613335127 -4.658742812 5
    endloop
  endfacet
  facet normal 0 0 -1
    outer loop
      vertex -131.629831585 -6.888301783 5
      vertex -130.588457268 -9 5
      vertex -137.235704952 -9 5
    endloop
  endfacet
  facet normal 0 0 -1
    outer loop
      vertex -131.629831585 -6.888301783 5
      vertex -137.235704952 -9 5
      vertex -137.952529906 -6.888301783 5
    endloop
  endfacet
  facet normal 0 0 -1
    outer loop
      vertex -92.047470094 -6.888301783 5
      vertex -92.764295048 -9 5
      vertex -99.411542732 -9 5
    endloop
  endfacet
  facet normal 0 0 -1
    outer loop
      vertex -92.047470094 -6.888301783 5
      vertex -99.411542732 -9 5
      vertex -98.370168415 -6.888301783 5
    endloop
  endfacet
  facet normal 0 0 -1
    outer loop
      vertex -130.588457268 -9 5
      vertex -129.280360125 -10.957705722 5
      vertex -136.298612347 -10.957705722 5
    endloop
  endfacet
  facet normal 0 0 -1
    outer loop
      vertex -130.588457268 -9 5
      vertex -136.298612347 -10.957705722 5
      vertex -137.17310878 -9.184402377 5
    endloop
  endfacet
  facet normal 0 0 -1
    outer loop
      vertex -130.588457268 -9 5
      vertex -137.17310878 -9.184402377 5
      vertex -137.235704952 -9 5
    endloop
  endfacet
  facet normal 0 0 -1
    outer loop
      vertex -92.764295048 -9 5
      vertex -92.82689122 -9.184402377 5
      vertex -93.701387653 -10.957705722 5
    endloop
  endfacet
  facet normal 0 0 -1
    outer loop
      vertex -92.764295048 -9 5
      vertex -93.701387653 -10.957705722 5
      vertex -100.719639875 -10.957705722 5
    endloop
  endfacet
  facet normal 0 0 -1
    outer loop
      vertex -92.764295048 -9 5
      vertex -100.719639875 -10.957705722 5
      vertex -99.411542732 -9 5
    endloop
  endfacet
  facet normal 0 0 -1
    outer loop
      vertex -129.280360125 -10.957705722 5
      vertex -127.727922061 -12.727922061 5
      vertex -135.298227719 -12.727922061 5
    endloop
  endfacet
  facet normal 0 0 -1
    outer loop
      vertex -129.280360125 -10.957705722 5
      vertex -135.298227719 -12.727922061 5
      vertex -135.784609691 -12 5
    endloop
  endfacet
  facet normal 0 0 -1
    outer loop
      vertex -129.280360125 -10.957705722 5
      vertex -135.784609691 -12 5
      vertex -136.298612347 -10.957705722 5
    endloop
  endfacet
  facet normal 0 0 -1
    outer loop
      vertex -93.701387653 -10.957705722 5
      vertex -94.215390309 -12 5
      vertex -94.701772281 -12.727922061 5
    endloop
  endfacet
  facet normal 0 0 -1
    outer loop
      vertex -93.701387653 -10.957705722 5
      vertex -94.701772281 -12.727922061 5
      vertex -102.272077939 -12.727922061 5
    endloop
  endfacet
  facet normal 0 0 -1
    outer loop
      vertex -93.701387653 -10.957705722 5
      vertex -102.272077939 -12.727922061 5
      vertex -100.719639875 -10.957705722 5
    endloop
  endfacet
  facet normal 0 0 -1
    outer loop
      vertex -127.727922061 -12.727922061 5
      vertex -125.957705722 -14.280360125 5
      vertex -134.260921768 -14.280360125 5
    endloop
  endfacet
  facet normal 0 0 -1
    outer loop
      vertex -127.727922061 -12.727922061 5
      vertex -134.260921768 -14.280360125 5
      vertex -135.298227719 -12.727922061 5
    endloop
  endfacet
  facet normal 0 0 -1
    outer loop
      vertex -94.701772281 -12.727922061 5
      vertex -95.739078232 -14.280360125 5
      vertex -104.042294278 -14.280360125 5
    endloop
  endfacet
  facet normal 0 0 -1
    outer loop
      vertex -94.701772281 -12.727922061 5
      vertex -104.042294278 -14.280360125 5
      vertex -102.272077939 -12.727922061 5
    endloop
  endfacet
  facet normal 0 0 -1
    outer loop
      vertex -125.957705722 -14.280360125 5
      vertex -124 -15.588457268 5
      vertex -133.182636724 -15.588457268 5
    endloop
  endfacet
  facet normal 0 0 -1
    outer loop
      vertex -125.957705722 -14.280360125 5
      vertex -133.182636724 -15.588457268 5
      vertex -134.040480167 -14.610274296 5
    endloop
  endfacet
  facet normal 0 0 -1
    outer loop
      vertex -125.957705722 -14.280360125 5
      vertex -134.040480167 -14.610274296 5
      vertex -134.260921768 -14.280360125 5
    endloop
  endfacet
  facet normal 0 0 -1
    outer loop
      vertex -95.739078232 -14.280360125 5
      vertex -95.959519833 -14.610274296 5
      vertex -96.817363276 -15.588457268 5
    endloop
  endfacet
  facet normal 0 0 -1
    outer loop
      vertex -95.739078232 -14.280360125 5
      vertex -96.817363276 -15.588457268 5
      vertex -106 -15.588457268 5
    endloop
  endfacet
  facet normal 0 0 -1
    outer loop
      vertex -95.739078232 -14.280360125 5
      vertex -106 -15.588457268 5
      vertex -104.042294278 -14.280360125 5
    endloop
  endfacet
  facet normal 0 0 -1
    outer loop
      vertex -124 -15.588457268 5
      vertex -121.888301783 -16.629831585 5
      vertex -132.269375959 -16.629831585 5
    endloop
  endfacet
  facet normal 0 0 -1
    outer loop
      vertex -124 -15.588457268 5
      vertex -132.269375959 -16.629831585 5
      vertex -133.182636724 -15.588457268 5
    endloop
  endfacet
  facet normal 0 0 -1
    outer loop
      vertex -96.817363276 -15.588457268 5
      vertex -97.730624041 -16.629831585 5
      vertex -108.111698217 -16.629831585 5
    endloop
  endfacet
  facet normal 0 0 -1
    outer loop
      vertex -96.817363276 -15.588457268 5
      vertex -108.111698217 -16.629831585 5
      vertex -106 -15.588457268 5
    endloop
  endfacet
  facet normal 0 0 -1
    outer loop
      vertex -121.888301783 -16.629831585 5
      vertex -119.658742812 -17.386664873 5
      vertex -131.496089211 -17.386664873 5
    endloop
  endfacet
  facet normal 0 0 -1
    outer loop
      vertex -121.888301783 -16.629831585 5
      vertex -131.496089211 -17.386664873 5
      vertex -131.970562748 -16.970562748 5
    endloop
  endfacet
  facet normal 0 0 -1
    outer loop
      vertex -121.888301783 -16.629831585 5
      vertex -131.970562748 -16.970562748 5
      vertex -132.269375959 -16.629831585 5
    endloop
  endfacet
  facet normal 0 0 -1
    outer loop
      vertex -97.730624041 -16.629831585 5
      vertex -98.029437252 -16.970562748 5
      vertex -98.503910789 -17.386664873 5
    endloop
  endfacet
  facet normal 0 0 -1
    outer loop
      vertex -97.730624041 -16.629831585 5
      vertex -98.503910789 -17.386664873 5
      vertex -110.341257188 -17.386664873 5
    endloop
  endfacet
  facet normal 0 0 -1
    outer loop
      vertex -97.730624041 -16.629831585 5
      vertex -110.341257188 -17.386664873 5
      vertex -108.111698217 -16.629831585 5
    endloop
  endfacet
  facet normal 0 0 -1
    outer loop
      vertex -119.658742812 -17.386664873 5
      vertex -117.34947146 -17.846007505 5
      vertex -130.972309325 -17.846007505 5
    endloop
  endfacet
  facet normal 0 0 -1
    outer loop
      vertex -119.658742812 -17.386664873 5
      vertex -130.972309325 -17.846007505 5
      vertex -131.496089211 -17.386664873 5
    endloop
  endfacet
  facet normal 0 0 -1
    outer loop
      vertex -98.503910789 -17.386664873 5
      vertex -99.027690675 -17.846007505 5
      vertex -112.65052854 -17.846007505 5
    endloop
  endfacet
  facet normal 0 0 -1
    outer loop
      vertex -98.503910789 -17.386664873 5
      vertex -112.65052854 -17.846007505 5
      vertex -110.341257188 -17.386664873 5
    endloop
  endfacet
  facet normal 0 0 -1
    outer loop
      vertex -117.34947146 -17.846007505 5
      vertex -115 -18 5
      vertex -130.796714538 -18 5
    endloop
  endfacet
  facet normal 0 0 -1
    outer loop
      vertex -117.34947146 -17.846007505 5
      vertex -130.796714538 -18 5
      vertex -130.972309325 -17.846007505 5
    endloop
  endfacet
  facet normal 0 0 -1
    outer loop
      vertex -99.027690675 -17.846007505 5
      vertex -99.203285462 -18 5
      vertex -115 -18 5
    endloop
  endfacet
  facet normal 0 0 -1
    outer loop
      vertex -99.027690675 -17.846007505 5
      vertex -115 -18 5
      vertex -112.65052854 -17.846007505 5
    endloop
  endfacet
  facet normal 0 0 -1
    outer loop
      vertex -99.203285462 -18 5
      vertex -100.389725704 -19.040480167 5
      vertex -103 -20.784609691 5
    endloop
  endfacet
  facet normal 0 0 -1
    outer loop
      vertex -99.203285462 -18 5
      vertex -103 -20.784609691 5
      vertex -105.815597623 -22.17310878 5
    endloop
  endfacet
  facet normal 0 0 -1
    outer loop
      vertex -99.203285462 -18 5
      vertex -105.815597623 -22.17310878 5
      vertex -108.788342918 -23.182219831 5
    endloop
  endfacet
  facet normal 0 0 -1
    outer loop
      vertex -99.203285462 -18 5
      vertex -108.788342918 -23.182219831 5
      vertex -111.867371387 -23.794676673 5
    endloop
  endfacet
  facet normal 0 0 -1
    outer loop
      vertex -99.203285462 -18 5
      vertex -111.867371387 -23.794676673 5
      vertex -115 -24 5
    endloop
  endfacet
  facet normal 0 0 -1
    outer loop
      vertex -99.203285462 -18 5
      vertex -115 -24 5
      vertex -118.132628613 -23.794676673 5
    endloop
  endfacet
  facet normal 0 0 -1
    outer loop
      vertex -99.203285462 -18 5
      vertex -118.132628613 -23.794676673 5
      vertex -121.211657082 -23.182219831 5
    endloop
  endfacet
  facet normal 0 0 -1
    outer loop
      vertex -99.203285462 -18 5
      vertex -121.211657082 -23.182219831 5
      vertex -124.184402377 -22.17310878 5
    endloop
  endfacet
  facet normal 0 0 -1
    outer loop
      vertex -99.203285462 -18 5
      vertex -124.184402377 -22.17310878 5
      vertex -127 -20.784609691 5
    endloop
  endfacet
  facet normal 0 0 -1
    outer loop
      vertex -99.203285462 -18 5
      vertex -127 -20.784609691 5
      vertex -129.610274296 -19.040480167 5
    endloop
  endfacet
  facet normal 0 0 -1
    outer loop
      vertex -99.203285462 -18 5
      vertex -129.610274296 -19.040480167 5
      vertex -130.796714538 -18 5
    endloop
  endfacet
  facet normal -0.997858923 0.065403129 0
    outer loop
      vertex -97 0 9
      vertex -97 0 5
      vertex -97.153992495 -2.34947146 5
    endloop
  endfacet
  facet normal -0.997858923 0.065403129 0
    outer loop
      vertex -97 0 9
      vertex -97.153992495 -2.34947146 5
      vertex -97.153992495 -2.34947146 9
    endloop
  endfacet
  facet normal -0.997858923 -0.065403129 0
    outer loop
      vertex -97.153992495 2.34947146 9
      vertex -97.153992495 2.34947146 5
      vertex -97 0 5
    endloop
  endfacet
  facet normal -0.997858923 -0.065403129 0
    outer loop
      vertex -97.153992495 2.34947146 9
      vertex -97 0 5
      vertex -97 0 9
    endloop
  endfacet
  facet normal -0.98078528 -0.195090322 0
    outer loop
      vertex -97.613335127 4.658742812 9
      vertex -97.613335127 4.658742812 5
      vertex -97.153992495 2.34947146 5
    endloop
  endfacet
  facet normal -0.98078528 -0.195090322 0
    outer loop
      vertex -97.613335127 4.658742812 9
      vertex -97.153992495 2.34947146 5
      vertex -97.153992495 2.34947146 9
    endloop
  endfacet
  facet normal -0.946930129 -0.321439465 0
    outer loop
      vertex -98.370168415 6.888301783 9
      vertex -98.370168415 6.888301783 5
      vertex -97.613335127 4.658742812 5
    endloop
  endfacet
  facet normal -0.946930129 -0.321439465 0
    outer loop
      vertex -98.370168415 6.888301783 9
      vertex -97.613335127 4.658742812 5
      vertex -97.613335127 4.658742812 9
    endloop
  endfacet
  facet normal -0.896872742 -0.44228869 0
    outer loop
      vertex -99.411542732 9 9
      vertex -99.411542732 9 5
      vertex -98.370168415 6.888301783 5
    endloop
  endfacet
  facet normal -0.896872742 -0.44228869 0
    outer loop
      vertex -99.411542732 9 9
      vertex -98.370168415 6.888301783 5
      vertex -98.370168415 6.888301783 9
    endloop
  endfacet
  facet normal -0.831469612 -0.555570233 0
    outer loop
      vertex -100.719639875 10.957705722 9
      vertex -100.719639875 10.957705722 5
      vertex -99.411542732 9 5
    endloop
  endfacet
  facet normal -0.831469612 -0.555570233 0
    outer loop
      vertex -100.719639875 10.957705722 9
      vertex -99.411542732 9 5
      vertex -99.411542732 9 9
    endloop
  endfacet
  facet normal -0.751839807 -0.659345815 0
    outer loop
      vertex -102.272077939 12.727922061 9
      vertex -102.272077939 12.727922061 5
      vertex -100.719639875 10.957705722 5
    endloop
  endfacet
  facet normal -0.751839807 -0.659345815 0
    outer loop
      vertex -102.272077939 12.727922061 9
      vertex -100.719639875 10.957705722 5
      vertex -100.719639875 10.957705722 9
    endloop
  endfacet
  facet normal -0.659345815 -0.751839807 0
    outer loop
      vertex -104.042294278 14.280360125 9
      vertex -104.042294278 14.280360125 5
      vertex -102.272077939 12.727922061 5
    endloop
  endfacet
  facet normal -0.659345815 -0.751839807 0
    outer loop
      vertex -104.042294278 14.280360125 9
      vertex -102.272077939 12.727922061 5
      vertex -102.272077939 12.727922061 9
    endloop
  endfacet
  facet normal -0.555570233 -0.831469612 0
    outer loop
      vertex -106 15.588457268 9
      vertex -106 15.588457268 5
      vertex -104.042294278 14.280360125 5
    endloop
  endfacet
  facet normal -0.555570233 -0.831469612 0
    outer loop
      vertex -106 15.588457268 9
      vertex -104.042294278 14.280360125 5
      vertex -104.042294278 14.280360125 9
    endloop
  endfacet
  facet normal -0.44228869 -0.896872742 0
    outer loop
      vertex -108.111698217 16.629831585 9
      vertex -108.111698217 16.629831585 5
      vertex -106 15.588457268 5
    endloop
  endfacet
  facet normal -0.44228869 -0.896872742 0
    outer loop
      vertex -108.111698217 16.629831585 9
      vertex -106 15.588457268 5
      vertex -106 15.588457268 9
    endloop
  endfacet
  facet normal -0.321439465 -0.946930129 0
    outer loop
      vertex -110.341257188 17.386664873 9
      vertex -110.341257188 17.386664873 5
      vertex -108.111698217 16.629831585 5
    endloop
  endfacet
  facet normal -0.321439465 -0.946930129 0
    outer loop
      vertex -110.341257188 17.386664873 9
      vertex -108.111698217 16.629831585 5
      vertex -108.111698217 16.629831585 9
    endloop
  endfacet
  facet normal -0.195090322 -0.98078528 0
    outer loop
      vertex -112.65052854 17.846007505 9
      vertex -112.65052854 17.846007505 5
      vertex -110.341257188 17.386664873 5
    endloop
  endfacet
  facet normal -0.195090322 -0.98078528 0
    outer loop
      vertex -112.65052854 17.846007505 9
      vertex -110.341257188 17.386664873 5
      vertex -110.341257188 17.386664873 9
    endloop
  endfacet
  facet normal -0.065403129 -0.997858923 0
    outer loop
      vertex -115 18 9
      vertex -115 18 5
      vertex -112.65052854 17.846007505 5
    endloop
  endfacet
  facet normal -0.065403129 -0.997858923 0
    outer loop
      vertex -115 18 9
      vertex -112.65052854 17.846007505 5
      vertex -112.65052854 17.846007505 9
    endloop
  endfacet
  facet normal 0.065403129 -0.997858923 0
    outer loop
      vertex -117.34947146 17.846007505 9
      vertex -117.34947146 17.846007505 5
      vertex -115 18 5
    endloop
  endfacet
  facet normal 0.065403129 -0.997858923 0
    outer loop
      vertex -117.34947146 17.846007505 9
      vertex -115 18 5
      vertex -115 18 9
    endloop
  endfacet
  facet normal 0.195090322 -0.98078528 0
    outer loop
      vertex -119.658742812 17.386664873 9
      vertex -119.658742812 17.386664873 5
      vertex -117.34947146 17.846007505 5
    endloop
  endfacet
  facet normal 0.195090322 -0.98078528 0
    outer loop
      vertex -119.658742812 17.386664873 9
      vertex -117.34947146 17.846007505 5
      vertex -117.34947146 17.846007505 9
    endloop
  endfacet
  facet normal 0.321439465 -0.946930129 0
    outer loop
      vertex -121.888301783 16.629831585 9
      vertex -121.888301783 16.629831585 5
      vertex -119.658742812 17.386664873 5
    endloop
  endfacet
  facet normal 0.321439465 -0.946930129 0
    outer loop
      vertex -121.888301783 16.629831585 9
      vertex -119.658742812 17.386664873 5
      vertex -119.658742812 17.386664873 9
    endloop
  endfacet
  facet normal 0.44228869 -0.896872742 0
    outer loop
      vertex -124 15.588457268 9
      vertex -124 15.588457268 5
      vertex -121.888301783 16.629831585 5
    endloop
  endfacet
  facet normal 0.44228869 -0.896872742 0
    outer loop
      vertex -124 15.588457268 9
      vertex -121.888301783 16.629831585 5
      vertex -121.888301783 16.629831585 9
    endloop
  endfacet
  facet normal 0.555570233 -0.831469612 0
    outer loop
      vertex -125.957705722 14.280360125 9
      vertex -125.957705722 14.280360125 5
      vertex -124 15.588457268 5
    endloop
  endfacet
  facet normal 0.555570233 -0.831469612 0
    outer loop
      vertex -125.957705722 14.280360125 9
      vertex -124 15.588457268 5
      vertex -124 15.588457268 9
    endloop
  endfacet
  facet normal 0.659345815 -0.751839807 0
    outer loop
      vertex -127.727922061 12.727922061 9
      vertex -127.727922061 12.727922061 5
      vertex -125.957705722 14.280360125 5
    endloop
  endfacet
  facet normal 0.659345815 -0.751839807 0
    outer loop
      vertex -127.727922061 12.727922061 9
      vertex -125.957705722 14.280360125 5
      vertex -125.957705722 14.280360125 9
    endloop
  endfacet
  facet normal 0.751839807 -0.659345815 0
    outer loop
      vertex -129.280360125 10.957705722 9
      vertex -129.280360125 10.957705722 5
      vertex -127.727922061 12.727922061 5
    endloop
  endfacet
  facet normal 0.751839807 -0.659345815 0
    outer loop
      vertex -129.280360125 10.957705722 9
      vertex -127.727922061 12.727922061 5
      vertex -127.727922061 12.727922061 9
    endloop
  endfacet
  facet normal 0.831469612 -0.555570233 0
    outer loop
      vertex -130.588457268 9 9
      vertex -130.588457268 9 5
      vertex -129.280360125 10.957705722 5
    endloop
  endfacet
  facet normal 0.831469612 -0.555570233 0
    outer loop
      vertex -130.588457268 9 9
      vertex -129.280360125 10.957705722 5
      vertex -129.280360125 10.957705722 9
    endloop
  endfacet
  facet normal 0.896872742 -0.44228869 0
    outer loop
      vertex -131.629831585 6.888301783 9
      vertex -131.629831585 6.888301783 5
      vertex -130.588457268 9 5
    endloop
  endfacet
  facet normal 0.896872742 -0.44228869 0
    outer loop
      vertex -131.629831585 6.888301783 9
      vertex -130.588457268 9 5
      vertex -130.588457268 9 9
    endloop
  endfacet
  facet normal 0.946930129 -0.321439465 0
    outer loop
      vertex -132.386664873 4.658742812 9
      vertex -132.386664873 4.658742812 5
      vertex -131.629831585 6.888301783 5
    endloop
  endfacet
  facet normal 0.946930129 -0.321439465 0
    outer loop
      vertex -132.386664873 4.658742812 9
      vertex -131.629831585 6.888301783 5
      vertex -131.629831585 6.888301783 9
    endloop
  endfacet
  facet normal 0.98078528 -0.195090322 0
    outer loop
      vertex -132.846007505 2.34947146 9
      vertex -132.846007505 2.34947146 5
      vertex -132.386664873 4.658742812 5
    endloop
  endfacet
  facet normal 0.98078528 -0.195090322 0
    outer loop
      vertex -132.846007505 2.34947146 9
      vertex -132.386664873 4.658742812 5
      vertex -132.386664873 4.658742812 9
    endloop
  endfacet
  facet normal 0.997858923 -0.065403129 0
    outer loop
      vertex -133 0 9
      vertex -133 0 5
      vertex -132.846007505 2.34947146 5
    endloop
  endfacet
  facet normal 0.997858923 -0.065403129 0
    outer loop
      vertex -133 0 9
      vertex -132.846007505 2.34947146 5
      vertex -132.846007505 2.34947146 9
    endloop
  endfacet
  facet normal 0.997858923 0.065403129 0
    outer loop
      vertex -132.846007505 -2.34947146 9
      vertex -132.846007505 -2.34947146 5
      vertex -133 0 5
    endloop
  endfacet
  facet normal 0.997858923 0.065403129 0
    outer loop
      vertex -132.846007505 -2.34947146 9
      vertex -133 0 5
      vertex -133 0 9
    endloop
  endfacet
  facet normal 0.98078528 0.195090322 0
    outer loop
      vertex -132.386664873 -4.658742812 9
      vertex -132.386664873 -4.658742812 5
      vertex -132.846007505 -2.34947146 5
    endloop
  endfacet
  facet normal 0.98078528 0.195090322 0
    outer loop
      vertex -132.386664873 -4.658742812 9
      vertex -132.846007505 -2.34947146 5
      vertex -132.846007505 -2.34947146 9
    endloop
  endfacet
  facet normal 0.946930129 0.321439465 0
    outer loop
      vertex -131.629831585 -6.888301783 9
      vertex -131.629831585 -6.888301783 5
      vertex -132.386664873 -4.658742812 5
    endloop
  endfacet
  facet normal 0.946930129 0.321439465 0
    outer loop
      vertex -131.629831585 -6.888301783 9
      vertex -132.386664873 -4.658742812 5
      vertex -132.386664873 -4.658742812 9
    endloop
  endfacet
  facet normal 0.896872742 0.44228869 0
    outer loop
      vertex -130.588457268 -9 9
      vertex -130.588457268 -9 5
      vertex -131.629831585 -6.888301783 5
    endloop
  endfacet
  facet normal 0.896872742 0.44228869 0
    outer loop
      vertex -130.588457268 -9 9
      vertex -131.629831585 -6.888301783 5
      vertex -131.629831585 -6.888301783 9
    endloop
  endfacet
  facet normal 0.831469612 0.555570233 0
    outer loop
      vertex -129.280360125 -10.957705722 9
      vertex -129.280360125 -10.957705722 5
      vertex -130.588457268 -9 5
    endloop
  endfacet
  facet normal 0.831469612 0.555570233 0
    outer loop
      vertex -129.280360125 -10.957705722 9
      vertex -130.588457268 -9 5
      vertex -130.588457268 -9 9
    endloop
  endfacet
  facet normal 0.751839807 0.659345815 0
    outer loop
      vertex -127.727922061 -12.727922061 9
      vertex -127.727922061 -12.727922061 5
      vertex -129.280360125 -10.957705722 5
    endloop
  endfacet
  facet normal 0.751839807 0.659345815 0
    outer loop
      vertex -127.727922061 -12.727922061 9
      vertex -129.280360125 -10.957705722 5
      vertex -129.280360125 -10.957705722 9
    endloop
  endfacet
  facet normal 0.659345815 0.751839807 0
    outer loop
      vertex -125.957705722 -14.280360125 9
      vertex -125.957705722 -14.280360125 5
      vertex -127.727922061 -12.727922061 5
    endloop
  endfacet
  facet normal 0.659345815 0.751839807 0
    outer loop
      vertex -125.957705722 -14.280360125 9
      vertex -127.727922061 -12.727922061 5
      vertex -127.727922061 -12.727922061 9
    endloop
  endfacet
  facet normal 0.555570233 0.831469612 0
    outer loop
      vertex -124 -15.588457268 9
      vertex -124 -15.588457268 5
      vertex -125.957705722 -14.280360125 5
    endloop
  endfacet
  facet normal 0.555570233 0.831469612 0
    outer loop
      vertex -124 -15.588457268 9
      vertex -125.957705722 -14.280360125 5
      vertex -125.957705722 -14.280360125 9
    endloop
  endfacet
  facet normal 0.44228869 0.896872742 0
    outer loop
      vertex -121.888301783 -16.629831585 9
      vertex -121.888301783 -16.629831585 5
      vertex -124 -15.588457268 5
    endloop
  endfacet
  facet normal 0.44228869 0.896872742 0
    outer loop
      vertex -121.888301783 -16.629831585 9
      vertex -124 -15.588457268 5
      vertex -124 -15.588457268 9
    endloop
  endfacet
  facet normal 0.321439465 0.946930129 0
    outer loop
      vertex -119.658742812 -17.386664873 9
      vertex -119.658742812 -17.386664873 5
      vertex -121.888301783 -16.629831585 5
    endloop
  endfacet
  facet normal 0.321439465 0.946930129 0
    outer loop
      vertex -119.658742812 -17.386664873 9
      vertex -121.888301783 -16.629831585 5
      vertex -121.888301783 -16.629831585 9
    endloop
  endfacet
  facet normal 0.195090322 0.98078528 0
    outer loop
      vertex -117.34947146 -17.846007505 9
      vertex -117.34947146 -17.846007505 5
      vertex -119.658742812 -17.386664873 5
    endloop
  endfacet
  facet normal 0.195090322 0.98078528 0
    outer loop
      vertex -117.34947146 -17.846007505 9
      vertex -119.658742812 -17.386664873 5
      vertex -119.658742812 -17.386664873 9
    endloop
  endfacet
  facet normal 0.065403129 0.997858923 0
    outer loop
      vertex -115 -18 9
      vertex -115 -18 5
      vertex -117.34947146 -17.846007505 5
    endloop
  endfacet
  facet normal 0.065403129 0.997858923 0
    outer loop
      vertex -115 -18 9
      vertex -117.34947146 -17.846007505 5
      vertex -117.34947146 -17.846007505 9
    endloop
  endfacet
  facet normal -0.065403129 0.997858923 0
    outer loop
      vertex -112.65052854 -17.846007505 9
      vertex -112.65052854 -17.846007505 5
      vertex -115 -18 5
    endloop
  endfacet
  facet normal -0.065403129 0.997858923 0
    outer loop
      vertex -112.65052854 -17.846007505 9
      vertex -115 -18 5
      vertex -115 -18 9
    endloop
  endfacet
  facet normal -0.195090322 0.98078528 0
    outer loop
      vertex -110.341257188 -17.386664873 9
      vertex -110.341257188 -17.386664873 5
      vertex -112.65052854 -17.846007505 5
    endloop
  endfacet
  facet normal -0.195090322 0.98078528 0
    outer loop
      vertex -110.341257188 -17.386664873 9
      vertex -112.65052854 -17.846007505 5
      vertex -112.65052854 -17.846007505 9
    endloop
  endfacet
  facet normal -0.321439465 0.946930129 0
    outer loop
      vertex -108.111698217 -16.629831585 9
      vertex -108.111698217 -16.629831585 5
      vertex -110.341257188 -17.386664873 5
    endloop
  endfacet
  facet normal -0.321439465 0.946930129 0
    outer loop
      vertex -108.111698217 -16.629831585 9
      vertex -110.341257188 -17.386664873 5
      vertex -110.341257188 -17.386664873 9
    endloop
  endfacet
  facet normal -0.44228869 0.896872742 0
    outer loop
      vertex -106 -15.588457268 9
      vertex -106 -15.588457268 5
      vertex -108.111698217 -16.629831585 5
    endloop
  endfacet
  facet normal -0.44228869 0.896872742 0
    outer loop
      vertex -106 -15.588457268 9
      vertex -108.111698217 -16.629831585 5
      vertex -108.111698217 -16.629831585 9
    endloop
  endfacet
  facet normal -0.555570233 0.831469612 0
    outer loop
      vertex -104.042294278 -14.280360125 9
      vertex -104.042294278 -14.280360125 5
      vertex -106 -15.588457268 5
    endloop
  endfacet
  facet normal -0.555570233 0.831469612 0
    outer loop
      vertex -104.042294278 -14.280360125 9
      vertex -106 -15.588457268 5
      vertex -106 -15.588457268 9
    endloop
  endfacet
  facet normal -0.659345815 0.751839807 0
    outer loop
      vertex -102.272077939 -12.727922061 9
      vertex -102.272077939 -12.727922061 5
      vertex -104.042294278 -14.280360125 5
    endloop
  endfacet
  facet normal -0.659345815 0.751839807 0
    outer loop
      vertex -102.272077939 -12.727922061 9
      vertex -104.042294278 -14.280360125 5
      vertex -104.042294278 -14.280360125 9
    endloop
  endfacet
  facet normal -0.751839807 0.659345815 0
    outer loop
      vertex -100.719639875 -10.957705722 9
      vertex -100.719639875 -10.957705722 5
      vertex -102.272077939 -12.727922061 5
    endloop
  endfacet
  facet normal -0.751839807 0.659345815 0
    outer loop
      vertex -100.719639875 -10.957705722 9
      vertex -102.272077939 -12.727922061 5
      vertex -102.272077939 -12.727922061 9
    endloop
  endfacet
  facet normal -0.831469612 0.555570233 0
    outer loop
      vertex -99.411542732 -9 9
      vertex -99.411542732 -9 5
      vertex -100.719639875 -10.957705722 5
    endloop
  endfacet
  facet normal -0.831469612 0.555570233 0
    outer loop
      vertex -99.411542732 -9 9
      vertex -100.719639875 -10.957705722 5
      vertex -100.719639875 -10.957705722 9
    endloop
  endfacet
  facet normal -0.896872742 0.44228869 0
    outer loop
      vertex -98.370168415 -6.888301783 9
      vertex -98.370168415 -6.888301783 5
      vertex -99.411542732 -9 5
    endloop
  endfacet
  facet normal -0.896872742 0.44228869 0
    outer loop
      vertex -98.370168415 -6.888301783 9
      vertex -99.411542732 -9 5
      vertex -99.411542732 -9 9
    endloop
  endfacet
  facet normal -0.946930129 0.321439465 0
    outer loop
      vertex -97.613335127 -4.658742812 9
      vertex -97.613335127 -4.658742812 5
      vertex -98.370168415 -6.888301783 5
    endloop
  endfacet
  facet normal -0.946930129 0.321439465 0
    outer loop
      vertex -97.613335127 -4.658742812 9
      vertex -98.370168415 -6.888301783 5
      vertex -98.370168415 -6.888301783 9
    endloop
  endfacet
  facet normal -0.98078528 0.195090322 0
    outer loop
      vertex -97.153992495 -2.34947146 9
      vertex -97.153992495 -2.34947146 5
      vertex -97.613335127 -4.658742812 5
    endloop
  endfacet
  facet normal -0.98078528 0.195090322 0
    outer loop
      vertex -97.153992495 -2.34947146 9
      vertex -97.613335127 -4.658742812 5
      vertex -97.613335127 -4.658742812 9
    endloop
  endfacet
  facet normal 0.997858923 -0.065403129 0
    outer loop
      vertex 23.794676673 111.867371387 9
      vertex 23.794676673 111.867371387 5
      vertex 24 115 5
    endloop
  endfacet
  facet normal 0.997858923 -0.065403129 0
    outer loop
      vertex 23.794676673 111.867371387 9
      vertex 24 115 5
      vertex 24 115 9
    endloop
  endfacet
  facet normal 0.997858923 0.065403129 0
    outer loop
      vertex 24 115 9
      vertex 24 115 5
      vertex 23.794676673 118.132628613 5
    endloop
  endfacet
  facet normal 0.997858923 0.065403129 0
    outer loop
      vertex 24 115 9
      vertex 23.794676673 118.132628613 5
      vertex 23.794676673 118.132628613 9
    endloop
  endfacet
  facet normal 0.98078528 0.195090322 0
    outer loop
      vertex 23.794676673 118.132628613 9
      vertex 23.794676673 118.132628613 5
      vertex 23.182219831 121.211657082 5
    endloop
  endfacet
  facet normal 0.98078528 0.195090322 0
    outer loop
      vertex 23.794676673 118.132628613 9
      vertex 23.182219831 121.211657082 5
      vertex 23.182219831 121.211657082 9
    endloop
  endfacet
  facet normal 0.946930129 0.321439465 0
    outer loop
      vertex 23.182219831 121.211657082 9
      vertex 23.182219831 121.211657082 5
      vertex 22.17310878 124.184402377 5
    endloop
  endfacet
  facet normal 0.946930129 0.321439465 0
    outer loop
      vertex 23.182219831 121.211657082 9
      vertex 22.17310878 124.184402377 5
      vertex 22.17310878 124.184402377 9
    endloop
  endfacet
  facet normal 0.896872742 0.44228869 0
    outer loop
      vertex 22.17310878 124.184402377 9
      vertex 22.17310878 124.184402377 5
      vertex 20.784609691 127 5
    endloop
  endfacet
  facet normal 0.896872742 0.44228869 0
    outer loop
      vertex 22.17310878 124.184402377 9
      vertex 20.784609691 127 5
      vertex 20.784609691 127 9
    endloop
  endfacet
  facet normal 0.831469612 0.555570233 0
    outer loop
      vertex 20.784609691 127 9
      vertex 20.784609691 127 5
      vertex 19.040480167 129.610274296 5
    endloop
  endfacet
  facet normal 0.831469612 0.555570233 0
    outer loop
      vertex 20.784609691 127 9
      vertex 19.040480167 129.610274296 5
      vertex 19.040480167 129.610274296 9
    endloop
  endfacet
  facet normal 0.751839807 0.659345815 0
    outer loop
      vertex 19.040480167 129.610274296 9
      vertex 19.040480167 129.610274296 5
      vertex 16.970562748 131.970562748 5
    endloop
  endfacet
  facet normal 0.751839807 0.659345815 0
    outer loop
      vertex 19.040480167 129.610274296 9
      vertex 16.970562748 131.970562748 5
      vertex 16.970562748 131.970562748 9
    endloop
  endfacet
  facet normal 0.659345815 0.751839807 0
    outer loop
      vertex 16.970562748 131.970562748 9
      vertex 16.970562748 131.970562748 5
      vertex 14.610274296 134.040480167 5
    endloop
  endfacet
  facet normal 0.659345815 0.751839807 0
    outer loop
      vertex 16.970562748 131.970562748 9
      vertex 14.610274296 134.040480167 5
      vertex 14.610274296 134.040480167 9
    endloop
  endfacet
  facet normal 0.555570233 0.831469612 0
    outer loop
      vertex 14.610274296 134.040480167 9
      vertex 14.610274296 134.040480167 5
      vertex 12 135.784609691 5
    endloop
  endfacet
  facet normal 0.555570233 0.831469612 0
    outer loop
      vertex 14.610274296 134.040480167 9
      vertex 12 135.784609691 5
      vertex 12 135.784609691 9
    endloop
  endfacet
  facet normal 0.44228869 0.896872742 0
    outer loop
      vertex 12 135.784609691 9
      vertex 12 135.784609691 5
      vertex 9.184402377 137.17310878 5
    endloop
  endfacet
  facet normal 0.44228869 0.896872742 0
    outer loop
      vertex 12 135.784609691 9
      vertex 9.184402377 137.17310878 5
      vertex 9.184402377 137.17310878 9
    endloop
  endfacet
  facet normal 0.321439465 0.946930129 0
    outer loop
      vertex 9.184402377 137.17310878 9
      vertex 9.184402377 137.17310878 5
      vertex 6.211657082 138.182219831 5
    endloop
  endfacet
  facet normal 0.321439465 0.946930129 0
    outer loop
      vertex 9.184402377 137.17310878 9
      vertex 6.211657082 138.182219831 5
      vertex 6.211657082 138.182219831 9
    endloop
  endfacet
  facet normal 0.195090322 0.98078528 0
    outer loop
      vertex 6.211657082 138.182219831 9
      vertex 6.211657082 138.182219831 5
      vertex 3.132628613 138.794676673 5
    endloop
  endfacet
  facet normal 0.195090322 0.98078528 0
    outer loop
      vertex 6.211657082 138.182219831 9
      vertex 3.132628613 138.794676673 5
      vertex 3.132628613 138.794676673 9
    endloop
  endfacet
  facet normal 0.065403129 0.997858923 0
    outer loop
      vertex 3.132628613 138.794676673 9
      vertex 3.132628613 138.794676673 5
      vertex 0 139 5
    endloop
  endfacet
  facet normal 0.065403129 0.997858923 0
    outer loop
      vertex 3.132628613 138.794676673 9
      vertex 0 139 5
      vertex 0 139 9
    endloop
  endfacet
  facet normal -0.065403129 0.997858923 0
    outer loop
      vertex 0 139 9
      vertex 0 139 5
      vertex -3.132628613 138.794676673 5
    endloop
  endfacet
  facet normal -0.065403129 0.997858923 0
    outer loop
      vertex 0 139 9
      vertex -3.132628613 138.794676673 5
      vertex -3.132628613 138.794676673 9
    endloop
  endfacet
  facet normal -0.195090322 0.98078528 0
    outer loop
      vertex -3.132628613 138.794676673 9
      vertex -3.132628613 138.794676673 5
      vertex -6.211657082 138.182219831 5
    endloop
  endfacet
  facet normal -0.195090322 0.98078528 0
    outer loop
      vertex -3.132628613 138.794676673 9
      vertex -6.211657082 138.182219831 5
      vertex -6.211657082 138.182219831 9
    endloop
  endfacet
  facet normal -0.321439465 0.946930129 0
    outer loop
      vertex -6.211657082 138.182219831 9
      vertex -6.211657082 138.182219831 5
      vertex -9.184402377 137.17310878 5
    endloop
  endfacet
  facet normal -0.321439465 0.946930129 0
    outer loop
      vertex -6.211657082 138.182219831 9
      vertex -9.184402377 137.17310878 5
      vertex -9.184402377 137.17310878 9
    endloop
  endfacet
  facet normal -0.44228869 0.896872742 0
    outer loop
      vertex -9.184402377 137.17310878 9
      vertex -9.184402377 137.17310878 5
      vertex -12 135.784609691 5
    endloop
  endfacet
  facet normal -0.44228869 0.896872742 0
    outer loop
      vertex -9.184402377 137.17310878 9
      vertex -12 135.784609691 5
      vertex -12 135.784609691 9
    endloop
  endfacet
  facet normal -0.555570233 0.831469612 0
    outer loop
      vertex -12 135.784609691 9
      vertex -12 135.784609691 5
      vertex -14.610274296 134.040480167 5
    endloop
  endfacet
  facet normal -0.555570233 0.831469612 0
    outer loop
      vertex -12 135.784609691 9
      vertex -14.610274296 134.040480167 5
      vertex -14.610274296 134.040480167 9
    endloop
  endfacet
  facet normal -0.659345815 0.751839807 0
    outer loop
      vertex -14.610274296 134.040480167 9
      vertex -14.610274296 134.040480167 5
      vertex -16.970562748 131.970562748 5
    endloop
  endfacet
  facet normal -0.659345815 0.751839807 0
    outer loop
      vertex -14.610274296 134.040480167 9
      vertex -16.970562748 131.970562748 5
      vertex -16.970562748 131.970562748 9
    endloop
  endfacet
  facet normal -0.751839807 0.659345815 0
    outer loop
      vertex -16.970562748 131.970562748 9
      vertex -16.970562748 131.970562748 5
      vertex -19.040480167 129.610274296 5
    endloop
  endfacet
  facet normal -0.751839807 0.659345815 0
    outer loop
      vertex -16.970562748 131.970562748 9
      vertex -19.040480167 129.610274296 5
      vertex -19.040480167 129.610274296 9
    endloop
  endfacet
  facet normal -0.831469612 0.555570233 0
    outer loop
      vertex -19.040480167 129.610274296 9
      vertex -19.040480167 129.610274296 5
      vertex -20.784609691 127 5
    endloop
  endfacet
  facet normal -0.831469612 0.555570233 0
    outer loop
      vertex -19.040480167 129.610274296 9
      vertex -20.784609691 127 5
      vertex -20.784609691 127 9
    endloop
  endfacet
  facet normal -0.896872742 0.44228869 0
    outer loop
      vertex -20.784609691 127 9
      vertex -20.784609691 127 5
      vertex -22.17310878 124.184402377 5
    endloop
  endfacet
  facet normal -0.896872742 0.44228869 0
    outer loop
      vertex -20.784609691 127 9
      vertex -22.17310878 124.184402377 5
      vertex -22.17310878 124.184402377 9
    endloop
  endfacet
  facet normal -0.946930129 0.321439465 0
    outer loop
      vertex -22.17310878 124.184402377 9
      vertex -22.17310878 124.184402377 5
      vertex -23.182219831 121.211657082 5
    endloop
  endfacet
  facet normal -0.946930129 0.321439465 0
    outer loop
      vertex -22.17310878 124.184402377 9
      vertex -23.182219831 121.211657082 5
      vertex -23.182219831 121.211657082 9
    endloop
  endfacet
  facet normal -0.98078528 0.195090322 0
    outer loop
      vertex -23.182219831 121.211657082 9
      vertex -23.182219831 121.211657082 5
      vertex -23.794676673 118.132628613 5
    endloop
  endfacet
  facet normal -0.98078528 0.195090322 0
    outer loop
      vertex -23.182219831 121.211657082 9
      vertex -23.794676673 118.132628613 5
      vertex -23.794676673 118.132628613 9
    endloop
  endfacet
  facet normal -0.997858923 0.065403129 0
    outer loop
      vertex -23.794676673 118.132628613 9
      vertex -23.794676673 118.132628613 5
      vertex -24 115 5
    endloop
  endfacet
  facet normal -0.997858923 0.065403129 0
    outer loop
      vertex -23.794676673 118.132628613 9
      vertex -24 115 5
      vertex -24 115 9
    endloop
  endfacet
  facet normal -0.997858923 -0.065403129 0
    outer loop
      vertex -24 115 9
      vertex -24 115 5
      vertex -23.794676673 111.867371387 5
    endloop
  endfacet
  facet normal -0.997858923 -0.065403129 0
    outer loop
      vertex -24 115 9
      vertex -23.794676673 111.867371387 5
      vertex -23.794676673 111.867371387 9
    endloop
  endfacet
  facet normal -0.98078528 -0.195090322 0
    outer loop
      vertex -23.794676673 111.867371387 9
      vertex -23.794676673 111.867371387 5
      vertex -23.182219831 108.788342918 5
    endloop
  endfacet
  facet normal -0.98078528 -0.195090322 0
    outer loop
      vertex -23.794676673 111.867371387 9
      vertex -23.182219831 108.788342918 5
      vertex -23.182219831 108.788342918 9
    endloop
  endfacet
  facet normal -0.946930129 -0.321439465 0
    outer loop
      vertex -23.182219831 108.788342918 9
      vertex -23.182219831 108.788342918 5
      vertex -22.17310878 105.815597623 5
    endloop
  endfacet
  facet normal -0.946930129 -0.321439465 0
    outer loop
      vertex -23.182219831 108.788342918 9
      vertex -22.17310878 105.815597623 5
      vertex -22.17310878 105.815597623 9
    endloop
  endfacet
  facet normal -0.896872742 -0.44228869 0
    outer loop
      vertex -22.17310878 105.815597623 9
      vertex -22.17310878 105.815597623 5
      vertex -20.784609691 103 5
    endloop
  endfacet
  facet normal -0.896872742 -0.44228869 0
    outer loop
      vertex -22.17310878 105.815597623 9
      vertex -20.784609691 103 5
      vertex -20.784609691 103 9
    endloop
  endfacet
  facet normal -0.831469612 -0.555570233 0
    outer loop
      vertex -20.784609691 103 9
      vertex -20.784609691 103 5
      vertex -19.040480167 100.389725704 5
    endloop
  endfacet
  facet normal -0.831469612 -0.555570233 0
    outer loop
      vertex -20.784609691 103 9
      vertex -19.040480167 100.389725704 5
      vertex -19.040480167 100.389725704 9
    endloop
  endfacet
  facet normal -0.751839807 -0.659345815 0
    outer loop
      vertex -19.040480167 100.389725704 9
      vertex -19.040480167 100.389725704 5
      vertex -16.970562748 98.029437252 5
    endloop
  endfacet
  facet normal -0.751839807 -0.659345815 0
    outer loop
      vertex -19.040480167 100.389725704 9
      vertex -16.970562748 98.029437252 5
      vertex -16.970562748 98.029437252 9
    endloop
  endfacet
  facet normal -0.659345815 -0.751839807 0
    outer loop
      vertex -16.970562748 98.029437252 9
      vertex -16.970562748 98.029437252 5
      vertex -14.610274296 95.959519833 5
    endloop
  endfacet
  facet normal -0.659345815 -0.751839807 0
    outer loop
      vertex -16.970562748 98.029437252 9
      vertex -14.610274296 95.959519833 5
      vertex -14.610274296 95.959519833 9
    endloop
  endfacet
  facet normal -0.555570233 -0.831469612 0
    outer loop
      vertex -14.610274296 95.959519833 9
      vertex -14.610274296 95.959519833 5
      vertex -12 94.215390309 5
    endloop
  endfacet
  facet normal -0.555570233 -0.831469612 0
    outer loop
      vertex -14.610274296 95.959519833 9
      vertex -12 94.215390309 5
      vertex -12 94.215390309 9
    endloop
  endfacet
  facet normal -0.44228869 -0.896872742 0
    outer loop
      vertex -12 94.215390309 9
      vertex -12 94.215390309 5
      vertex -9.184402377 92.82689122 5
    endloop
  endfacet
  facet normal -0.44228869 -0.896872742 0
    outer loop
      vertex -12 94.215390309 9
      vertex -9.184402377 92.82689122 5
      vertex -9.184402377 92.82689122 9
    endloop
  endfacet
  facet normal -0.321439465 -0.946930129 0
    outer loop
      vertex -9.184402377 92.82689122 9
      vertex -9.184402377 92.82689122 5
      vertex -6.211657082 91.817780169 5
    endloop
  endfacet
  facet normal -0.321439465 -0.946930129 0
    outer loop
      vertex -9.184402377 92.82689122 9
      vertex -6.211657082 91.817780169 5
      vertex -6.211657082 91.817780169 9
    endloop
  endfacet
  facet normal -0.195090322 -0.98078528 0
    outer loop
      vertex -6.211657082 91.817780169 9
      vertex -6.211657082 91.817780169 5
      vertex -3.132628613 91.205323327 5
    endloop
  endfacet
  facet normal -0.195090322 -0.98078528 0
    outer loop
      vertex -6.211657082 91.817780169 9
      vertex -3.132628613 91.205323327 5
      vertex -3.132628613 91.205323327 9
    endloop
  endfacet
  facet normal -0.065403129 -0.997858923 0
    outer loop
      vertex -3.132628613 91.205323327 9
      vertex -3.132628613 91.205323327 5
      vertex 0 91 5
    endloop
  endfacet
  facet normal -0.065403129 -0.997858923 0
    outer loop
      vertex -3.132628613 91.205323327 9
      vertex 0 91 5
      vertex 0 91 9
    endloop
  endfacet
  facet normal 0.065403129 -0.997858923 0
    outer loop
      vertex 0 91 9
      vertex 0 91 5
      vertex 3.132628613 91.205323327 5
    endloop
  endfacet
  facet normal 0.065403129 -0.997858923 0
    outer loop
      vertex 0 91 9
      vertex 3.132628613 91.205323327 5
      vertex 3.132628613 91.205323327 9
    endloop
  endfacet
  facet normal 0.195090322 -0.98078528 0
    outer loop
      vertex 3.132628613 91.205323327 9
      vertex 3.132628613 91.205323327 5
      vertex 6.211657082 91.817780169 5
    endloop
  endfacet
  facet normal 0.195090322 -0.98078528 0
    outer loop
      vertex 3.132628613 91.205323327 9
      vertex 6.211657082 91.817780169 5
      vertex 6.211657082 91.817780169 9
    endloop
  endfacet
  facet normal 0.321439465 -0.946930129 0
    outer loop
      vertex 6.211657082 91.817780169 9
      vertex 6.211657082 91.817780169 5
      vertex 9.184402377 92.82689122 5
    endloop
  endfacet
  facet normal 0.321439465 -0.946930129 0
    outer loop
      vertex 6.211657082 91.817780169 9
      vertex 9.184402377 92.82689122 5
      vertex 9.184402377 92.82689122 9
    endloop
  endfacet
  facet normal 0.44228869 -0.896872742 0
    outer loop
      vertex 9.184402377 92.82689122 9
      vertex 9.184402377 92.82689122 5
      vertex 12 94.215390309 5
    endloop
  endfacet
  facet normal 0.44228869 -0.896872742 0
    outer loop
      vertex 9.184402377 92.82689122 9
      vertex 12 94.215390309 5
      vertex 12 94.215390309 9
    endloop
  endfacet
  facet normal 0.555570233 -0.831469612 0
    outer loop
      vertex 12 94.215390309 9
      vertex 12 94.215390309 5
      vertex 14.610274296 95.959519833 5
    endloop
  endfacet
  facet normal 0.555570233 -0.831469612 0
    outer loop
      vertex 12 94.215390309 9
      vertex 14.610274296 95.959519833 5
      vertex 14.610274296 95.959519833 9
    endloop
  endfacet
  facet normal 0.659345815 -0.751839807 0
    outer loop
      vertex 14.610274296 95.959519833 9
      vertex 14.610274296 95.959519833 5
      vertex 16.970562748 98.029437252 5
    endloop
  endfacet
  facet normal 0.659345815 -0.751839807 0
    outer loop
      vertex 14.610274296 95.959519833 9
      vertex 16.970562748 98.029437252 5
      vertex 16.970562748 98.029437252 9
    endloop
  endfacet
  facet normal 0.751839807 -0.659345815 0
    outer loop
      vertex 16.970562748 98.029437252 9
      vertex 16.970562748 98.029437252 5
      vertex 19.040480167 100.389725704 5
    endloop
  endfacet
  facet normal 0.751839807 -0.659345815 0
    outer loop
      vertex 16.970562748 98.029437252 9
      vertex 19.040480167 100.389725704 5
      vertex 19.040480167 100.389725704 9
    endloop
  endfacet
  facet normal 0.831469612 -0.555570233 0
    outer loop
      vertex 19.040480167 100.389725704 9
      vertex 19.040480167 100.389725704 5
      vertex 20.784609691 103 5
    endloop
  endfacet
  facet normal 0.831469612 -0.555570233 0
    outer loop
      vertex 19.040480167 100.389725704 9
      vertex 20.784609691 103 5
      vertex 20.784609691 103 9
    endloop
  endfacet
  facet normal 0.896872742 -0.44228869 0
    outer loop
      vertex 20.784609691 103 9
      vertex 20.784609691 103 5
      vertex 22.17310878 105.815597623 5
    endloop
  endfacet
  facet normal 0.896872742 -0.44228869 0
    outer loop
      vertex 20.784609691 103 9
      vertex 22.17310878 105.815597623 5
      vertex 22.17310878 105.815597623 9
    endloop
  endfacet
  facet normal 0.946930129 -0.321439465 0
    outer loop
      vertex 22.17310878 105.815597623 9
      vertex 22.17310878 105.815597623 5
      vertex 23.182219831 108.788342918 5
    endloop
  endfacet
  facet normal 0.946930129 -0.321439465 0
    outer loop
      vertex 22.17310878 105.815597623 9
      vertex 23.182219831 108.788342918 5
      vertex 23.182219831 108.788342918 9
    endloop
  endfacet
  facet normal 0.98078528 -0.195090322 0
    outer loop
      vertex 23.182219831 108.788342918 9
      vertex 23.182219831 108.788342918 5
      vertex 23.794676673 111.867371387 5
    endloop
  endfacet
  facet normal 0.98078528 -0.195090322 0
    outer loop
      vertex 23.182219831 108.788342918 9
      vertex 23.794676673 111.867371387 5
      vertex 23.794676673 111.867371387 9
    endloop
  endfacet
  facet normal 0 0 1
    outer loop
      vertex -3.132628613 138.794676673 9
      vertex -6.211657082 138.182219831 9
      vertex -9.184402377 137.17310878 9
    endloop
  endfacet
  facet normal 0 0 1
    outer loop
      vertex -3.132628613 138.794676673 9
      vertex -9.184402377 137.17310878 9
      vertex -12 135.784609691 9
    endloop
  endfacet
  facet normal 0 0 1
    outer loop
      vertex -3.132628613 138.794676673 9
      vertex -12 135.784609691 9
      vertex -14.610274296 134.040480167 9
    endloop
  endfacet
  facet normal 0 0 1
    outer loop
      vertex -3.132628613 138.794676673 9
      vertex -14.610274296 134.040480167 9
      vertex -15.796714538 133 9
    endloop
  endfacet
  facet normal 0 0 1
    outer loop
      vertex -3.132628613 138.794676673 9
      vertex -15.796714538 133 9
      vertex 15.796714538 133 9
    endloop
  endfacet
  facet normal 0 0 1
    outer loop
      vertex -3.132628613 138.794676673 9
      vertex 15.796714538 133 9
      vertex 14.610274296 134.040480167 9
    endloop
  endfacet
  facet normal 0 0 1
    outer loop
      vertex -3.132628613 138.794676673 9
      vertex 14.610274296 134.040480167 9
      vertex 12 135.784609691 9
    endloop
  endfacet
  facet normal 0 0 1
    outer loop
      vertex -3.132628613 138.794676673 9
      vertex 12 135.784609691 9
      vertex 9.184402377 137.17310878 9
    endloop
  endfacet
  facet normal 0 0 1
    outer loop
      vertex -3.132628613 138.794676673 9
      vertex 9.184402377 137.17310878 9
      vertex 6.211657082 138.182219831 9
    endloop
  endfacet
  facet normal 0 0 1
    outer loop
      vertex -3.132628613 138.794676673 9
      vertex 6.211657082 138.182219831 9
      vertex 3.132628613 138.794676673 9
    endloop
  endfacet
  facet normal 0 0 1
    outer loop
      vertex -3.132628613 138.794676673 9
      vertex 3.132628613 138.794676673 9
      vertex 0 139 9
    endloop
  endfacet
  facet normal 0 0 1
    outer loop
      vertex 0 133 9
      vertex 2.34947146 132.846007505 9
      vertex 15.972309325 132.846007505 9
    endloop
  endfacet
  facet normal 0 0 1
    outer loop
      vertex 0 133 9
      vertex 15.972309325 132.846007505 9
      vertex 15.796714538 133 9
    endloop
  endfacet
  facet normal 0 0 1
    outer loop
      vertex -15.796714538 133 9
      vertex -15.972309325 132.846007505 9
      vertex -2.34947146 132.846007505 9
    endloop
  endfacet
  facet normal 0 0 1
    outer loop
      vertex -15.796714538 133 9
      vertex -2.34947146 132.846007505 9
      vertex 0 133 9
    endloop
  endfacet
  facet normal 0 0 1
    outer loop
      vertex 2.34947146 132.846007505 9
      vertex 4.658742812 132.386664873 9
      vertex 16.496089211 132.386664873 9
    endloop
  endfacet
  facet normal 0 0 1
    outer loop
      vertex 2.34947146 132.846007505 9
      vertex 16.496089211 132.386664873 9
      vertex 15.972309325 132.846007505 9
    endloop
  endfacet
  facet normal 0 0 1
    outer loop
      vertex -15.972309325 132.846007505 9
      vertex -16.496089211 132.386664873 9
      vertex -4.658742812 132.386664873 9
    endloop
  endfacet
  facet normal 0 0 1
    outer loop
      vertex -15.972309325 132.846007505 9
      vertex -4.658742812 132.386664873 9
      vertex -2.34947146 132.846007505 9
    endloop
  endfacet
  facet normal 0 0 1
    outer loop
      vertex 4.658742812 132.386664873 9
      vertex 6.888301783 131.629831585 9
      vertex 17.269375959 131.629831585 9
    endloop
  endfacet
  facet normal 0 0 1
    outer loop
      vertex 4.658742812 132.386664873 9
      vertex 17.269375959 131.629831585 9
      vertex 16.970562748 131.970562748 9
    endloop
  endfacet
  facet normal 0 0 1
    outer loop
      vertex 4.658742812 132.386664873 9
      vertex 16.970562748 131.970562748 9
      vertex 16.496089211 132.386664873 9
    endloop
  endfacet
  facet normal 0 0 1
    outer loop
      vertex -16.496089211 132.386664873 9
      vertex -16.970562748 131.970562748 9
      vertex -17.269375959 131.629831585 9
    endloop
  endfacet
  facet normal 0 0 1
    outer loop
      vertex -16.496089211 132.386664873 9
      vertex -17.269375959 131.629831585 9
      vertex -6.888301783 131.629831585 9
    endloop
  endfacet
  facet normal 0 0 1
    outer loop
      vertex -16.496089211 132.386664873 9
      vertex -6.888301783 131.629831585 9
      vertex -4.658742812 132.386664873 9
    endloop
  endfacet
  facet normal 0 0 1
    outer loop
      vertex 6.888301783 131.629831585 9
      vertex 9 130.588457268 9
      vertex 18.182636724 130.588457268 9
    endloop
  endfacet
  facet normal 0 0 1
    outer loop
      vertex 6.888301783 131.629831585 9
      vertex 18.182636724 130.588457268 9
      vertex 17.269375959 131.629831585 9
    endloop
  endfacet
  facet normal 0 0 1
    outer loop
      vertex -17.269375959 131.629831585 9
      vertex -18.182636724 130.588457268 9
      vertex -9 130.588457268 9
    endloop
  endfacet
  facet normal 0 0 1
    outer loop
      vertex -17.269375959 131.629831585 9
      vertex -9 130.588457268 9
      vertex -6.888301783 131.629831585 9
    endloop
  endfacet
  facet normal 0 0 1
    outer loop
      vertex 9 130.588457268 9
      vertex 10.957705722 129.280360125 9
      vertex 19.260921768 129.280360125 9
    endloop
  endfacet
  facet normal 0 0 1
    outer loop
      vertex 9 130.588457268 9
      vertex 19.260921768 129.280360125 9
      vertex 19.040480167 129.610274296 9
    endloop
  endfacet
  facet normal 0 0 1
    outer loop
      vertex 9 130.588457268 9
      vertex 19.040480167 129.610274296 9
      vertex 18.182636724 130.588457268 9
    endloop
  endfacet
  facet normal 0 0 1
    outer loop
      vertex -18.182636724 130.588457268 9
      vertex -19.040480167 129.610274296 9
      vertex -19.260921768 129.280360125 9
    endloop
  endfacet
  facet normal 0 0 1
    outer loop
      vertex -18.182636724 130.588457268 9
      vertex -19.260921768 129.280360125 9
      vertex -10.957705722 129.280360125 9
    endloop
  endfacet
  facet normal 0 0 1
    outer loop
      vertex -18.182636724 130.588457268 9
      vertex -10.957705722 129.280360125 9
      vertex -9 130.588457268 9
    endloop
  endfacet
  facet normal 0 0 1
    outer loop
      vertex 10.957705722 129.280360125 9
      vertex 12.727922061 127.727922061 9
      vertex 20.298227719 127.727922061 9
    endloop
  endfacet
  facet normal 0 0 1
    outer loop
      vertex 10.957705722 129.280360125 9
      vertex 20.298227719 127.727922061 9
      vertex 19.260921768 129.280360125 9
    endloop
  endfacet
  facet normal 0 0 1
    outer loop
      vertex -19.260921768 129.280360125 9
      vertex -20.298227719 127.727922061 9
      vertex -12.727922061 127.727922061 9
    endloop
  endfacet
  facet normal 0 0 1
    outer loop
      vertex -19.260921768 129.280360125 9
      vertex -12.727922061 127.727922061 9
      vertex -10.957705722 129.280360125 9
    endloop
  endfacet
  facet normal 0 0 1
    outer loop
      vertex 12.727922061 127.727922061 9
      vertex 14.280360125 125.957705722 9
      vertex 21.298612347 125.957705722 9
    endloop
  endfacet
  facet normal 0 0 1
    outer loop
      vertex 12.727922061 127.727922061 9
      vertex 21.298612347 125.957705722 9
      vertex 20.784609691 127 9
    endloop
  endfacet
  facet normal 0 0 1
    outer loop
      vertex 12.727922061 127.727922061 9
      vertex 20.784609691 127 9
      vertex 20.298227719 127.727922061 9
    endloop
  endfacet
  facet normal 0 0 1
    outer loop
      vertex -20.298227719 127.727922061 9
      vertex -20.784609691 127 9
      vertex -21.298612347 125.957705722 9
    endloop
  endfacet
  facet normal 0 0 1
    outer loop
      vertex -20.298227719 127.727922061 9
      vertex -21.298612347 125.957705722 9
      vertex -14.280360125 125.957705722 9
    endloop
  endfacet
  facet normal 0 0 1
    outer loop
      vertex -20.298227719 127.727922061 9
      vertex -14.280360125 125.957705722 9
      vertex -12.727922061 127.727922061 9
    endloop
  endfacet
  facet normal 0 0 1
    outer loop
      vertex 14.280360125 125.957705722 9
      vertex 15.588457268 124 9
      vertex 22.235704952 124 9
    endloop
  endfacet
  facet normal 0 0 1
    outer loop
      vertex 14.280360125 125.957705722 9
      vertex 22.235704952 124 9
      vertex 22.17310878 124.184402377 9
    endloop
  endfacet
  facet normal 0 0 1
    outer loop
      vertex 14.280360125 125.957705722 9
      vertex 22.17310878 124.184402377 9
      vertex 21.298612347 125.957705722 9
    endloop
  endfacet
  facet normal 0 0 1
    outer loop
      vertex -21.298612347 125.957705722 9
      vertex -22.17310878 124.184402377 9
      vertex -22.235704952 124 9
    endloop
  endfacet
  facet normal 0 0 1
    outer loop
      vertex -21.298612347 125.957705722 9
      vertex -22.235704952 124 9
      vertex -15.588457268 124 9
    endloop
  endfacet
  facet normal 0 0 1
    outer loop
      vertex -21.298612347 125.957705722 9
      vertex -15.588457268 124 9
      vertex -14.280360125 125.957705722 9
    endloop
  endfacet
  facet normal 0 0 1
    outer loop
      vertex 15.588457268 124 9
      vertex 16.629831585 121.888301783 9
      vertex 22.952529906 121.888301783 9
    endloop
  endfacet
  facet normal 0 0 1
    outer loop
      vertex 15.588457268 124 9
      vertex 22.952529906 121.888301783 9
      vertex 22.235704952 124 9
    endloop
  endfacet
  facet normal 0 0 1
    outer loop
      vertex -22.235704952 124 9
      vertex -22.952529906 121.888301783 9
      vertex -16.629831585 121.888301783 9
    endloop
  endfacet
  facet normal 0 0 1
    outer loop
      vertex -22.235704952 124 9
      vertex -16.629831585 121.888301783 9
      vertex -15.588457268 124 9
    endloop
  endfacet
  facet normal 0 0 1
    outer loop
      vertex 16.629831585 121.888301783 9
      vertex 17.386664873 119.658742812 9
      vertex 23.491113685 119.658742812 9
    endloop
  endfacet
  facet normal 0 0 1
    outer loop
      vertex 16.629831585 121.888301783 9
      vertex 23.491113685 119.658742812 9
      vertex 23.182219831 121.211657082 9
    endloop
  endfacet
  facet normal 0 0 1
    outer loop
      vertex 16.629831585 121.888301783 9
      vertex 23.182219831 121.211657082 9
      vertex 22.952529906 121.888301783 9
    endloop
  endfacet
  facet normal 0 0 1
    outer loop
      vertex -22.952529906 121.888301783 9
      vertex -23.182219831 121.211657082 9
      vertex -23.491113685 119.658742812 9
    endloop
  endfacet
  facet normal 0 0 1
    outer loop
      vertex -22.952529906 121.888301783 9
      vertex -23.491113685 119.658742812 9
      vertex -17.386664873 119.658742812 9
    endloop
  endfacet
  facet normal 0 0 1
    outer loop
      vertex -22.952529906 121.888301783 9
      vertex -17.386664873 119.658742812 9
      vertex -16.629831585 121.888301783 9
    endloop
  endfacet
  facet normal 0 0 1
    outer loop
      vertex 17.386664873 119.658742812 9
      vertex 17.846007505 117.34947146 9
      vertex 23.846007505 117.34947146 9
    endloop
  endfacet
  facet normal 0 0 1
    outer loop
      vertex 17.386664873 119.658742812 9
      vertex 23.846007505 117.34947146 9
      vertex 23.794676673 118.132628613 9
    endloop
  endfacet
  facet normal 0 0 1
    outer loop
      vertex 17.386664873 119.658742812 9
      vertex 23.794676673 118.132628613 9
      vertex 23.491113685 119.658742812 9
    endloop
  endfacet
  facet normal 0 0 1
    outer loop
      vertex -23.491113685 119.658742812 9
      vertex -23.794676673 118.132628613 9
      vertex -23.846007505 117.34947146 9
    endloop
  endfacet
  facet normal 0 0 1
    outer loop
      vertex -23.491113685 119.658742812 9
      vertex -23.846007505 117.34947146 9
      vertex -17.846007505 117.34947146 9
    endloop
  endfacet
  facet normal 0 0 1
    outer loop
      vertex -23.491113685 119.658742812 9
      vertex -17.846007505 117.34947146 9
      vertex -17.386664873 119.658742812 9
    endloop
  endfacet
  facet normal 0 0 1
    outer loop
      vertex 17.846007505 117.34947146 9
      vertex 18 115 9
      vertex 24 115 9
    endloop
  endfacet
  facet normal 0 0 1
    outer loop
      vertex 17.846007505 117.34947146 9
      vertex 24 115 9
      vertex 23.846007505 117.34947146 9
    endloop
  endfacet
  facet normal 0 0 1
    outer loop
      vertex -23.846007505 117.34947146 9
      vertex -24 115 9
      vertex -18 115 9
    endloop
  endfacet
  facet normal 0 0 1
    outer loop
      vertex -23.846007505 117.34947146 9
      vertex -18 115 9
      vertex -17.846007505 117.34947146 9
    endloop
  endfacet
  facet normal 0 0 1
    outer loop
      vertex 18 115 9
      vertex 17.846007505 112.65052854 9
      vertex 23.846007505 112.65052854 9
    endloop
  endfacet
  facet normal 0 0 1
    outer loop
      vertex 18 115 9
      vertex 23.846007505 112.65052854 9
      vertex 24 115 9
    endloop
  endfacet
  facet normal 0 0 1
    outer loop
      vertex -24 115 9
      vertex -23.846007505 112.65052854 9
      vertex -17.846007505 112.65052854 9
    endloop
  endfacet
  facet normal 0 0 1
    outer loop
      vertex -24 115 9
      vertex -17.846007505 112.65052854 9
      vertex -18 115 9
    endloop
  endfacet
  facet normal 0 0 1
    outer loop
      vertex 17.846007505 112.65052854 9
      vertex 17.386664873 110.341257188 9
      vertex 23.491113685 110.341257188 9
    endloop
  endfacet
  facet normal 0 0 1
    outer loop
      vertex 17.846007505 112.65052854 9
      vertex 23.491113685 110.341257188 9
      vertex 23.794676673 111.867371387 9
    endloop
  endfacet
  facet normal 0 0 1
    outer loop
      vertex 17.846007505 112.65052854 9
      vertex 23.794676673 111.867371387 9
      vertex 23.846007505 112.65052854 9
    endloop
  endfacet
  facet normal 0 0 1
    outer loop
      vertex -23.846007505 112.65052854 9
      vertex -23.794676673 111.867371387 9
      vertex -23.491113685 110.341257188 9
    endloop
  endfacet
  facet normal 0 0 1
    outer loop
      vertex -23.846007505 112.65052854 9
      vertex -23.491113685 110.341257188 9
      vertex -17.386664873 110.341257188 9
    endloop
  endfacet
  facet normal 0 0 1
    outer loop
      vertex -23.846007505 112.65052854 9
      vertex -17.386664873 110.341257188 9
      vertex -17.846007505 112.65052854 9
    endloop
  endfacet
  facet normal 0 0 1
    outer loop
      vertex 17.386664873 110.341257188 9
      vertex 16.629831585 108.111698217 9
      vertex 22.952529906 108.111698217 9
    endloop
  endfacet
  facet normal 0 0 1
    outer loop
      vertex 17.386664873 110.341257188 9
      vertex 22.952529906 108.111698217 9
      vertex 23.182219831 108.788342918 9
    endloop
  endfacet
  facet normal 0 0 1
    outer loop
      vertex 17.386664873 110.341257188 9
      vertex 23.182219831 108.788342918 9
      vertex 23.491113685 110.341257188 9
    endloop
  endfacet
  facet normal 0 0 1
    outer loop
      vertex -23.491113685 110.341257188 9
      vertex -23.182219831 108.788342918 9
      vertex -22.952529906 108.111698217 9
    endloop
  endfacet
  facet normal 0 0 1
    outer loop
      vertex -23.491113685 110.341257188 9
      vertex -22.952529906 108.111698217 9
      vertex -16.629831585 108.111698217 9
    endloop
  endfacet
  facet normal 0 0 1
    outer loop
      vertex -23.491113685 110.341257188 9
      vertex -16.629831585 108.111698217 9
      vertex -17.386664873 110.341257188 9
    endloop
  endfacet
  facet normal 0 0 1
    outer loop
      vertex 16.629831585 108.111698217 9
      vertex 15.588457268 106 9
      vertex 22.235704952 106 9
    endloop
  endfacet
  facet normal 0 0 1
    outer loop
      vertex 16.629831585 108.111698217 9
      vertex 22.235704952 106 9
      vertex 22.952529906 108.111698217 9
    endloop
  endfacet
  facet normal 0 0 1
    outer loop
      vertex -22.952529906 108.111698217 9
      vertex -22.235704952 106 9
      vertex -15.588457268 106 9
    endloop
  endfacet
  facet normal 0 0 1
    outer loop
      vertex -22.952529906 108.111698217 9
      vertex -15.588457268 106 9
      vertex -16.629831585 108.111698217 9
    endloop
  endfacet
  facet normal 0 0 1
    outer loop
      vertex 15.588457268 106 9
      vertex 14.280360125 104.042294278 9
      vertex 21.298612347 104.042294278 9
    endloop
  endfacet
  facet normal 0 0 1
    outer loop
      vertex 15.588457268 106 9
      vertex 21.298612347 104.042294278 9
      vertex 22.17310878 105.815597623 9
    endloop
  endfacet
  facet normal 0 0 1
    outer loop
      vertex 15.588457268 106 9
      vertex 22.17310878 105.815597623 9
      vertex 22.235704952 106 9
    endloop
  endfacet
  facet normal 0 0 1
    outer loop
      vertex -22.235704952 106 9
      vertex -22.17310878 105.815597623 9
      vertex -21.298612347 104.042294278 9
    endloop
  endfacet
  facet normal 0 0 1
    outer loop
      vertex -22.235704952 106 9
      vertex -21.298612347 104.042294278 9
      vertex -14.280360125 104.042294278 9
    endloop
  endfacet
  facet normal 0 0 1
    outer loop
      vertex -22.235704952 106 9
      vertex -14.280360125 104.042294278 9
      vertex -15.588457268 106 9
    endloop
  endfacet
  facet normal 0 0 1
    outer loop
      vertex 14.280360125 104.042294278 9
      vertex 12.727922061 102.272077939 9
      vertex 20.298227719 102.272077939 9
    endloop
  endfacet
  facet normal 0 0 1
    outer loop
      vertex 14.280360125 104.042294278 9
      vertex 20.298227719 102.272077939 9
      vertex 20.784609691 103 9
    endloop
  endfacet
  facet normal 0 0 1
    outer loop
      vertex 14.280360125 104.042294278 9
      vertex 20.784609691 103 9
      vertex 21.298612347 104.042294278 9
    endloop
  endfacet
  facet normal 0 0 1
    outer loop
      vertex -21.298612347 104.042294278 9
      vertex -20.784609691 103 9
      vertex -20.298227719 102.272077939 9
    endloop
  endfacet
  facet normal 0 0 1
    outer loop
      vertex -21.298612347 104.042294278 9
      vertex -20.298227719 102.272077939 9
      vertex -12.727922061 102.272077939 9
    endloop
  endfacet
  facet normal 0 0 1
    outer loop
      vertex -21.298612347 104.042294278 9
      vertex -12.727922061 102.272077939 9
      vertex -14.280360125 104.042294278 9
    endloop
  endfacet
  facet normal 0 0 1
    outer loop
      vertex 12.727922061 102.272077939 9
      vertex 10.957705722 100.719639875 9
      vertex 19.260921768 100.719639875 9
    endloop
  endfacet
  facet normal 0 0 1
    outer loop
      vertex 12.727922061 102.272077939 9
      vertex 19.260921768 100.719639875 9
      vertex 20.298227719 102.272077939 9
    endloop
  endfacet
  facet normal 0 0 1
    outer loop
      vertex -20.298227719 102.272077939 9
      vertex -19.260921768 100.719639875 9
      vertex -10.957705722 100.719639875 9
    endloop
  endfacet
  facet normal 0 0 1
    outer loop
      vertex -20.298227719 102.272077939 9
      vertex -10.957705722 100.719639875 9
      vertex -12.727922061 102.272077939 9
    endloop
  endfacet
  facet normal 0 0 1
    outer loop
      vertex 10.957705722 100.719639875 9
      vertex 9 99.411542732 9
      vertex 18.182636724 99.411542732 9
    endloop
  endfacet
  facet normal 0 0 1
    outer loop
      vertex 10.957705722 100.719639875 9
      vertex 18.182636724 99.411542732 9
      vertex 19.040480167 100.389725704 9
    endloop
  endfacet
  facet normal 0 0 1
    outer loop
      vertex 10.957705722 100.719639875 9
      vertex 19.040480167 100.389725704 9
      vertex 19.260921768 100.719639875 9
    endloop
  endfacet
  facet normal 0 0 1
    outer loop
      vertex -19.260921768 100.719639875 9
      vertex -19.040480167 100.389725704 9
      vertex -18.182636724 99.411542732 9
    endloop
  endfacet
  facet normal 0 0 1
    outer loop
      vertex -19.260921768 100.719639875 9
      vertex -18.182636724 99.411542732 9
      vertex -9 99.411542732 9
    endloop
  endfacet
  facet normal 0 0 1
    outer loop
      vertex -19.260921768 100.719639875 9
      vertex -9 99.411542732 9
      vertex -10.957705722 100.719639875 9
    endloop
  endfacet
  facet normal 0 0 1
    outer loop
      vertex 9 99.411542732 9
      vertex 6.888301783 98.370168415 9
      vertex 17.269375959 98.370168415 9
    endloop
  endfacet
  facet normal 0 0 1
    outer loop
      vertex 9 99.411542732 9
      vertex 17.269375959 98.370168415 9
      vertex 18.182636724 99.411542732 9
    endloop
  endfacet
  facet normal 0 0 1
    outer loop
      vertex -18.182636724 99.411542732 9
      vertex -17.269375959 98.370168415 9
      vertex -6.888301783 98.370168415 9
    endloop
  endfacet
  facet normal 0 0 1
    outer loop
      vertex -18.182636724 99.411542732 9
      vertex -6.888301783 98.370168415 9
      vertex -9 99.411542732 9
    endloop
  endfacet
  facet normal 0 0 1
    outer loop
      vertex 6.888301783 98.370168415 9
      vertex 4.658742812 97.613335127 9
      vertex 16.496089211 97.613335127 9
    endloop
  endfacet
  facet normal 0 0 1
    outer loop
      vertex 6.888301783 98.370168415 9
      vertex 16.496089211 97.613335127 9
      vertex 16.970562748 98.029437252 9
    endloop
  endfacet
  facet normal 0 0 1
    outer loop
      vertex 6.888301783 98.370168415 9
      vertex 16.970562748 98.029437252 9
      vertex 17.269375959 98.370168415 9
    endloop
  endfacet
  facet normal 0 0 1
    outer loop
      vertex -17.269375959 98.370168415 9
      vertex -16.970562748 98.029437252 9
      vertex -16.496089211 97.613335127 9
    endloop
  endfacet
  facet normal 0 0 1
    outer loop
      vertex -17.269375959 98.370168415 9
      vertex -16.496089211 97.613335127 9
      vertex -4.658742812 97.613335127 9
    endloop
  endfacet
  facet normal 0 0 1
    outer loop
      vertex -17.269375959 98.370168415 9
      vertex -4.658742812 97.613335127 9
      vertex -6.888301783 98.370168415 9
    endloop
  endfacet
  facet normal 0 0 1
    outer loop
      vertex 4.658742812 97.613335127 9
      vertex 2.34947146 97.153992495 9
      vertex 15.972309325 97.153992495 9
    endloop
  endfacet
  facet normal 0 0 1
    outer loop
      vertex 4.658742812 97.613335127 9
      vertex 15.972309325 97.153992495 9
      vertex 16.496089211 97.613335127 9
    endloop
  endfacet
  facet normal 0 0 1
    outer loop
      vertex -16.496089211 97.613335127 9
      vertex -15.972309325 97.153992495 9
      vertex -2.34947146 97.153992495 9
    endloop
  endfacet
  facet normal 0 0 1
    outer loop
      vertex -16.496089211 97.613335127 9
      vertex -2.34947146 97.153992495 9
      vertex -4.658742812 97.613335127 9
    endloop
  endfacet
  facet normal 0 0 1
    outer loop
      vertex 2.34947146 97.153992495 9
      vertex 0 97 9
      vertex 15.796714538 97 9
    endloop
  endfacet
  facet normal 0 0 1
    outer loop
      vertex 2.34947146 97.153992495 9
      vertex 15.796714538 97 9
      vertex 15.972309325 97.153992495 9
    endloop
  endfacet
  facet normal 0 0 1
    outer loop
      vertex -15.972309325 97.153992495 9
      vertex -15.796714538 97 9
      vertex 0 97 9
    endloop
  endfacet
  facet normal 0 0 1
    outer loop
      vertex -15.972309325 97.153992495 9
      vertex 0 97 9
      vertex -2.34947146 97.153992495 9
    endloop
  endfacet
  facet normal 0 0 1
    outer loop
      vertex -15.796714538 97 9
      vertex -14.610274296 95.959519833 9
      vertex -12 94.215390309 9
    endloop
  endfacet
  facet normal 0 0 1
    outer loop
      vertex -15.796714538 97 9
      vertex -12 94.215390309 9
      vertex -9.184402377 92.82689122 9
    endloop
  endfacet
  facet normal 0 0 1
    outer loop
      vertex -15.796714538 97 9
      vertex -9.184402377 92.82689122 9
      vertex -6.211657082 91.817780169 9
    endloop
  endfacet
  facet normal 0 0 1
    outer loop
      vertex -15.796714538 97 9
      vertex -6.211657082 91.817780169 9
      vertex -3.132628613 91.205323327 9
    endloop
  endfacet
  facet normal 0 0 1
    outer loop
      vertex -15.796714538 97 9
      vertex -3.132628613 91.205323327 9
      vertex 0 91 9
    endloop
  endfacet
  facet normal 0 0 1
    outer loop
      vertex -15.796714538 97 9
      vertex 0 91 9
      vertex 3.132628613 91.205323327 9
    endloop
  endfacet
  facet normal 0 0 1
    outer loop
      vertex -15.796714538 97 9
      vertex 3.132628613 91.205323327 9
      vertex 6.211657082 91.817780169 9
    endloop
  endfacet
  facet normal 0 0 1
    outer loop
      vertex -15.796714538 97 9
      vertex 6.211657082 91.817780169 9
      vertex 9.184402377 92.82689122 9
    endloop
  endfacet
  facet normal 0 0 1
    outer loop
      vertex -15.796714538 97 9
      vertex 9.184402377 92.82689122 9
      vertex 12 94.215390309 9
    endloop
  endfacet
  facet normal 0 0 1
    outer loop
      vertex -15.796714538 97 9
      vertex 12 94.215390309 9
      vertex 14.610274296 95.959519833 9
    endloop
  endfacet
  facet normal 0 0 1
    outer loop
      vertex -15.796714538 97 9
      vertex 14.610274296 95.959519833 9
      vertex 15.796714538 97 9
    endloop
  endfacet
  facet normal 0 0 -1
    outer loop
      vertex 3.132628613 138.794676673 5
      vertex 6.211657082 138.182219831 5
      vertex 9.184402377 137.17310878 5
    endloop
  endfacet
  facet normal 0 0 -1
    outer loop
      vertex 3.132628613 138.794676673 5
      vertex 9.184402377 137.17310878 5
      vertex 12 135.784609691 5
    endloop
  endfacet
  facet normal 0 0 -1
    outer loop
      vertex 3.132628613 138.794676673 5
      vertex 12 135.784609691 5
      vertex 14.610274296 134.040480167 5
    endloop
  endfacet
  facet normal 0 0 -1
    outer loop
      vertex 3.132628613 138.794676673 5
      vertex 14.610274296 134.040480167 5
      vertex 15.796714538 133 5
    endloop
  endfacet
  facet normal 0 0 -1
    outer loop
      vertex 3.132628613 138.794676673 5
      vertex 15.796714538 133 5
      vertex -15.796714538 133 5
    endloop
  endfacet
  facet normal 0 0 -1
    outer loop
      vertex 3.132628613 138.794676673 5
      vertex -15.796714538 133 5
      vertex -14.610274296 134.040480167 5
    endloop
  endfacet
  facet normal 0 0 -1
    outer loop
      vertex 3.132628613 138.794676673 5
      vertex -14.610274296 134.040480167 5
      vertex -12 135.784609691 5
    endloop
  endfacet
  facet normal 0 0 -1
    outer loop
      vertex 3.132628613 138.794676673 5
      vertex -12 135.784609691 5
      vertex -9.184402377 137.17310878 5
    endloop
  endfacet
  facet normal 0 0 -1
    outer loop
      vertex 3.132628613 138.794676673 5
      vertex -9.184402377 137.17310878 5
      vertex -6.211657082 138.182219831 5
    endloop
  endfacet
  facet normal 0 0 -1
    outer loop
      vertex 3.132628613 138.794676673 5
      vertex -6.211657082 138.182219831 5
      vertex -3.132628613 138.794676673 5
    endloop
  endfacet
  facet normal 0 0 -1
    outer loop
      vertex 3.132628613 138.794676673 5
      vertex -3.132628613 138.794676673 5
      vertex 0 139 5
    endloop
  endfacet
  facet normal 0 0 -1
    outer loop
      vertex 0 133 5
      vertex -2.34947146 132.846007505 5
      vertex -15.972309325 132.846007505 5
    endloop
  endfacet
  facet normal 0 0 -1
    outer loop
      vertex 0 133 5
      vertex -15.972309325 132.846007505 5
      vertex -15.796714538 133 5
    endloop
  endfacet
  facet normal 0 0 -1
    outer loop
      vertex 15.796714538 133 5
      vertex 15.972309325 132.846007505 5
      vertex 2.34947146 132.846007505 5
    endloop
  endfacet
  facet normal 0 0 -1
    outer loop
      vertex 15.796714538 133 5
      vertex 2.34947146 132.846007505 5
      vertex 0 133 5
    endloop
  endfacet
  facet normal 0 0 -1
    outer loop
      vertex -2.34947146 132.846007505 5
      vertex -4.658742812 132.386664873 5
      vertex -16.496089211 132.386664873 5
    endloop
  endfacet
  facet normal 0 0 -1
    outer loop
      vertex -2.34947146 132.846007505 5
      vertex -16.496089211 132.386664873 5
      vertex -15.972309325 132.846007505 5
    endloop
  endfacet
  facet normal 0 0 -1
    outer loop
      vertex 15.972309325 132.846007505 5
      vertex 16.496089211 132.386664873 5
      vertex 4.658742812 132.386664873 5
    endloop
  endfacet
  facet normal 0 0 -1
    outer loop
      vertex 15.972309325 132.846007505 5
      vertex 4.658742812 132.386664873 5
      vertex 2.34947146 132.846007505 5
    endloop
  endfacet
  facet normal 0 0 -1
    outer loop
      vertex -4.658742812 132.386664873 5
      vertex -6.888301783 131.629831585 5
      vertex -17.269375959 131.629831585 5
    endloop
  endfacet
  facet normal 0 0 -1
    outer loop
      vertex -4.658742812 132.386664873 5
      vertex -17.269375959 131.629831585 5
      vertex -16.970562748 131.970562748 5
    endloop
  endfacet
  facet normal 0 0 -1
    outer loop
      vertex -4.658742812 132.386664873 5
      vertex -16.970562748 131.970562748 5
      vertex -16.496089211 132.386664873 5
    endloop
  endfacet
  facet normal 0 0 -1
    outer loop
      vertex 16.496089211 132.386664873 5
      vertex 16.970562748 131.970562748 5
      vertex 17.269375959 131.629831585 5
    endloop
  endfacet
  facet normal 0 0 -1
    outer loop
      vertex 16.496089211 132.386664873 5
      vertex 17.269375959 131.629831585 5
      vertex 6.888301783 131.629831585 5
    endloop
  endfacet
  facet normal 0 0 -1
    outer loop
      vertex 16.496089211 132.386664873 5
      vertex 6.888301783 131.629831585 5
      vertex 4.658742812 132.386664873 5
    endloop
  endfacet
  facet normal 0 0 -1
    outer loop
      vertex -6.888301783 131.629831585 5
      vertex -9 130.588457268 5
      vertex -18.182636724 130.588457268 5
    endloop
  endfacet
  facet normal 0 0 -1
    outer loop
      vertex -6.888301783 131.629831585 5
      vertex -18.182636724 130.588457268 5
      vertex -17.269375959 131.629831585 5
    endloop
  endfacet
  facet normal 0 0 -1
    outer loop
      vertex 17.269375959 131.629831585 5
      vertex 18.182636724 130.588457268 5
      vertex 9 130.588457268 5
    endloop
  endfacet
  facet normal 0 0 -1
    outer loop
      vertex 17.269375959 131.629831585 5
      vertex 9 130.588457268 5
      vertex 6.888301783 131.629831585 5
    endloop
  endfacet
  facet normal 0 0 -1
    outer loop
      vertex -9 130.588457268 5
      vertex -10.957705722 129.280360125 5
      vertex -19.260921768 129.280360125 5
    endloop
  endfacet
  facet normal 0 0 -1
    outer loop
      vertex -9 130.588457268 5
      vertex -19.260921768 129.280360125 5
      vertex -19.040480167 129.610274296 5
    endloop
  endfacet
  facet normal 0 0 -1
    outer loop
      vertex -9 130.588457268 5
      vertex -19.040480167 129.610274296 5
      vertex -18.182636724 130.588457268 5
    endloop
  endfacet
  facet normal 0 0 -1
    outer loop
      vertex 18.182636724 130.588457268 5
      vertex 19.040480167 129.610274296 5
      vertex 19.260921768 129.280360125 5
    endloop
  endfacet
  facet normal 0 0 -1
    outer loop
      vertex 18.182636724 130.588457268 5
      vertex 19.260921768 129.280360125 5
      vertex 10.957705722 129.280360125 5
    endloop
  endfacet
  facet normal 0 0 -1
    outer loop
      vertex 18.182636724 130.588457268 5
      vertex 10.957705722 129.280360125 5
      vertex 9 130.588457268 5
    endloop
  endfacet
  facet normal 0 0 -1
    outer loop
      vertex -10.957705722 129.280360125 5
      vertex -12.727922061 127.727922061 5
      vertex -20.298227719 127.727922061 5
    endloop
  endfacet
  facet normal 0 0 -1
    outer loop
      vertex -10.957705722 129.280360125 5
      vertex -20.298227719 127.727922061 5
      vertex -19.260921768 129.280360125 5
    endloop
  endfacet
  facet normal 0 0 -1
    outer loop
      vertex 19.260921768 129.280360125 5
      vertex 20.298227719 127.727922061 5
      vertex 12.727922061 127.727922061 5
    endloop
  endfacet
  facet normal 0 0 -1
    outer loop
      vertex 19.260921768 129.280360125 5
      vertex 12.727922061 127.727922061 5
      vertex 10.957705722 129.280360125 5
    endloop
  endfacet
  facet normal 0 0 -1
    outer loop
      vertex -12.727922061 127.727922061 5
      vertex -14.280360125 125.957705722 5
      vertex -21.298612347 125.957705722 5
    endloop
  endfacet
  facet normal 0 0 -1
    outer loop
      vertex -12.727922061 127.727922061 5
      vertex -21.298612347 125.957705722 5
      vertex -20.784609691 127 5
    endloop
  endfacet
  facet normal 0 0 -1
    outer loop
      vertex -12.727922061 127.727922061 5
      vertex -20.784609691 127 5
      vertex -20.298227719 127.727922061 5
    endloop
  endfacet
  facet normal 0 0 -1
    outer loop
      vertex 20.298227719 127.727922061 5
      vertex 20.784609691 127 5
      vertex 21.298612347 125.957705722 5
    endloop
  endfacet
  facet normal 0 0 -1
    outer loop
      vertex 20.298227719 127.727922061 5
      vertex 21.298612347 125.957705722 5
      vertex 14.280360125 125.957705722 5
    endloop
  endfacet
  facet normal 0 0 -1
    outer loop
      vertex 20.298227719 127.727922061 5
      vertex 14.280360125 125.957705722 5
      vertex 12.727922061 127.727922061 5
    endloop
  endfacet
  facet normal 0 0 -1
    outer loop
      vertex -14.280360125 125.957705722 5
      vertex -15.588457268 124 5
      vertex -22.235704952 124 5
    endloop
  endfacet
  facet normal 0 0 -1
    outer loop
      vertex -14.280360125 125.957705722 5
      vertex -22.235704952 124 5
      vertex -22.17310878 124.184402377 5
    endloop
  endfacet
  facet normal 0 0 -1
    outer loop
      vertex -14.280360125 125.957705722 5
      vertex -22.17310878 124.184402377 5
      vertex -21.298612347 125.957705722 5
    endloop
  endfacet
  facet normal 0 0 -1
    outer loop
      vertex 21.298612347 125.957705722 5
      vertex 22.17310878 124.184402377 5
      vertex 22.235704952 124 5
    endloop
  endfacet
  facet normal 0 0 -1
    outer loop
      vertex 21.298612347 125.957705722 5
      vertex 22.235704952 124 5
      vertex 15.588457268 124 5
    endloop
  endfacet
  facet normal 0 0 -1
    outer loop
      vertex 21.298612347 125.957705722 5
      vertex 15.588457268 124 5
      vertex 14.280360125 125.957705722 5
    endloop
  endfacet
  facet normal 0 0 -1
    outer loop
      vertex -15.588457268 124 5
      vertex -16.629831585 121.888301783 5
      vertex -22.952529906 121.888301783 5
    endloop
  endfacet
  facet normal 0 0 -1
    outer loop
      vertex -15.588457268 124 5
      vertex -22.952529906 121.888301783 5
      vertex -22.235704952 124 5
    endloop
  endfacet
  facet normal 0 0 -1
    outer loop
      vertex 22.235704952 124 5
      vertex 22.952529906 121.888301783 5
      vertex 16.629831585 121.888301783 5
    endloop
  endfacet
  facet normal 0 0 -1
    outer loop
      vertex 22.235704952 124 5
      vertex 16.629831585 121.888301783 5
      vertex 15.588457268 124 5
    endloop
  endfacet
  facet normal 0 0 -1
    outer loop
      vertex -16.629831585 121.888301783 5
      vertex -17.386664873 119.658742812 5
      vertex -23.491113685 119.658742812 5
    endloop
  endfacet
  facet normal 0 0 -1
    outer loop
      vertex -16.629831585 121.888301783 5
      vertex -23.491113685 119.658742812 5
      vertex -23.182219831 121.211657082 5
    endloop
  endfacet
  facet normal 0 0 -1
    outer loop
      vertex -16.629831585 121.888301783 5
      vertex -23.182219831 121.211657082 5
      vertex -22.952529906 121.888301783 5
    endloop
  endfacet
  facet normal 0 0 -1
    outer loop
      vertex 22.952529906 121.888301783 5
      vertex 23.182219831 121.211657082 5
      vertex 23.491113685 119.658742812 5
    endloop
  endfacet
  facet normal 0 0 -1
    outer loop
      vertex 22.952529906 121.888301783 5
      vertex 23.491113685 119.658742812 5
      vertex 17.386664873 119.658742812 5
    endloop
  endfacet
  facet normal 0 0 -1
    outer loop
      vertex 22.952529906 121.888301783 5
      vertex 17.386664873 119.658742812 5
      vertex 16.629831585 121.888301783 5
    endloop
  endfacet
  facet normal 0 0 -1
    outer loop
      vertex -17.386664873 119.658742812 5
      vertex -17.846007505 117.34947146 5
      vertex -23.846007505 117.34947146 5
    endloop
  endfacet
  facet normal 0 0 -1
    outer loop
      vertex -17.386664873 119.658742812 5
      vertex -23.846007505 117.34947146 5
      vertex -23.794676673 118.132628613 5
    endloop
  endfacet
  facet normal 0 0 -1
    outer loop
      vertex -17.386664873 119.658742812 5
      vertex -23.794676673 118.132628613 5
      vertex -23.491113685 119.658742812 5
    endloop
  endfacet
  facet normal 0 0 -1
    outer loop
      vertex 23.491113685 119.658742812 5
      vertex 23.794676673 118.132628613 5
      vertex 23.846007505 117.34947146 5
    endloop
  endfacet
  facet normal 0 0 -1
    outer loop
      vertex 23.491113685 119.658742812 5
      vertex 23.846007505 117.34947146 5
      vertex 17.846007505 117.34947146 5
    endloop
  endfacet
  facet normal 0 0 -1
    outer loop
      vertex 23.491113685 119.658742812 5
      vertex 17.846007505 117.34947146 5
      vertex 17.386664873 119.658742812 5
    endloop
  endfacet
  facet normal 0 0 -1
    outer loop
      vertex -17.846007505 117.34947146 5
      vertex -18 115 5
      vertex -24 115 5
    endloop
  endfacet
  facet normal 0 0 -1
    outer loop
      vertex -17.846007505 117.34947146 5
      vertex -24 115 5
      vertex -23.846007505 117.34947146 5
    endloop
  endfacet
  facet normal 0 0 -1
    outer loop
      vertex 23.846007505 117.34947146 5
      vertex 24 115 5
      vertex 18 115 5
    endloop
  endfacet
  facet normal 0 0 -1
    outer loop
      vertex 23.846007505 117.34947146 5
      vertex 18 115 5
      vertex 17.846007505 117.34947146 5
    endloop
  endfacet
  facet normal 0 0 -1
    outer loop
      vertex -18 115 5
      vertex -17.846007505 112.65052854 5
      vertex -23.846007505 112.65052854 5
    endloop
  endfacet
  facet normal 0 0 -1
    outer loop
      vertex -18 115 5
      vertex -23.846007505 112.65052854 5
      vertex -24 115 5
    endloop
  endfacet
  facet normal 0 0 -1
    outer loop
      vertex 24 115 5
      vertex 23.846007505 112.65052854 5
      vertex 17.846007505 112.65052854 5
    endloop
  endfacet
  facet normal 0 0 -1
    outer loop
      vertex 24 115 5
      vertex 17.846007505 112.65052854 5
      vertex 18 115 5
    endloop
  endfacet
  facet normal 0 0 -1
    outer loop
      vertex -17.846007505 112.65052854 5
      vertex -17.386664873 110.341257188 5
      vertex -23.491113685 110.341257188 5
    endloop
  endfacet
  facet normal 0 0 -1
    outer loop
      vertex -17.846007505 112.65052854 5
      vertex -23.491113685 110.341257188 5
      vertex -23.794676673 111.867371387 5
    endloop
  endfacet
  facet normal 0 0 -1
    outer loop
      vertex -17.846007505 112.65052854 5
      vertex -23.794676673 111.867371387 5
      vertex -23.846007505 112.65052854 5
    endloop
  endfacet
  facet normal 0 0 -1
    outer loop
      vertex 23.846007505 112.65052854 5
      vertex 23.794676673 111.867371387 5
      vertex 23.491113685 110.341257188 5
    endloop
  endfacet
  facet normal 0 0 -1
    outer loop
      vertex 23.846007505 112.65052854 5
      vertex 23.491113685 110.341257188 5
      vertex 17.386664873 110.341257188 5
    endloop
  endfacet
  facet normal 0 0 -1
    outer loop
      vertex 23.846007505 112.65052854 5
      vertex 17.386664873 110.341257188 5
      vertex 17.846007505 112.65052854 5
    endloop
  endfacet
  facet normal 0 0 -1
    outer loop
      vertex -17.386664873 110.341257188 5
      vertex -16.629831585 108.111698217 5
      vertex -22.952529906 108.111698217 5
    endloop
  endfacet
  facet normal 0 0 -1
    outer loop
      vertex -17.386664873 110.341257188 5
      vertex -22.952529906 108.111698217 5
      vertex -23.182219831 108.788342918 5
    endloop
  endfacet
  facet normal 0 0 -1
    outer loop
      vertex -17.386664873 110.341257188 5
      vertex -23.182219831 108.788342918 5
      vertex -23.491113685 110.341257188 5
    endloop
  endfacet
  facet normal 0 0 -1
    outer loop
      vertex 23.491113685 110.341257188 5
      vertex 23.182219831 108.788342918 5
      vertex 22.952529906 108.111698217 5
    endloop
  endfacet
  facet normal 0 0 -1
    outer loop
      vertex 23.491113685 110.341257188 5
      vertex 22.952529906 108.111698217 5
      vertex 16.629831585 108.111698217 5
    endloop
  endfacet
  facet normal 0 0 -1
    outer loop
      vertex 23.491113685 110.341257188 5
      vertex 16.629831585 108.111698217 5
      vertex 17.386664873 110.341257188 5
    endloop
  endfacet
  facet normal 0 0 -1
    outer loop
      vertex -16.629831585 108.111698217 5
      vertex -15.588457268 106 5
      vertex -22.235704952 106 5
    endloop
  endfacet
  facet normal 0 0 -1
    outer loop
      vertex -16.629831585 108.111698217 5
      vertex -22.235704952 106 5
      vertex -22.952529906 108.111698217 5
    endloop
  endfacet
  facet normal 0 0 -1
    outer loop
      vertex 22.952529906 108.111698217 5
      vertex 22.235704952 106 5
      vertex 15.588457268 106 5
    endloop
  endfacet
  facet normal 0 0 -1
    outer loop
      vertex 22.952529906 108.111698217 5
      vertex 15.588457268 106 5
      vertex 16.629831585 108.111698217 5
    endloop
  endfacet
  facet normal 0 0 -1
    outer loop
      vertex -15.588457268 106 5
      vertex -14.280360125 104.042294278 5
      vertex -21.298612347 104.042294278 5
    endloop
  endfacet
  facet normal 0 0 -1
    outer loop
      vertex -15.588457268 106 5
      vertex -21.298612347 104.042294278 5
      vertex -22.17310878 105.815597623 5
    endloop
  endfacet
  facet normal 0 0 -1
    outer loop
      vertex -15.588457268 106 5
      vertex -22.17310878 105.815597623 5
      vertex -22.235704952 106 5
    endloop
  endfacet
  facet normal 0 0 -1
    outer loop
      vertex 22.235704952 106 5
      vertex 22.17310878 105.815597623 5
      vertex 21.298612347 104.042294278 5
    endloop
  endfacet
  facet normal 0 0 -1
    outer loop
      vertex 22.235704952 106 5
      vertex 21.298612347 104.042294278 5
      vertex 14.280360125 104.042294278 5
    endloop
  endfacet
  facet normal 0 0 -1
    outer loop
      vertex 22.235704952 106 5
      vertex 14.280360125 104.042294278 5
      vertex 15.588457268 106 5
    endloop
  endfacet
  facet normal 0 0 -1
    outer loop
      vertex -14.280360125 104.042294278 5
      vertex -12.727922061 102.272077939 5
      vertex -20.298227719 102.272077939 5
    endloop
  endfacet
  facet normal 0 0 -1
    outer loop
      vertex -14.280360125 104.042294278 5
      vertex -20.298227719 102.272077939 5
      vertex -20.784609691 103 5
    endloop
  endfacet
  facet normal 0 0 -1
    outer loop
      vertex -14.280360125 104.042294278 5
      vertex -20.784609691 103 5
      vertex -21.298612347 104.042294278 5
    endloop
  endfacet
  facet normal 0 0 -1
    outer loop
      vertex 21.298612347 104.042294278 5
      vertex 20.784609691 103 5
      vertex 20.298227719 102.272077939 5
    endloop
  endfacet
  facet normal 0 0 -1
    outer loop
      vertex 21.298612347 104.042294278 5
      vertex 20.298227719 102.272077939 5
      vertex 12.727922061 102.272077939 5
    endloop
  endfacet
  facet normal 0 0 -1
    outer loop
      vertex 21.298612347 104.042294278 5
      vertex 12.727922061 102.272077939 5
      vertex 14.280360125 104.042294278 5
    endloop
  endfacet
  facet normal 0 0 -1
    outer loop
      vertex -12.727922061 102.272077939 5
      vertex -10.957705722 100.719639875 5
      vertex -19.260921768 100.719639875 5
    endloop
  endfacet
  facet normal 0 0 -1
    outer loop
      vertex -12.727922061 102.272077939 5
      vertex -19.260921768 100.719639875 5
      vertex -20.298227719 102.272077939 5
    endloop
  endfacet
  facet normal 0 0 -1
    outer loop
      vertex 20.298227719 102.272077939 5
      vertex 19.260921768 100.719639875 5
      vertex 10.957705722 100.719639875 5
    endloop
  endfacet
  facet normal 0 0 -1
    outer loop
      vertex 20.298227719 102.272077939 5
      vertex 10.957705722 100.719639875 5
      vertex 12.727922061 102.272077939 5
    endloop
  endfacet
  facet normal 0 0 -1
    outer loop
      vertex -10.957705722 100.719639875 5
      vertex -9 99.411542732 5
      vertex -18.182636724 99.411542732 5
    endloop
  endfacet
  facet normal 0 0 -1
    outer loop
      vertex -10.957705722 100.719639875 5
      vertex -18.182636724 99.411542732 5
      vertex -19.040480167 100.389725704 5
    endloop
  endfacet
  facet normal 0 0 -1
    outer loop
      vertex -10.957705722 100.719639875 5
      vertex -19.040480167 100.389725704 5
      vertex -19.260921768 100.719639875 5
    endloop
  endfacet
  facet normal 0 0 -1
    outer loop
      vertex 19.260921768 100.719639875 5
      vertex 19.040480167 100.389725704 5
      vertex 18.182636724 99.411542732 5
    endloop
  endfacet
  facet normal 0 0 -1
    outer loop
      vertex 19.260921768 100.719639875 5
      vertex 18.182636724 99.411542732 5
      vertex 9 99.411542732 5
    endloop
  endfacet
  facet normal 0 0 -1
    outer loop
      vertex 19.260921768 100.719639875 5
      vertex 9 99.411542732 5
      vertex 10.957705722 100.719639875 5
    endloop
  endfacet
  facet normal 0 0 -1
    outer loop
      vertex -9 99.411542732 5
      vertex -6.888301783 98.370168415 5
      vertex -17.269375959 98.370168415 5
    endloop
  endfacet
  facet normal 0 0 -1
    outer loop
      vertex -9 99.411542732 5
      vertex -17.269375959 98.370168415 5
      vertex -18.182636724 99.411542732 5
    endloop
  endfacet
  facet normal 0 0 -1
    outer loop
      vertex 18.182636724 99.411542732 5
      vertex 17.269375959 98.370168415 5
      vertex 6.888301783 98.370168415 5
    endloop
  endfacet
  facet normal 0 0 -1
    outer loop
      vertex 18.182636724 99.411542732 5
      vertex 6.888301783 98.370168415 5
      vertex 9 99.411542732 5
    endloop
  endfacet
  facet normal 0 0 -1
    outer loop
      vertex -6.888301783 98.370168415 5
      vertex -4.658742812 97.613335127 5
      vertex -16.496089211 97.613335127 5
    endloop
  endfacet
  facet normal 0 0 -1
    outer loop
      vertex -6.888301783 98.370168415 5
      vertex -16.496089211 97.613335127 5
      vertex -16.970562748 98.029437252 5
    endloop
  endfacet
  facet normal 0 0 -1
    outer loop
      vertex -6.888301783 98.370168415 5
      vertex -16.970562748 98.029437252 5
      vertex -17.269375959 98.370168415 5
    endloop
  endfacet
  facet normal 0 0 -1
    outer loop
      vertex 17.269375959 98.370168415 5
      vertex 16.970562748 98.029437252 5
      vertex 16.496089211 97.613335127 5
    endloop
  endfacet
  facet normal 0 0 -1
    outer loop
      vertex 17.269375959 98.370168415 5
      vertex 16.496089211 97.613335127 5
      vertex 4.658742812 97.613335127 5
    endloop
  endfacet
  facet normal 0 0 -1
    outer loop
      vertex 17.269375959 98.370168415 5
      vertex 4.658742812 97.613335127 5
      vertex 6.888301783 98.370168415 5
    endloop
  endfacet
  facet normal 0 0 -1
    outer loop
      vertex -4.658742812 97.613335127 5
      vertex -2.34947146 97.153992495 5
      vertex -15.972309325 97.153992495 5
    endloop
  endfacet
  facet normal 0 0 -1
    outer loop
      vertex -4.658742812 97.613335127 5
      vertex -15.972309325 97.153992495 5
      vertex -16.496089211 97.613335127 5
    endloop
  endfacet
  facet normal 0 0 -1
    outer loop
      vertex 16.496089211 97.613335127 5
      vertex 15.972309325 97.153992495 5
      vertex 2.34947146 97.153992495 5
    endloop
  endfacet
  facet normal 0 0 -1
    outer loop
      vertex 16.496089211 97.613335127 5
      vertex 2.34947146 97.153992495 5
      vertex 4.658742812 97.613335127 5
    endloop
  endfacet
  facet normal 0 0 -1
    outer loop
      vertex -2.34947146 97.153992495 5
      vertex 0 97 5
      vertex -15.796714538 97 5
    endloop
  endfacet
  facet normal 0 0 -1
    outer loop
      vertex -2.34947146 97.153992495 5
      vertex -15.796714538 97 5
      vertex -15.972309325 97.153992495 5
    endloop
  endfacet
  facet normal 0 0 -1
    outer loop
      vertex 15.972309325 97.153992495 5
      vertex 15.796714538 97 5
      vertex 0 97 5
    endloop
  endfacet
  facet normal 0 0 -1
    outer loop
      vertex 15.972309325 97.153992495 5
      vertex 0 97 5
      vertex 2.34947146 97.153992495 5
    endloop
  endfacet
  facet normal 0 0 -1
    outer loop
      vertex 15.796714538 97 5
      vertex 14.610274296 95.959519833 5
      vertex 12 94.215390309 5
    endloop
  endfacet
  facet normal 0 0 -1
    outer loop
      vertex 15.796714538 97 5
      vertex 12 94.215390309 5
      vertex 9.184402377 92.82689122 5
    endloop
  endfacet
  facet normal 0 0 -1
    outer loop
      vertex 15.796714538 97 5
      vertex 9.184402377 92.82689122 5
      vertex 6.211657082 91.817780169 5
    endloop
  endfacet
  facet normal 0 0 -1
    outer loop
      vertex 15.796714538 97 5
      vertex 6.211657082 91.817780169 5
      vertex 3.132628613 91.205323327 5
    endloop
  endfacet
  facet normal 0 0 -1
    outer loop
      vertex 15.796714538 97 5
      vertex 3.132628613 91.205323327 5
      vertex 0 91 5
    endloop
  endfacet
  facet normal 0 0 -1
    outer loop
      vertex 15.796714538 97 5
      vertex 0 91 5
      vertex -3.132628613 91.205323327 5
    endloop
  endfacet
  facet normal 0 0 -1
    outer loop
      vertex 15.796714538 97 5
      vertex -3.132628613 91.205323327 5
      vertex -6.211657082 91.817780169 5
    endloop
  endfacet
  facet normal 0 0 -1
    outer loop
      vertex 15.796714538 97 5
      vertex -6.211657082 91.817780169 5
      vertex -9.184402377 92.82689122 5
    endloop
  endfacet
  facet normal 0 0 -1
    outer loop
      vertex 15.796714538 97 5
      vertex -9.184402377 92.82689122 5
      vertex -12 94.215390309 5
    endloop
  endfacet
  facet normal 0 0 -1
    outer loop
      vertex 15.796714538 97 5
      vertex -12 94.215390309 5
      vertex -14.610274296 95.959519833 5
    endloop
  endfacet
  facet normal 0 0 -1
    outer loop
      vertex 15.796714538 97 5
      vertex -14.610274296 95.959519833 5
      vertex -15.796714538 97 5
    endloop
  endfacet
  facet normal -0.997858923 0.065403129 0
    outer loop
      vertex 18 115 9
      vertex 18 115 5
      vertex 17.846007505 112.65052854 5
    endloop
  endfacet
  facet normal -0.997858923 0.065403129 0
    outer loop
      vertex 18 115 9
      vertex 17.846007505 112.65052854 5
      vertex 17.846007505 112.65052854 9
    endloop
  endfacet
  facet normal -0.997858923 -0.065403129 0
    outer loop
      vertex 17.846007505 117.34947146 9
      vertex 17.846007505 117.34947146 5
      vertex 18 115 5
    endloop
  endfacet
  facet normal -0.997858923 -0.065403129 0
    outer loop
      vertex 17.846007505 117.34947146 9
      vertex 18 115 5
      vertex 18 115 9
    endloop
  endfacet
  facet normal -0.98078528 -0.195090322 0
    outer loop
      vertex 17.386664873 119.658742812 9
      vertex 17.386664873 119.658742812 5
      vertex 17.846007505 117.34947146 5
    endloop
  endfacet
  facet normal -0.98078528 -0.195090322 0
    outer loop
      vertex 17.386664873 119.658742812 9
      vertex 17.846007505 117.34947146 5
      vertex 17.846007505 117.34947146 9
    endloop
  endfacet
  facet normal -0.946930129 -0.321439465 0
    outer loop
      vertex 16.629831585 121.888301783 9
      vertex 16.629831585 121.888301783 5
      vertex 17.386664873 119.658742812 5
    endloop
  endfacet
  facet normal -0.946930129 -0.321439465 0
    outer loop
      vertex 16.629831585 121.888301783 9
      vertex 17.386664873 119.658742812 5
      vertex 17.386664873 119.658742812 9
    endloop
  endfacet
  facet normal -0.896872742 -0.44228869 0
    outer loop
      vertex 15.588457268 124 9
      vertex 15.588457268 124 5
      vertex 16.629831585 121.888301783 5
    endloop
  endfacet
  facet normal -0.896872742 -0.44228869 0
    outer loop
      vertex 15.588457268 124 9
      vertex 16.629831585 121.888301783 5
      vertex 16.629831585 121.888301783 9
    endloop
  endfacet
  facet normal -0.831469612 -0.555570233 0
    outer loop
      vertex 14.280360125 125.957705722 9
      vertex 14.280360125 125.957705722 5
      vertex 15.588457268 124 5
    endloop
  endfacet
  facet normal -0.831469612 -0.555570233 0
    outer loop
      vertex 14.280360125 125.957705722 9
      vertex 15.588457268 124 5
      vertex 15.588457268 124 9
    endloop
  endfacet
  facet normal -0.751839807 -0.659345815 0
    outer loop
      vertex 12.727922061 127.727922061 9
      vertex 12.727922061 127.727922061 5
      vertex 14.280360125 125.957705722 5
    endloop
  endfacet
  facet normal -0.751839807 -0.659345815 0
    outer loop
      vertex 12.727922061 127.727922061 9
      vertex 14.280360125 125.957705722 5
      vertex 14.280360125 125.957705722 9
    endloop
  endfacet
  facet normal -0.659345815 -0.751839807 0
    outer loop
      vertex 10.957705722 129.280360125 9
      vertex 10.957705722 129.280360125 5
      vertex 12.727922061 127.727922061 5
    endloop
  endfacet
  facet normal -0.659345815 -0.751839807 0
    outer loop
      vertex 10.957705722 129.280360125 9
      vertex 12.727922061 127.727922061 5
      vertex 12.727922061 127.727922061 9
    endloop
  endfacet
  facet normal -0.555570233 -0.831469612 0
    outer loop
      vertex 9 130.588457268 9
      vertex 9 130.588457268 5
      vertex 10.957705722 129.280360125 5
    endloop
  endfacet
  facet normal -0.555570233 -0.831469612 0
    outer loop
      vertex 9 130.588457268 9
      vertex 10.957705722 129.280360125 5
      vertex 10.957705722 129.280360125 9
    endloop
  endfacet
  facet normal -0.44228869 -0.896872742 0
    outer loop
      vertex 6.888301783 131.629831585 9
      vertex 6.888301783 131.629831585 5
      vertex 9 130.588457268 5
    endloop
  endfacet
  facet normal -0.44228869 -0.896872742 0
    outer loop
      vertex 6.888301783 131.629831585 9
      vertex 9 130.588457268 5
      vertex 9 130.588457268 9
    endloop
  endfacet
  facet normal -0.321439465 -0.946930129 0
    outer loop
      vertex 4.658742812 132.386664873 9
      vertex 4.658742812 132.386664873 5
      vertex 6.888301783 131.629831585 5
    endloop
  endfacet
  facet normal -0.321439465 -0.946930129 0
    outer loop
      vertex 4.658742812 132.386664873 9
      vertex 6.888301783 131.629831585 5
      vertex 6.888301783 131.629831585 9
    endloop
  endfacet
  facet normal -0.195090322 -0.98078528 0
    outer loop
      vertex 2.34947146 132.846007505 9
      vertex 2.34947146 132.846007505 5
      vertex 4.658742812 132.386664873 5
    endloop
  endfacet
  facet normal -0.195090322 -0.98078528 0
    outer loop
      vertex 2.34947146 132.846007505 9
      vertex 4.658742812 132.386664873 5
      vertex 4.658742812 132.386664873 9
    endloop
  endfacet
  facet normal -0.065403129 -0.997858923 0
    outer loop
      vertex 0 133 9
      vertex 0 133 5
      vertex 2.34947146 132.846007505 5
    endloop
  endfacet
  facet normal -0.065403129 -0.997858923 0
    outer loop
      vertex 0 133 9
      vertex 2.34947146 132.846007505 5
      vertex 2.34947146 132.846007505 9
    endloop
  endfacet
  facet normal 0.065403129 -0.997858923 0
    outer loop
      vertex -2.34947146 132.846007505 9
      vertex -2.34947146 132.846007505 5
      vertex 0 133 5
    endloop
  endfacet
  facet normal 0.065403129 -0.997858923 0
    outer loop
      vertex -2.34947146 132.846007505 9
      vertex 0 133 5
      vertex 0 133 9
    endloop
  endfacet
  facet normal 0.195090322 -0.98078528 0
    outer loop
      vertex -4.658742812 132.386664873 9
      vertex -4.658742812 132.386664873 5
      vertex -2.34947146 132.846007505 5
    endloop
  endfacet
  facet normal 0.195090322 -0.98078528 0
    outer loop
      vertex -4.658742812 132.386664873 9
      vertex -2.34947146 132.846007505 5
      vertex -2.34947146 132.846007505 9
    endloop
  endfacet
  facet normal 0.321439465 -0.946930129 0
    outer loop
      vertex -6.888301783 131.629831585 9
      vertex -6.888301783 131.629831585 5
      vertex -4.658742812 132.386664873 5
    endloop
  endfacet
  facet normal 0.321439465 -0.946930129 0
    outer loop
      vertex -6.888301783 131.629831585 9
      vertex -4.658742812 132.386664873 5
      vertex -4.658742812 132.386664873 9
    endloop
  endfacet
  facet normal 0.44228869 -0.896872742 0
    outer loop
      vertex -9 130.588457268 9
      vertex -9 130.588457268 5
      vertex -6.888301783 131.629831585 5
    endloop
  endfacet
  facet normal 0.44228869 -0.896872742 0
    outer loop
      vertex -9 130.588457268 9
      vertex -6.888301783 131.629831585 5
      vertex -6.888301783 131.629831585 9
    endloop
  endfacet
  facet normal 0.555570233 -0.831469612 0
    outer loop
      vertex -10.957705722 129.280360125 9
      vertex -10.957705722 129.280360125 5
      vertex -9 130.588457268 5
    endloop
  endfacet
  facet normal 0.555570233 -0.831469612 0
    outer loop
      vertex -10.957705722 129.280360125 9
      vertex -9 130.588457268 5
      vertex -9 130.588457268 9
    endloop
  endfacet
  facet normal 0.659345815 -0.751839807 0
    outer loop
      vertex -12.727922061 127.727922061 9
      vertex -12.727922061 127.727922061 5
      vertex -10.957705722 129.280360125 5
    endloop
  endfacet
  facet normal 0.659345815 -0.751839807 0
    outer loop
      vertex -12.727922061 127.727922061 9
      vertex -10.957705722 129.280360125 5
      vertex -10.957705722 129.280360125 9
    endloop
  endfacet
  facet normal 0.751839807 -0.659345815 0
    outer loop
      vertex -14.280360125 125.957705722 9
      vertex -14.280360125 125.957705722 5
      vertex -12.727922061 127.727922061 5
    endloop
  endfacet
  facet normal 0.751839807 -0.659345815 0
    outer loop
      vertex -14.280360125 125.957705722 9
      vertex -12.727922061 127.727922061 5
      vertex -12.727922061 127.727922061 9
    endloop
  endfacet
  facet normal 0.831469612 -0.555570233 0
    outer loop
      vertex -15.588457268 124 9
      vertex -15.588457268 124 5
      vertex -14.280360125 125.957705722 5
    endloop
  endfacet
  facet normal 0.831469612 -0.555570233 0
    outer loop
      vertex -15.588457268 124 9
      vertex -14.280360125 125.957705722 5
      vertex -14.280360125 125.957705722 9
    endloop
  endfacet
  facet normal 0.896872742 -0.44228869 0
    outer loop
      vertex -16.629831585 121.888301783 9
      vertex -16.629831585 121.888301783 5
      vertex -15.588457268 124 5
    endloop
  endfacet
  facet normal 0.896872742 -0.44228869 0
    outer loop
      vertex -16.629831585 121.888301783 9
      vertex -15.588457268 124 5
      vertex -15.588457268 124 9
    endloop
  endfacet
  facet normal 0.946930129 -0.321439465 0
    outer loop
      vertex -17.386664873 119.658742812 9
      vertex -17.386664873 119.658742812 5
      vertex -16.629831585 121.888301783 5
    endloop
  endfacet
  facet normal 0.946930129 -0.321439465 0
    outer loop
      vertex -17.386664873 119.658742812 9
      vertex -16.629831585 121.888301783 5
      vertex -16.629831585 121.888301783 9
    endloop
  endfacet
  facet normal 0.98078528 -0.195090322 0
    outer loop
      vertex -17.846007505 117.34947146 9
      vertex -17.846007505 117.34947146 5
      vertex -17.386664873 119.658742812 5
    endloop
  endfacet
  facet normal 0.98078528 -0.195090322 0
    outer loop
      vertex -17.846007505 117.34947146 9
      vertex -17.386664873 119.658742812 5
      vertex -17.386664873 119.658742812 9
    endloop
  endfacet
  facet normal 0.997858923 -0.065403129 0
    outer loop
      vertex -18 115 9
      vertex -18 115 5
      vertex -17.846007505 117.34947146 5
    endloop
  endfacet
  facet normal 0.997858923 -0.065403129 0
    outer loop
      vertex -18 115 9
      vertex -17.846007505 117.34947146 5
      vertex -17.846007505 117.34947146 9
    endloop
  endfacet
  facet normal 0.997858923 0.065403129 0
    outer loop
      vertex -17.846007505 112.65052854 9
      vertex -17.846007505 112.65052854 5
      vertex -18 115 5
    endloop
  endfacet
  facet normal 0.997858923 0.065403129 0
    outer loop
      vertex -17.846007505 112.65052854 9
      vertex -18 115 5
      vertex -18 115 9
    endloop
  endfacet
  facet normal 0.98078528 0.195090322 0
    outer loop
      vertex -17.386664873 110.341257188 9
      vertex -17.386664873 110.341257188 5
      vertex -17.846007505 112.65052854 5
    endloop
  endfacet
  facet normal 0.98078528 0.195090322 0
    outer loop
      vertex -17.386664873 110.341257188 9
      vertex -17.846007505 112.65052854 5
      vertex -17.846007505 112.65052854 9
    endloop
  endfacet
  facet normal 0.946930129 0.321439465 0
    outer loop
      vertex -16.629831585 108.111698217 9
      vertex -16.629831585 108.111698217 5
      vertex -17.386664873 110.341257188 5
    endloop
  endfacet
  facet normal 0.946930129 0.321439465 0
    outer loop
      vertex -16.629831585 108.111698217 9
      vertex -17.386664873 110.341257188 5
      vertex -17.386664873 110.341257188 9
    endloop
  endfacet
  facet normal 0.896872742 0.44228869 0
    outer loop
      vertex -15.588457268 106 9
      vertex -15.588457268 106 5
      vertex -16.629831585 108.111698217 5
    endloop
  endfacet
  facet normal 0.896872742 0.44228869 0
    outer loop
      vertex -15.588457268 106 9
      vertex -16.629831585 108.111698217 5
      vertex -16.629831585 108.111698217 9
    endloop
  endfacet
  facet normal 0.831469612 0.555570233 0
    outer loop
      vertex -14.280360125 104.042294278 9
      vertex -14.280360125 104.042294278 5
      vertex -15.588457268 106 5
    endloop
  endfacet
  facet normal 0.831469612 0.555570233 0
    outer loop
      vertex -14.280360125 104.042294278 9
      vertex -15.588457268 106 5
      vertex -15.588457268 106 9
    endloop
  endfacet
  facet normal 0.751839807 0.659345815 0
    outer loop
      vertex -12.727922061 102.272077939 9
      vertex -12.727922061 102.272077939 5
      vertex -14.280360125 104.042294278 5
    endloop
  endfacet
  facet normal 0.751839807 0.659345815 0
    outer loop
      vertex -12.727922061 102.272077939 9
      vertex -14.280360125 104.042294278 5
      vertex -14.280360125 104.042294278 9
    endloop
  endfacet
  facet normal 0.659345815 0.751839807 0
    outer loop
      vertex -10.957705722 100.719639875 9
      vertex -10.957705722 100.719639875 5
      vertex -12.727922061 102.272077939 5
    endloop
  endfacet
  facet normal 0.659345815 0.751839807 0
    outer loop
      vertex -10.957705722 100.719639875 9
      vertex -12.727922061 102.272077939 5
      vertex -12.727922061 102.272077939 9
    endloop
  endfacet
  facet normal 0.555570233 0.831469612 0
    outer loop
      vertex -9 99.411542732 9
      vertex -9 99.411542732 5
      vertex -10.957705722 100.719639875 5
    endloop
  endfacet
  facet normal 0.555570233 0.831469612 0
    outer loop
      vertex -9 99.411542732 9
      vertex -10.957705722 100.719639875 5
      vertex -10.957705722 100.719639875 9
    endloop
  endfacet
  facet normal 0.44228869 0.896872742 0
    outer loop
      vertex -6.888301783 98.370168415 9
      vertex -6.888301783 98.370168415 5
      vertex -9 99.411542732 5
    endloop
  endfacet
  facet normal 0.44228869 0.896872742 0
    outer loop
      vertex -6.888301783 98.370168415 9
      vertex -9 99.411542732 5
      vertex -9 99.411542732 9
    endloop
  endfacet
  facet normal 0.321439465 0.946930129 0
    outer loop
      vertex -4.658742812 97.613335127 9
      vertex -4.658742812 97.613335127 5
      vertex -6.888301783 98.370168415 5
    endloop
  endfacet
  facet normal 0.321439465 0.946930129 0
    outer loop
      vertex -4.658742812 97.613335127 9
      vertex -6.888301783 98.370168415 5
      vertex -6.888301783 98.370168415 9
    endloop
  endfacet
  facet normal 0.195090322 0.98078528 0
    outer loop
      vertex -2.34947146 97.153992495 9
      vertex -2.34947146 97.153992495 5
      vertex -4.658742812 97.613335127 5
    endloop
  endfacet
  facet normal 0.195090322 0.98078528 0
    outer loop
      vertex -2.34947146 97.153992495 9
      vertex -4.658742812 97.613335127 5
      vertex -4.658742812 97.613335127 9
    endloop
  endfacet
  facet normal 0.065403129 0.997858923 0
    outer loop
      vertex 0 97 9
      vertex 0 97 5
      vertex -2.34947146 97.153992495 5
    endloop
  endfacet
  facet normal 0.065403129 0.997858923 0
    outer loop
      vertex 0 97 9
      vertex -2.34947146 97.153992495 5
      vertex -2.34947146 97.153992495 9
    endloop
  endfacet
  facet normal -0.065403129 0.997858923 0
    outer loop
      vertex 2.34947146 97.153992495 9
      vertex 2.34947146 97.153992495 5
      vertex 0 97 5
    endloop
  endfacet
  facet normal -0.065403129 0.997858923 0
    outer loop
      vertex 2.34947146 97.153992495 9
      vertex 0 97 5
      vertex 0 97 9
    endloop
  endfacet
  facet normal -0.195090322 0.98078528 0
    outer loop
      vertex 4.658742812 97.613335127 9
      vertex 4.658742812 97.613335127 5
      vertex 2.34947146 97.153992495 5
    endloop
  endfacet
  facet normal -0.195090322 0.98078528 0
    outer loop
      vertex 4.658742812 97.613335127 9
      vertex 2.34947146 97.153992495 5
      vertex 2.34947146 97.153992495 9
    endloop
  endfacet
  facet normal -0.321439465 0.946930129 0
    outer loop
      vertex 6.888301783 98.370168415 9
      vertex 6.888301783 98.370168415 5
      vertex 4.658742812 97.613335127 5
    endloop
  endfacet
  facet normal -0.321439465 0.946930129 0
    outer loop
      vertex 6.888301783 98.370168415 9
      vertex 4.658742812 97.613335127 5
      vertex 4.658742812 97.613335127 9
    endloop
  endfacet
  facet normal -0.44228869 0.896872742 0
    outer loop
      vertex 9 99.411542732 9
      vertex 9 99.411542732 5
      vertex 6.888301783 98.370168415 5
    endloop
  endfacet
  facet normal -0.44228869 0.896872742 0
    outer loop
      vertex 9 99.411542732 9
      vertex 6.888301783 98.370168415 5
      vertex 6.888301783 98.370168415 9
    endloop
  endfacet
  facet normal -0.555570233 0.831469612 0
    outer loop
      vertex 10.957705722 100.719639875 9
      vertex 10.957705722 100.719639875 5
      vertex 9 99.411542732 5
    endloop
  endfacet
  facet normal -0.555570233 0.831469612 0
    outer loop
      vertex 10.957705722 100.719639875 9
      vertex 9 99.411542732 5
      vertex 9 99.411542732 9
    endloop
  endfacet
  facet normal -0.659345815 0.751839807 0
    outer loop
      vertex 12.727922061 102.272077939 9
      vertex 12.727922061 102.272077939 5
      vertex 10.957705722 100.719639875 5
    endloop
  endfacet
  facet normal -0.659345815 0.751839807 0
    outer loop
      vertex 12.727922061 102.272077939 9
      vertex 10.957705722 100.719639875 5
      vertex 10.957705722 100.719639875 9
    endloop
  endfacet
  facet normal -0.751839807 0.659345815 0
    outer loop
      vertex 14.280360125 104.042294278 9
      vertex 14.280360125 104.042294278 5
      vertex 12.727922061 102.272077939 5
    endloop
  endfacet
  facet normal -0.751839807 0.659345815 0
    outer loop
      vertex 14.280360125 104.042294278 9
      vertex 12.727922061 102.272077939 5
      vertex 12.727922061 102.272077939 9
    endloop
  endfacet
  facet normal -0.831469612 0.555570233 0
    outer loop
      vertex 15.588457268 106 9
      vertex 15.588457268 106 5
      vertex 14.280360125 104.042294278 5
    endloop
  endfacet
  facet normal -0.831469612 0.555570233 0
    outer loop
      vertex 15.588457268 106 9
      vertex 14.280360125 104.042294278 5
      vertex 14.280360125 104.042294278 9
    endloop
  endfacet
  facet normal -0.896872742 0.44228869 0
    outer loop
      vertex 16.629831585 108.111698217 9
      vertex 16.629831585 108.111698217 5
      vertex 15.588457268 106 5
    endloop
  endfacet
  facet normal -0.896872742 0.44228869 0
    outer loop
      vertex 16.629831585 108.111698217 9
      vertex 15.588457268 106 5
      vertex 15.588457268 106 9
    endloop
  endfacet
  facet normal -0.946930129 0.321439465 0
    outer loop
      vertex 17.386664873 110.341257188 9
      vertex 17.386664873 110.341257188 5
      vertex 16.629831585 108.111698217 5
    endloop
  endfacet
  facet normal -0.946930129 0.321439465 0
    outer loop
      vertex 17.386664873 110.341257188 9
      vertex 16.629831585 108.111698217 5
      vertex 16.629831585 108.111698217 9
    endloop
  endfacet
  facet normal -0.98078528 0.195090322 0
    outer loop
      vertex 17.846007505 112.65052854 9
      vertex 17.846007505 112.65052854 5
      vertex 17.386664873 110.341257188 5
    endloop
  endfacet
  facet normal -0.98078528 0.195090322 0
    outer loop
      vertex 17.846007505 112.65052854 9
      vertex 17.386664873 110.341257188 5
      vertex 17.386664873 110.341257188 9
    endloop
  endfacet
  facet normal 0.997858923 -0.065403129 0
    outer loop
      vertex 23.794676673 -118.132628613 9
      vertex 23.794676673 -118.132628613 5
      vertex 24 -115 5
    endloop
  endfacet
  facet normal 0.997858923 -0.065403129 0
    outer loop
      vertex 23.794676673 -118.132628613 9
      vertex 24 -115 5
      vertex 24 -115 9
    endloop
  endfacet
  facet normal 0.997858923 0.065403129 0
    outer loop
      vertex 24 -115 9
      vertex 24 -115 5
      vertex 23.794676673 -111.867371387 5
    endloop
  endfacet
  facet normal 0.997858923 0.065403129 0
    outer loop
      vertex 24 -115 9
      vertex 23.794676673 -111.867371387 5
      vertex 23.794676673 -111.867371387 9
    endloop
  endfacet
  facet normal 0.98078528 0.195090322 0
    outer loop
      vertex 23.794676673 -111.867371387 9
      vertex 23.794676673 -111.867371387 5
      vertex 23.182219831 -108.788342918 5
    endloop
  endfacet
  facet normal 0.98078528 0.195090322 0
    outer loop
      vertex 23.794676673 -111.867371387 9
      vertex 23.182219831 -108.788342918 5
      vertex 23.182219831 -108.788342918 9
    endloop
  endfacet
  facet normal 0.946930129 0.321439465 0
    outer loop
      vertex 23.182219831 -108.788342918 9
      vertex 23.182219831 -108.788342918 5
      vertex 22.17310878 -105.815597623 5
    endloop
  endfacet
  facet normal 0.946930129 0.321439465 0
    outer loop
      vertex 23.182219831 -108.788342918 9
      vertex 22.17310878 -105.815597623 5
      vertex 22.17310878 -105.815597623 9
    endloop
  endfacet
  facet normal 0.896872742 0.44228869 0
    outer loop
      vertex 22.17310878 -105.815597623 9
      vertex 22.17310878 -105.815597623 5
      vertex 20.784609691 -103 5
    endloop
  endfacet
  facet normal 0.896872742 0.44228869 0
    outer loop
      vertex 22.17310878 -105.815597623 9
      vertex 20.784609691 -103 5
      vertex 20.784609691 -103 9
    endloop
  endfacet
  facet normal 0.831469612 0.555570233 0
    outer loop
      vertex 20.784609691 -103 9
      vertex 20.784609691 -103 5
      vertex 19.040480167 -100.389725704 5
    endloop
  endfacet
  facet normal 0.831469612 0.555570233 0
    outer loop
      vertex 20.784609691 -103 9
      vertex 19.040480167 -100.389725704 5
      vertex 19.040480167 -100.389725704 9
    endloop
  endfacet
  facet normal 0.751839807 0.659345815 0
    outer loop
      vertex 19.040480167 -100.389725704 9
      vertex 19.040480167 -100.389725704 5
      vertex 16.970562748 -98.029437252 5
    endloop
  endfacet
  facet normal 0.751839807 0.659345815 0
    outer loop
      vertex 19.040480167 -100.389725704 9
      vertex 16.970562748 -98.029437252 5
      vertex 16.970562748 -98.029437252 9
    endloop
  endfacet
  facet normal 0.659345815 0.751839807 0
    outer loop
      vertex 16.970562748 -98.029437252 9
      vertex 16.970562748 -98.029437252 5
      vertex 14.610274296 -95.959519833 5
    endloop
  endfacet
  facet normal 0.659345815 0.751839807 0
    outer loop
      vertex 16.970562748 -98.029437252 9
      vertex 14.610274296 -95.959519833 5
      vertex 14.610274296 -95.959519833 9
    endloop
  endfacet
  facet normal 0.555570233 0.831469612 0
    outer loop
      vertex 14.610274296 -95.959519833 9
      vertex 14.610274296 -95.959519833 5
      vertex 12 -94.215390309 5
    endloop
  endfacet
  facet normal 0.555570233 0.831469612 0
    outer loop
      vertex 14.610274296 -95.959519833 9
      vertex 12 -94.215390309 5
      vertex 12 -94.215390309 9
    endloop
  endfacet
  facet normal 0.44228869 0.896872742 0
    outer loop
      vertex 12 -94.215390309 9
      vertex 12 -94.215390309 5
      vertex 9.184402377 -92.82689122 5
    endloop
  endfacet
  facet normal 0.44228869 0.896872742 0
    outer loop
      vertex 12 -94.215390309 9
      vertex 9.184402377 -92.82689122 5
      vertex 9.184402377 -92.82689122 9
    endloop
  endfacet
  facet normal 0.321439465 0.946930129 0
    outer loop
      vertex 9.184402377 -92.82689122 9
      vertex 9.184402377 -92.82689122 5
      vertex 6.211657082 -91.817780169 5
    endloop
  endfacet
  facet normal 0.321439465 0.946930129 0
    outer loop
      vertex 9.184402377 -92.82689122 9
      vertex 6.211657082 -91.817780169 5
      vertex 6.211657082 -91.817780169 9
    endloop
  endfacet
  facet normal 0.195090322 0.98078528 0
    outer loop
      vertex 6.211657082 -91.817780169 9
      vertex 6.211657082 -91.817780169 5
      vertex 3.132628613 -91.205323327 5
    endloop
  endfacet
  facet normal 0.195090322 0.98078528 0
    outer loop
      vertex 6.211657082 -91.817780169 9
      vertex 3.132628613 -91.205323327 5
      vertex 3.132628613 -91.205323327 9
    endloop
  endfacet
  facet normal 0.065403129 0.997858923 0
    outer loop
      vertex 3.132628613 -91.205323327 9
      vertex 3.132628613 -91.205323327 5
      vertex 0 -91 5
    endloop
  endfacet
  facet normal 0.065403129 0.997858923 0
    outer loop
      vertex 3.132628613 -91.205323327 9
      vertex 0 -91 5
      vertex 0 -91 9
    endloop
  endfacet
  facet normal -0.065403129 0.997858923 0
    outer loop
      vertex 0 -91 9
      vertex 0 -91 5
      vertex -3.132628613 -91.205323327 5
    endloop
  endfacet
  facet normal -0.065403129 0.997858923 0
    outer loop
      vertex 0 -91 9
      vertex -3.132628613 -91.205323327 5
      vertex -3.132628613 -91.205323327 9
    endloop
  endfacet
  facet normal -0.195090322 0.98078528 0
    outer loop
      vertex -3.132628613 -91.205323327 9
      vertex -3.132628613 -91.205323327 5
      vertex -6.211657082 -91.817780169 5
    endloop
  endfacet
  facet normal -0.195090322 0.98078528 0
    outer loop
      vertex -3.132628613 -91.205323327 9
      vertex -6.211657082 -91.817780169 5
      vertex -6.211657082 -91.817780169 9
    endloop
  endfacet
  facet normal -0.321439465 0.946930129 0
    outer loop
      vertex -6.211657082 -91.817780169 9
      vertex -6.211657082 -91.817780169 5
      vertex -9.184402377 -92.82689122 5
    endloop
  endfacet
  facet normal -0.321439465 0.946930129 0
    outer loop
      vertex -6.211657082 -91.817780169 9
      vertex -9.184402377 -92.82689122 5
      vertex -9.184402377 -92.82689122 9
    endloop
  endfacet
  facet normal -0.44228869 0.896872742 0
    outer loop
      vertex -9.184402377 -92.82689122 9
      vertex -9.184402377 -92.82689122 5
      vertex -12 -94.215390309 5
    endloop
  endfacet
  facet normal -0.44228869 0.896872742 0
    outer loop
      vertex -9.184402377 -92.82689122 9
      vertex -12 -94.215390309 5
      vertex -12 -94.215390309 9
    endloop
  endfacet
  facet normal -0.555570233 0.831469612 0
    outer loop
      vertex -12 -94.215390309 9
      vertex -12 -94.215390309 5
      vertex -14.610274296 -95.959519833 5
    endloop
  endfacet
  facet normal -0.555570233 0.831469612 0
    outer loop
      vertex -12 -94.215390309 9
      vertex -14.610274296 -95.959519833 5
      vertex -14.610274296 -95.959519833 9
    endloop
  endfacet
  facet normal -0.659345815 0.751839807 0
    outer loop
      vertex -14.610274296 -95.959519833 9
      vertex -14.610274296 -95.959519833 5
      vertex -16.970562748 -98.029437252 5
    endloop
  endfacet
  facet normal -0.659345815 0.751839807 0
    outer loop
      vertex -14.610274296 -95.959519833 9
      vertex -16.970562748 -98.029437252 5
      vertex -16.970562748 -98.029437252 9
    endloop
  endfacet
  facet normal -0.751839807 0.659345815 0
    outer loop
      vertex -16.970562748 -98.029437252 9
      vertex -16.970562748 -98.029437252 5
      vertex -19.040480167 -100.389725704 5
    endloop
  endfacet
  facet normal -0.751839807 0.659345815 0
    outer loop
      vertex -16.970562748 -98.029437252 9
      vertex -19.040480167 -100.389725704 5
      vertex -19.040480167 -100.389725704 9
    endloop
  endfacet
  facet normal -0.831469612 0.555570233 0
    outer loop
      vertex -19.040480167 -100.389725704 9
      vertex -19.040480167 -100.389725704 5
      vertex -20.784609691 -103 5
    endloop
  endfacet
  facet normal -0.831469612 0.555570233 0
    outer loop
      vertex -19.040480167 -100.389725704 9
      vertex -20.784609691 -103 5
      vertex -20.784609691 -103 9
    endloop
  endfacet
  facet normal -0.896872742 0.44228869 0
    outer loop
      vertex -20.784609691 -103 9
      vertex -20.784609691 -103 5
      vertex -22.17310878 -105.815597623 5
    endloop
  endfacet
  facet normal -0.896872742 0.44228869 0
    outer loop
      vertex -20.784609691 -103 9
      vertex -22.17310878 -105.815597623 5
      vertex -22.17310878 -105.815597623 9
    endloop
  endfacet
  facet normal -0.946930129 0.321439465 0
    outer loop
      vertex -22.17310878 -105.815597623 9
      vertex -22.17310878 -105.815597623 5
      vertex -23.182219831 -108.788342918 5
    endloop
  endfacet
  facet normal -0.946930129 0.321439465 0
    outer loop
      vertex -22.17310878 -105.815597623 9
      vertex -23.182219831 -108.788342918 5
      vertex -23.182219831 -108.788342918 9
    endloop
  endfacet
  facet normal -0.98078528 0.195090322 0
    outer loop
      vertex -23.182219831 -108.788342918 9
      vertex -23.182219831 -108.788342918 5
      vertex -23.794676673 -111.867371387 5
    endloop
  endfacet
  facet normal -0.98078528 0.195090322 0
    outer loop
      vertex -23.182219831 -108.788342918 9
      vertex -23.794676673 -111.867371387 5
      vertex -23.794676673 -111.867371387 9
    endloop
  endfacet
  facet normal -0.997858923 0.065403129 0
    outer loop
      vertex -23.794676673 -111.867371387 9
      vertex -23.794676673 -111.867371387 5
      vertex -24 -115 5
    endloop
  endfacet
  facet normal -0.997858923 0.065403129 0
    outer loop
      vertex -23.794676673 -111.867371387 9
      vertex -24 -115 5
      vertex -24 -115 9
    endloop
  endfacet
  facet normal -0.997858923 -0.065403129 0
    outer loop
      vertex -24 -115 9
      vertex -24 -115 5
      vertex -23.794676673 -118.132628613 5
    endloop
  endfacet
  facet normal -0.997858923 -0.065403129 0
    outer loop
      vertex -24 -115 9
      vertex -23.794676673 -118.132628613 5
      vertex -23.794676673 -118.132628613 9
    endloop
  endfacet
  facet normal -0.98078528 -0.195090322 0
    outer loop
      vertex -23.794676673 -118.132628613 9
      vertex -23.794676673 -118.132628613 5
      vertex -23.182219831 -121.211657082 5
    endloop
  endfacet
  facet normal -0.98078528 -0.195090322 0
    outer loop
      vertex -23.794676673 -118.132628613 9
      vertex -23.182219831 -121.211657082 5
      vertex -23.182219831 -121.211657082 9
    endloop
  endfacet
  facet normal -0.946930129 -0.321439465 0
    outer loop
      vertex -23.182219831 -121.211657082 9
      vertex -23.182219831 -121.211657082 5
      vertex -22.17310878 -124.184402377 5
    endloop
  endfacet
  facet normal -0.946930129 -0.321439465 0
    outer loop
      vertex -23.182219831 -121.211657082 9
      vertex -22.17310878 -124.184402377 5
      vertex -22.17310878 -124.184402377 9
    endloop
  endfacet
  facet normal -0.896872742 -0.44228869 0
    outer loop
      vertex -22.17310878 -124.184402377 9
      vertex -22.17310878 -124.184402377 5
      vertex -20.784609691 -127 5
    endloop
  endfacet
  facet normal -0.896872742 -0.44228869 0
    outer loop
      vertex -22.17310878 -124.184402377 9
      vertex -20.784609691 -127 5
      vertex -20.784609691 -127 9
    endloop
  endfacet
  facet normal -0.831469612 -0.555570233 0
    outer loop
      vertex -20.784609691 -127 9
      vertex -20.784609691 -127 5
      vertex -19.040480167 -129.610274296 5
    endloop
  endfacet
  facet normal -0.831469612 -0.555570233 0
    outer loop
      vertex -20.784609691 -127 9
      vertex -19.040480167 -129.610274296 5
      vertex -19.040480167 -129.610274296 9
    endloop
  endfacet
  facet normal -0.751839807 -0.659345815 0
    outer loop
      vertex -19.040480167 -129.610274296 9
      vertex -19.040480167 -129.610274296 5
      vertex -16.970562748 -131.970562748 5
    endloop
  endfacet
  facet normal -0.751839807 -0.659345815 0
    outer loop
      vertex -19.040480167 -129.610274296 9
      vertex -16.970562748 -131.970562748 5
      vertex -16.970562748 -131.970562748 9
    endloop
  endfacet
  facet normal -0.659345815 -0.751839807 0
    outer loop
      vertex -16.970562748 -131.970562748 9
      vertex -16.970562748 -131.970562748 5
      vertex -14.610274296 -134.040480167 5
    endloop
  endfacet
  facet normal -0.659345815 -0.751839807 0
    outer loop
      vertex -16.970562748 -131.970562748 9
      vertex -14.610274296 -134.040480167 5
      vertex -14.610274296 -134.040480167 9
    endloop
  endfacet
  facet normal -0.555570233 -0.831469612 0
    outer loop
      vertex -14.610274296 -134.040480167 9
      vertex -14.610274296 -134.040480167 5
      vertex -12 -135.784609691 5
    endloop
  endfacet
  facet normal -0.555570233 -0.831469612 0
    outer loop
      vertex -14.610274296 -134.040480167 9
      vertex -12 -135.784609691 5
      vertex -12 -135.784609691 9
    endloop
  endfacet
  facet normal -0.44228869 -0.896872742 0
    outer loop
      vertex -12 -135.784609691 9
      vertex -12 -135.784609691 5
      vertex -9.184402377 -137.17310878 5
    endloop
  endfacet
  facet normal -0.44228869 -0.896872742 0
    outer loop
      vertex -12 -135.784609691 9
      vertex -9.184402377 -137.17310878 5
      vertex -9.184402377 -137.17310878 9
    endloop
  endfacet
  facet normal -0.321439465 -0.946930129 0
    outer loop
      vertex -9.184402377 -137.17310878 9
      vertex -9.184402377 -137.17310878 5
      vertex -6.211657082 -138.182219831 5
    endloop
  endfacet
  facet normal -0.321439465 -0.946930129 0
    outer loop
      vertex -9.184402377 -137.17310878 9
      vertex -6.211657082 -138.182219831 5
      vertex -6.211657082 -138.182219831 9
    endloop
  endfacet
  facet normal -0.195090322 -0.98078528 0
    outer loop
      vertex -6.211657082 -138.182219831 9
      vertex -6.211657082 -138.182219831 5
      vertex -3.132628613 -138.794676673 5
    endloop
  endfacet
  facet normal -0.195090322 -0.98078528 0
    outer loop
      vertex -6.211657082 -138.182219831 9
      vertex -3.132628613 -138.794676673 5
      vertex -3.132628613 -138.794676673 9
    endloop
  endfacet
  facet normal -0.065403129 -0.997858923 0
    outer loop
      vertex -3.132628613 -138.794676673 9
      vertex -3.132628613 -138.794676673 5
      vertex 0 -139 5
    endloop
  endfacet
  facet normal -0.065403129 -0.997858923 0
    outer loop
      vertex -3.132628613 -138.794676673 9
      vertex 0 -139 5
      vertex 0 -139 9
    endloop
  endfacet
  facet normal 0.065403129 -0.997858923 0
    outer loop
      vertex 0 -139 9
      vertex 0 -139 5
      vertex 3.132628613 -138.794676673 5
    endloop
  endfacet
  facet normal 0.065403129 -0.997858923 0
    outer loop
      vertex 0 -139 9
      vertex 3.132628613 -138.794676673 5
      vertex 3.132628613 -138.794676673 9
    endloop
  endfacet
  facet normal 0.195090322 -0.98078528 0
    outer loop
      vertex 3.132628613 -138.794676673 9
      vertex 3.132628613 -138.794676673 5
      vertex 6.211657082 -138.182219831 5
    endloop
  endfacet
  facet normal 0.195090322 -0.98078528 0
    outer loop
      vertex 3.132628613 -138.794676673 9
      vertex 6.211657082 -138.182219831 5
      vertex 6.211657082 -138.182219831 9
    endloop
  endfacet
  facet normal 0.321439465 -0.946930129 0
    outer loop
      vertex 6.211657082 -138.182219831 9
      vertex 6.211657082 -138.182219831 5
      vertex 9.184402377 -137.17310878 5
    endloop
  endfacet
  facet normal 0.321439465 -0.946930129 0
    outer loop
      vertex 6.211657082 -138.182219831 9
      vertex 9.184402377 -137.17310878 5
      vertex 9.184402377 -137.17310878 9
    endloop
  endfacet
  facet normal 0.44228869 -0.896872742 0
    outer loop
      vertex 9.184402377 -137.17310878 9
      vertex 9.184402377 -137.17310878 5
      vertex 12 -135.784609691 5
    endloop
  endfacet
  facet normal 0.44228869 -0.896872742 0
    outer loop
      vertex 9.184402377 -137.17310878 9
      vertex 12 -135.784609691 5
      vertex 12 -135.784609691 9
    endloop
  endfacet
  facet normal 0.555570233 -0.831469612 0
    outer loop
      vertex 12 -135.784609691 9
      vertex 12 -135.784609691 5
      vertex 14.610274296 -134.040480167 5
    endloop
  endfacet
  facet normal 0.555570233 -0.831469612 0
    outer loop
      vertex 12 -135.784609691 9
      vertex 14.610274296 -134.040480167 5
      vertex 14.610274296 -134.040480167 9
    endloop
  endfacet
  facet normal 0.659345815 -0.751839807 0
    outer loop
      vertex 14.610274296 -134.040480167 9
      vertex 14.610274296 -134.040480167 5
      vertex 16.970562748 -131.970562748 5
    endloop
  endfacet
  facet normal 0.659345815 -0.751839807 0
    outer loop
      vertex 14.610274296 -134.040480167 9
      vertex 16.970562748 -131.970562748 5
      vertex 16.970562748 -131.970562748 9
    endloop
  endfacet
  facet normal 0.751839807 -0.659345815 0
    outer loop
      vertex 16.970562748 -131.970562748 9
      vertex 16.970562748 -131.970562748 5
      vertex 19.040480167 -129.610274296 5
    endloop
  endfacet
  facet normal 0.751839807 -0.659345815 0
    outer loop
      vertex 16.970562748 -131.970562748 9
      vertex 19.040480167 -129.610274296 5
      vertex 19.040480167 -129.610274296 9
    endloop
  endfacet
  facet normal 0.831469612 -0.555570233 0
    outer loop
      vertex 19.040480167 -129.610274296 9
      vertex 19.040480167 -129.610274296 5
      vertex 20.784609691 -127 5
    endloop
  endfacet
  facet normal 0.831469612 -0.555570233 0
    outer loop
      vertex 19.040480167 -129.610274296 9
      vertex 20.784609691 -127 5
      vertex 20.784609691 -127 9
    endloop
  endfacet
  facet normal 0.896872742 -0.44228869 0
    outer loop
      vertex 20.784609691 -127 9
      vertex 20.784609691 -127 5
      vertex 22.17310878 -124.184402377 5
    endloop
  endfacet
  facet normal 0.896872742 -0.44228869 0
    outer loop
      vertex 20.784609691 -127 9
      vertex 22.17310878 -124.184402377 5
      vertex 22.17310878 -124.184402377 9
    endloop
  endfacet
  facet normal 0.946930129 -0.321439465 0
    outer loop
      vertex 22.17310878 -124.184402377 9
      vertex 22.17310878 -124.184402377 5
      vertex 23.182219831 -121.211657082 5
    endloop
  endfacet
  facet normal 0.946930129 -0.321439465 0
    outer loop
      vertex 22.17310878 -124.184402377 9
      vertex 23.182219831 -121.211657082 5
      vertex 23.182219831 -121.211657082 9
    endloop
  endfacet
  facet normal 0.98078528 -0.195090322 0
    outer loop
      vertex 23.182219831 -121.211657082 9
      vertex 23.182219831 -121.211657082 5
      vertex 23.794676673 -118.132628613 5
    endloop
  endfacet
  facet normal 0.98078528 -0.195090322 0
    outer loop
      vertex 23.182219831 -121.211657082 9
      vertex 23.794676673 -118.132628613 5
      vertex 23.794676673 -118.132628613 9
    endloop
  endfacet
  facet normal 0 0 1
    outer loop
      vertex -3.132628613 -91.205323327 9
      vertex -6.211657082 -91.817780169 9
      vertex -9.184402377 -92.82689122 9
    endloop
  endfacet
  facet normal 0 0 1
    outer loop
      vertex -3.132628613 -91.205323327 9
      vertex -9.184402377 -92.82689122 9
      vertex -12 -94.215390309 9
    endloop
  endfacet
  facet normal 0 0 1
    outer loop
      vertex -3.132628613 -91.205323327 9
      vertex -12 -94.215390309 9
      vertex -14.610274296 -95.959519833 9
    endloop
  endfacet
  facet normal 0 0 1
    outer loop
      vertex -3.132628613 -91.205323327 9
      vertex -14.610274296 -95.959519833 9
      vertex -15.796714538 -97 9
    endloop
  endfacet
  facet normal 0 0 1
    outer loop
      vertex -3.132628613 -91.205323327 9
      vertex -15.796714538 -97 9
      vertex 15.796714538 -97 9
    endloop
  endfacet
  facet normal 0 0 1
    outer loop
      vertex -3.132628613 -91.205323327 9
      vertex 15.796714538 -97 9
      vertex 14.610274296 -95.959519833 9
    endloop
  endfacet
  facet normal 0 0 1
    outer loop
      vertex -3.132628613 -91.205323327 9
      vertex 14.610274296 -95.959519833 9
      vertex 12 -94.215390309 9
    endloop
  endfacet
  facet normal 0 0 1
    outer loop
      vertex -3.132628613 -91.205323327 9
      vertex 12 -94.215390309 9
      vertex 9.184402377 -92.82689122 9
    endloop
  endfacet
  facet normal 0 0 1
    outer loop
      vertex -3.132628613 -91.205323327 9
      vertex 9.184402377 -92.82689122 9
      vertex 6.211657082 -91.817780169 9
    endloop
  endfacet
  facet normal 0 0 1
    outer loop
      vertex -3.132628613 -91.205323327 9
      vertex 6.211657082 -91.817780169 9
      vertex 3.132628613 -91.205323327 9
    endloop
  endfacet
  facet normal 0 0 1
    outer loop
      vertex -3.132628613 -91.205323327 9
      vertex 3.132628613 -91.205323327 9
      vertex 0 -91 9
    endloop
  endfacet
  facet normal 0 0 1
    outer loop
      vertex 0 -97 9
      vertex 2.34947146 -97.153992495 9
      vertex 15.972309325 -97.153992495 9
    endloop
  endfacet
  facet normal 0 0 1
    outer loop
      vertex 0 -97 9
      vertex 15.972309325 -97.153992495 9
      vertex 15.796714538 -97 9
    endloop
  endfacet
  facet normal 0 0 1
    outer loop
      vertex -15.796714538 -97 9
      vertex -15.972309325 -97.153992495 9
      vertex -2.34947146 -97.153992495 9
    endloop
  endfacet
  facet normal 0 0 1
    outer loop
      vertex -15.796714538 -97 9
      vertex -2.34947146 -97.153992495 9
      vertex 0 -97 9
    endloop
  endfacet
  facet normal 0 0 1
    outer loop
      vertex 2.34947146 -97.153992495 9
      vertex 4.658742812 -97.613335127 9
      vertex 16.496089211 -97.613335127 9
    endloop
  endfacet
  facet normal 0 0 1
    outer loop
      vertex 2.34947146 -97.153992495 9
      vertex 16.496089211 -97.613335127 9
      vertex 15.972309325 -97.153992495 9
    endloop
  endfacet
  facet normal 0 0 1
    outer loop
      vertex -15.972309325 -97.153992495 9
      vertex -16.496089211 -97.613335127 9
      vertex -4.658742812 -97.613335127 9
    endloop
  endfacet
  facet normal 0 0 1
    outer loop
      vertex -15.972309325 -97.153992495 9
      vertex -4.658742812 -97.613335127 9
      vertex -2.34947146 -97.153992495 9
    endloop
  endfacet
  facet normal 0 0 1
    outer loop
      vertex 4.658742812 -97.613335127 9
      vertex 6.888301783 -98.370168415 9
      vertex 17.269375959 -98.370168415 9
    endloop
  endfacet
  facet normal 0 0 1
    outer loop
      vertex 4.658742812 -97.613335127 9
      vertex 17.269375959 -98.370168415 9
      vertex 16.970562748 -98.029437252 9
    endloop
  endfacet
  facet normal 0 0 1
    outer loop
      vertex 4.658742812 -97.613335127 9
      vertex 16.970562748 -98.029437252 9
      vertex 16.496089211 -97.613335127 9
    endloop
  endfacet
  facet normal 0 0 1
    outer loop
      vertex -16.496089211 -97.613335127 9
      vertex -16.970562748 -98.029437252 9
      vertex -17.269375959 -98.370168415 9
    endloop
  endfacet
  facet normal 0 0 1
    outer loop
      vertex -16.496089211 -97.613335127 9
      vertex -17.269375959 -98.370168415 9
      vertex -6.888301783 -98.370168415 9
    endloop
  endfacet
  facet normal 0 0 1
    outer loop
      vertex -16.496089211 -97.613335127 9
      vertex -6.888301783 -98.370168415 9
      vertex -4.658742812 -97.613335127 9
    endloop
  endfacet
  facet normal 0 0 1
    outer loop
      vertex 6.888301783 -98.370168415 9
      vertex 9 -99.411542732 9
      vertex 18.182636724 -99.411542732 9
    endloop
  endfacet
  facet normal 0 0 1
    outer loop
      vertex 6.888301783 -98.370168415 9
      vertex 18.182636724 -99.411542732 9
      vertex 17.269375959 -98.370168415 9
    endloop
  endfacet
  facet normal 0 0 1
    outer loop
      vertex -17.269375959 -98.370168415 9
      vertex -18.182636724 -99.411542732 9
      vertex -9 -99.411542732 9
    endloop
  endfacet
  facet normal 0 0 1
    outer loop
      vertex -17.269375959 -98.370168415 9
      vertex -9 -99.411542732 9
      vertex -6.888301783 -98.370168415 9
    endloop
  endfacet
  facet normal 0 0 1
    outer loop
      vertex 9 -99.411542732 9
      vertex 10.957705722 -100.719639875 9
      vertex 19.260921768 -100.719639875 9
    endloop
  endfacet
  facet normal 0 0 1
    outer loop
      vertex 9 -99.411542732 9
      vertex 19.260921768 -100.719639875 9
      vertex 19.040480167 -100.389725704 9
    endloop
  endfacet
  facet normal 0 0 1
    outer loop
      vertex 9 -99.411542732 9
      vertex 19.040480167 -100.389725704 9
      vertex 18.182636724 -99.411542732 9
    endloop
  endfacet
  facet normal 0 0 1
    outer loop
      vertex -18.182636724 -99.411542732 9
      vertex -19.040480167 -100.389725704 9
      vertex -19.260921768 -100.719639875 9
    endloop
  endfacet
  facet normal 0 0 1
    outer loop
      vertex -18.182636724 -99.411542732 9
      vertex -19.260921768 -100.719639875 9
      vertex -10.957705722 -100.719639875 9
    endloop
  endfacet
  facet normal 0 0 1
    outer loop
      vertex -18.182636724 -99.411542732 9
      vertex -10.957705722 -100.719639875 9
      vertex -9 -99.411542732 9
    endloop
  endfacet
  facet normal 0 0 1
    outer loop
      vertex 10.957705722 -100.719639875 9
      vertex 12.727922061 -102.272077939 9
      vertex 20.298227719 -102.272077939 9
    endloop
  endfacet
  facet normal 0 0 1
    outer loop
      vertex 10.957705722 -100.719639875 9
      vertex 20.298227719 -102.272077939 9
      vertex 19.260921768 -100.719639875 9
    endloop
  endfacet
  facet normal 0 0 1
    outer loop
      vertex -19.260921768 -100.719639875 9
      vertex -20.298227719 -102.272077939 9
      vertex -12.727922061 -102.272077939 9
    endloop
  endfacet
  facet normal 0 0 1
    outer loop
      vertex -19.260921768 -100.719639875 9
      vertex -12.727922061 -102.272077939 9
      vertex -10.957705722 -100.719639875 9
    endloop
  endfacet
  facet normal 0 0 1
    outer loop
      vertex 12.727922061 -102.272077939 9
      vertex 14.280360125 -104.042294278 9
      vertex 21.298612347 -104.042294278 9
    endloop
  endfacet
  facet normal 0 0 1
    outer loop
      vertex 12.727922061 -102.272077939 9
      vertex 21.298612347 -104.042294278 9
      vertex 20.784609691 -103 9
    endloop
  endfacet
  facet normal 0 0 1
    outer loop
      vertex 12.727922061 -102.272077939 9
      vertex 20.784609691 -103 9
      vertex 20.298227719 -102.272077939 9
    endloop
  endfacet
  facet normal 0 0 1
    outer loop
      vertex -20.298227719 -102.272077939 9
      vertex -20.784609691 -103 9
      vertex -21.298612347 -104.042294278 9
    endloop
  endfacet
  facet normal 0 0 1
    outer loop
      vertex -20.298227719 -102.272077939 9
      vertex -21.298612347 -104.042294278 9
      vertex -14.280360125 -104.042294278 9
    endloop
  endfacet
  facet normal 0 0 1
    outer loop
      vertex -20.298227719 -102.272077939 9
      vertex -14.280360125 -104.042294278 9
      vertex -12.727922061 -102.272077939 9
    endloop
  endfacet
  facet normal 0 0 1
    outer loop
      vertex 14.280360125 -104.042294278 9
      vertex 15.588457268 -106 9
      vertex 22.235704952 -106 9
    endloop
  endfacet
  facet normal 0 0 1
    outer loop
      vertex 14.280360125 -104.042294278 9
      vertex 22.235704952 -106 9
      vertex 22.17310878 -105.815597623 9
    endloop
  endfacet
  facet normal 0 0 1
    outer loop
      vertex 14.280360125 -104.042294278 9
      vertex 22.17310878 -105.815597623 9
      vertex 21.298612347 -104.042294278 9
    endloop
  endfacet
  facet normal 0 0 1
    outer loop
      vertex -21.298612347 -104.042294278 9
      vertex -22.17310878 -105.815597623 9
      vertex -22.235704952 -106 9
    endloop
  endfacet
  facet normal 0 0 1
    outer loop
      vertex -21.298612347 -104.042294278 9
      vertex -22.235704952 -106 9
      vertex -15.588457268 -106 9
    endloop
  endfacet
  facet normal 0 0 1
    outer loop
      vertex -21.298612347 -104.042294278 9
      vertex -15.588457268 -106 9
      vertex -14.280360125 -104.042294278 9
    endloop
  endfacet
  facet normal 0 0 1
    outer loop
      vertex 15.588457268 -106 9
      vertex 16.629831585 -108.111698217 9
      vertex 22.952529906 -108.111698217 9
    endloop
  endfacet
  facet normal 0 0 1
    outer loop
      vertex 15.588457268 -106 9
      vertex 22.952529906 -108.111698217 9
      vertex 22.235704952 -106 9
    endloop
  endfacet
  facet normal 0 0 1
    outer loop
      vertex -22.235704952 -106 9
      vertex -22.952529906 -108.111698217 9
      vertex -16.629831585 -108.111698217 9
    endloop
  endfacet
  facet normal 0 0 1
    outer loop
      vertex -22.235704952 -106 9
      vertex -16.629831585 -108.111698217 9
      vertex -15.588457268 -106 9
    endloop
  endfacet
  facet normal 0 0 1
    outer loop
      vertex 16.629831585 -108.111698217 9
      vertex 17.386664873 -110.341257188 9
      vertex 23.491113685 -110.341257188 9
    endloop
  endfacet
  facet normal 0 0 1
    outer loop
      vertex 16.629831585 -108.111698217 9
      vertex 23.491113685 -110.341257188 9
      vertex 23.182219831 -108.788342918 9
    endloop
  endfacet
  facet normal 0 0 1
    outer loop
      vertex 16.629831585 -108.111698217 9
      vertex 23.182219831 -108.788342918 9
      vertex 22.952529906 -108.111698217 9
    endloop
  endfacet
  facet normal 0 0 1
    outer loop
      vertex -22.952529906 -108.111698217 9
      vertex -23.182219831 -108.788342918 9
      vertex -23.491113685 -110.341257188 9
    endloop
  endfacet
  facet normal 0 0 1
    outer loop
      vertex -22.952529906 -108.111698217 9
      vertex -23.491113685 -110.341257188 9
      vertex -17.386664873 -110.341257188 9
    endloop
  endfacet
  facet normal 0 0 1
    outer loop
      vertex -22.952529906 -108.111698217 9
      vertex -17.386664873 -110.341257188 9
      vertex -16.629831585 -108.111698217 9
    endloop
  endfacet
  facet normal 0 0 1
    outer loop
      vertex 17.386664873 -110.341257188 9
      vertex 17.846007505 -112.65052854 9
      vertex 23.846007505 -112.65052854 9
    endloop
  endfacet
  facet normal 0 0 1
    outer loop
      vertex 17.386664873 -110.341257188 9
      vertex 23.846007505 -112.65052854 9
      vertex 23.794676673 -111.867371387 9
    endloop
  endfacet
  facet normal 0 0 1
    outer loop
      vertex 17.386664873 -110.341257188 9
      vertex 23.794676673 -111.867371387 9
      vertex 23.491113685 -110.341257188 9
    endloop
  endfacet
  facet normal 0 0 1
    outer loop
      vertex -23.491113685 -110.341257188 9
      vertex -23.794676673 -111.867371387 9
      vertex -23.846007505 -112.65052854 9
    endloop
  endfacet
  facet normal 0 0 1
    outer loop
      vertex -23.491113685 -110.341257188 9
      vertex -23.846007505 -112.65052854 9
      vertex -17.846007505 -112.65052854 9
    endloop
  endfacet
  facet normal 0 0 1
    outer loop
      vertex -23.491113685 -110.341257188 9
      vertex -17.846007505 -112.65052854 9
      vertex -17.386664873 -110.341257188 9
    endloop
  endfacet
  facet normal 0 0 1
    outer loop
      vertex 17.846007505 -112.65052854 9
      vertex 18 -115 9
      vertex 24 -115 9
    endloop
  endfacet
  facet normal 0 0 1
    outer loop
      vertex 17.846007505 -112.65052854 9
      vertex 24 -115 9
      vertex 23.846007505 -112.65052854 9
    endloop
  endfacet
  facet normal 0 0 1
    outer loop
      vertex -23.846007505 -112.65052854 9
      vertex -24 -115 9
      vertex -18 -115 9
    endloop
  endfacet
  facet normal 0 0 1
    outer loop
      vertex -23.846007505 -112.65052854 9
      vertex -18 -115 9
      vertex -17.846007505 -112.65052854 9
    endloop
  endfacet
  facet normal 0 0 1
    outer loop
      vertex 18 -115 9
      vertex 17.846007505 -117.34947146 9
      vertex 23.846007505 -117.34947146 9
    endloop
  endfacet
  facet normal 0 0 1
    outer loop
      vertex 18 -115 9
      vertex 23.846007505 -117.34947146 9
      vertex 24 -115 9
    endloop
  endfacet
  facet normal 0 0 1
    outer loop
      vertex -24 -115 9
      vertex -23.846007505 -117.34947146 9
      vertex -17.846007505 -117.34947146 9
    endloop
  endfacet
  facet normal 0 0 1
    outer loop
      vertex -24 -115 9
      vertex -17.846007505 -117.34947146 9
      vertex -18 -115 9
    endloop
  endfacet
  facet normal 0 0 1
    outer loop
      vertex 17.846007505 -117.34947146 9
      vertex 17.386664873 -119.658742812 9
      vertex 23.491113685 -119.658742812 9
    endloop
  endfacet
  facet normal 0 0 1
    outer loop
      vertex 17.846007505 -117.34947146 9
      vertex 23.491113685 -119.658742812 9
      vertex 23.794676673 -118.132628613 9
    endloop
  endfacet
  facet normal 0 0 1
    outer loop
      vertex 17.846007505 -117.34947146 9
      vertex 23.794676673 -118.132628613 9
      vertex 23.846007505 -117.34947146 9
    endloop
  endfacet
  facet normal 0 0 1
    outer loop
      vertex -23.846007505 -117.34947146 9
      vertex -23.794676673 -118.132628613 9
      vertex -23.491113685 -119.658742812 9
    endloop
  endfacet
  facet normal 0 0 1
    outer loop
      vertex -23.846007505 -117.34947146 9
      vertex -23.491113685 -119.658742812 9
      vertex -17.386664873 -119.658742812 9
    endloop
  endfacet
  facet normal 0 0 1
    outer loop
      vertex -23.846007505 -117.34947146 9
      vertex -17.386664873 -119.658742812 9
      vertex -17.846007505 -117.34947146 9
    endloop
  endfacet
  facet normal 0 0 1
    outer loop
      vertex 17.386664873 -119.658742812 9
      vertex 16.629831585 -121.888301783 9
      vertex 22.952529906 -121.888301783 9
    endloop
  endfacet
  facet normal 0 0 1
    outer loop
      vertex 17.386664873 -119.658742812 9
      vertex 22.952529906 -121.888301783 9
      vertex 23.182219831 -121.211657082 9
    endloop
  endfacet
  facet normal 0 0 1
    outer loop
      vertex 17.386664873 -119.658742812 9
      vertex 23.182219831 -121.211657082 9
      vertex 23.491113685 -119.658742812 9
    endloop
  endfacet
  facet normal 0 0 1
    outer loop
      vertex -23.491113685 -119.658742812 9
      vertex -23.182219831 -121.211657082 9
      vertex -22.952529906 -121.888301783 9
    endloop
  endfacet
  facet normal 0 0 1
    outer loop
      vertex -23.491113685 -119.658742812 9
      vertex -22.952529906 -121.888301783 9
      vertex -16.629831585 -121.888301783 9
    endloop
  endfacet
  facet normal 0 0 1
    outer loop
      vertex -23.491113685 -119.658742812 9
      vertex -16.629831585 -121.888301783 9
      vertex -17.386664873 -119.658742812 9
    endloop
  endfacet
  facet normal 0 0 1
    outer loop
      vertex 16.629831585 -121.888301783 9
      vertex 15.588457268 -124 9
      vertex 22.235704952 -124 9
    endloop
  endfacet
  facet normal 0 0 1
    outer loop
      vertex 16.629831585 -121.888301783 9
      vertex 22.235704952 -124 9
      vertex 22.952529906 -121.888301783 9
    endloop
  endfacet
  facet normal 0 0 1
    outer loop
      vertex -22.952529906 -121.888301783 9
      vertex -22.235704952 -124 9
      vertex -15.588457268 -124 9
    endloop
  endfacet
  facet normal 0 0 1
    outer loop
      vertex -22.952529906 -121.888301783 9
      vertex -15.588457268 -124 9
      vertex -16.629831585 -121.888301783 9
    endloop
  endfacet
  facet normal 0 0 1
    outer loop
      vertex 15.588457268 -124 9
      vertex 14.280360125 -125.957705722 9
      vertex 21.298612347 -125.957705722 9
    endloop
  endfacet
  facet normal 0 0 1
    outer loop
      vertex 15.588457268 -124 9
      vertex 21.298612347 -125.957705722 9
      vertex 22.17310878 -124.184402377 9
    endloop
  endfacet
  facet normal 0 0 1
    outer loop
      vertex 15.588457268 -124 9
      vertex 22.17310878 -124.184402377 9
      vertex 22.235704952 -124 9
    endloop
  endfacet
  facet normal 0 0 1
    outer loop
      vertex -22.235704952 -124 9
      vertex -22.17310878 -124.184402377 9
      vertex -21.298612347 -125.957705722 9
    endloop
  endfacet
  facet normal 0 0 1
    outer loop
      vertex -22.235704952 -124 9
      vertex -21.298612347 -125.957705722 9
      vertex -14.280360125 -125.957705722 9
    endloop
  endfacet
  facet normal 0 0 1
    outer loop
      vertex -22.235704952 -124 9
      vertex -14.280360125 -125.957705722 9
      vertex -15.588457268 -124 9
    endloop
  endfacet
  facet normal 0 0 1
    outer loop
      vertex 14.280360125 -125.957705722 9
      vertex 12.727922061 -127.727922061 9
      vertex 20.298227719 -127.727922061 9
    endloop
  endfacet
  facet normal 0 0 1
    outer loop
      vertex 14.280360125 -125.957705722 9
      vertex 20.298227719 -127.727922061 9
      vertex 20.784609691 -127 9
    endloop
  endfacet
  facet normal 0 0 1
    outer loop
      vertex 14.280360125 -125.957705722 9
      vertex 20.784609691 -127 9
      vertex 21.298612347 -125.957705722 9
    endloop
  endfacet
  facet normal 0 0 1
    outer loop
      vertex -21.298612347 -125.957705722 9
      vertex -20.784609691 -127 9
      vertex -20.298227719 -127.727922061 9
    endloop
  endfacet
  facet normal 0 0 1
    outer loop
      vertex -21.298612347 -125.957705722 9
      vertex -20.298227719 -127.727922061 9
      vertex -12.727922061 -127.727922061 9
    endloop
  endfacet
  facet normal 0 0 1
    outer loop
      vertex -21.298612347 -125.957705722 9
      vertex -12.727922061 -127.727922061 9
      vertex -14.280360125 -125.957705722 9
    endloop
  endfacet
  facet normal 0 0 1
    outer loop
      vertex 12.727922061 -127.727922061 9
      vertex 10.957705722 -129.280360125 9
      vertex 19.260921768 -129.280360125 9
    endloop
  endfacet
  facet normal 0 0 1
    outer loop
      vertex 12.727922061 -127.727922061 9
      vertex 19.260921768 -129.280360125 9
      vertex 20.298227719 -127.727922061 9
    endloop
  endfacet
  facet normal 0 0 1
    outer loop
      vertex -20.298227719 -127.727922061 9
      vertex -19.260921768 -129.280360125 9
      vertex -10.957705722 -129.280360125 9
    endloop
  endfacet
  facet normal 0 0 1
    outer loop
      vertex -20.298227719 -127.727922061 9
      vertex -10.957705722 -129.280360125 9
      vertex -12.727922061 -127.727922061 9
    endloop
  endfacet
  facet normal 0 0 1
    outer loop
      vertex 10.957705722 -129.280360125 9
      vertex 9 -130.588457268 9
      vertex 18.182636724 -130.588457268 9
    endloop
  endfacet
  facet normal 0 0 1
    outer loop
      vertex 10.957705722 -129.280360125 9
      vertex 18.182636724 -130.588457268 9
      vertex 19.040480167 -129.610274296 9
    endloop
  endfacet
  facet normal 0 0 1
    outer loop
      vertex 10.957705722 -129.280360125 9
      vertex 19.040480167 -129.610274296 9
      vertex 19.260921768 -129.280360125 9
    endloop
  endfacet
  facet normal 0 0 1
    outer loop
      vertex -19.260921768 -129.280360125 9
      vertex -19.040480167 -129.610274296 9
      vertex -18.182636724 -130.588457268 9
    endloop
  endfacet
  facet normal 0 0 1
    outer loop
      vertex -19.260921768 -129.280360125 9
      vertex -18.182636724 -130.588457268 9
      vertex -9 -130.588457268 9
    endloop
  endfacet
  facet normal 0 0 1
    outer loop
      vertex -19.260921768 -129.280360125 9
      vertex -9 -130.588457268 9
      vertex -10.957705722 -129.280360125 9
    endloop
  endfacet
  facet normal 0 0 1
    outer loop
      vertex 9 -130.588457268 9
      vertex 6.888301783 -131.629831585 9
      vertex 17.269375959 -131.629831585 9
    endloop
  endfacet
  facet normal 0 0 1
    outer loop
      vertex 9 -130.588457268 9
      vertex 17.269375959 -131.629831585 9
      vertex 18.182636724 -130.588457268 9
    endloop
  endfacet
  facet normal 0 0 1
    outer loop
      vertex -18.182636724 -130.588457268 9
      vertex -17.269375959 -131.629831585 9
      vertex -6.888301783 -131.629831585 9
    endloop
  endfacet
  facet normal 0 0 1
    outer loop
      vertex -18.182636724 -130.588457268 9
      vertex -6.888301783 -131.629831585 9
      vertex -9 -130.588457268 9
    endloop
  endfacet
  facet normal 0 0 1
    outer loop
      vertex 6.888301783 -131.629831585 9
      vertex 4.658742812 -132.386664873 9
      vertex 16.496089211 -132.386664873 9
    endloop
  endfacet
  facet normal 0 0 1
    outer loop
      vertex 6.888301783 -131.629831585 9
      vertex 16.496089211 -132.386664873 9
      vertex 16.970562748 -131.970562748 9
    endloop
  endfacet
  facet normal 0 0 1
    outer loop
      vertex 6.888301783 -131.629831585 9
      vertex 16.970562748 -131.970562748 9
      vertex 17.269375959 -131.629831585 9
    endloop
  endfacet
  facet normal 0 0 1
    outer loop
      vertex -17.269375959 -131.629831585 9
      vertex -16.970562748 -131.970562748 9
      vertex -16.496089211 -132.386664873 9
    endloop
  endfacet
  facet normal 0 0 1
    outer loop
      vertex -17.269375959 -131.629831585 9
      vertex -16.496089211 -132.386664873 9
      vertex -4.658742812 -132.386664873 9
    endloop
  endfacet
  facet normal 0 0 1
    outer loop
      vertex -17.269375959 -131.629831585 9
      vertex -4.658742812 -132.386664873 9
      vertex -6.888301783 -131.629831585 9
    endloop
  endfacet
  facet normal 0 0 1
    outer loop
      vertex 4.658742812 -132.386664873 9
      vertex 2.34947146 -132.846007505 9
      vertex 15.972309325 -132.846007505 9
    endloop
  endfacet
  facet normal 0 0 1
    outer loop
      vertex 4.658742812 -132.386664873 9
      vertex 15.972309325 -132.846007505 9
      vertex 16.496089211 -132.386664873 9
    endloop
  endfacet
  facet normal 0 0 1
    outer loop
      vertex -16.496089211 -132.386664873 9
      vertex -15.972309325 -132.846007505 9
      vertex -2.34947146 -132.846007505 9
    endloop
  endfacet
  facet normal 0 0 1
    outer loop
      vertex -16.496089211 -132.386664873 9
      vertex -2.34947146 -132.846007505 9
      vertex -4.658742812 -132.386664873 9
    endloop
  endfacet
  facet normal 0 0 1
    outer loop
      vertex 2.34947146 -132.846007505 9
      vertex 0 -133 9
      vertex 15.796714538 -133 9
    endloop
  endfacet
  facet normal 0 0 1
    outer loop
      vertex 2.34947146 -132.846007505 9
      vertex 15.796714538 -133 9
      vertex 15.972309325 -132.846007505 9
    endloop
  endfacet
  facet normal 0 0 1
    outer loop
      vertex -15.972309325 -132.846007505 9
      vertex -15.796714538 -133 9
      vertex 0 -133 9
    endloop
  endfacet
  facet normal 0 0 1
    outer loop
      vertex -15.972309325 -132.846007505 9
      vertex 0 -133 9
      vertex -2.34947146 -132.846007505 9
    endloop
  endfacet
  facet normal 0 0 1
    outer loop
      vertex -15.796714538 -133 9
      vertex -14.610274296 -134.040480167 9
      vertex -12 -135.784609691 9
    endloop
  endfacet
  facet normal 0 0 1
    outer loop
      vertex -15.796714538 -133 9
      vertex -12 -135.784609691 9
      vertex -9.184402377 -137.17310878 9
    endloop
  endfacet
  facet normal 0 0 1
    outer loop
      vertex -15.796714538 -133 9
      vertex -9.184402377 -137.17310878 9
      vertex -6.211657082 -138.182219831 9
    endloop
  endfacet
  facet normal 0 0 1
    outer loop
      vertex -15.796714538 -133 9
      vertex -6.211657082 -138.182219831 9
      vertex -3.132628613 -138.794676673 9
    endloop
  endfacet
  facet normal 0 0 1
    outer loop
      vertex -15.796714538 -133 9
      vertex -3.132628613 -138.794676673 9
      vertex 0 -139 9
    endloop
  endfacet
  facet normal 0 0 1
    outer loop
      vertex -15.796714538 -133 9
      vertex 0 -139 9
      vertex 3.132628613 -138.794676673 9
    endloop
  endfacet
  facet normal 0 0 1
    outer loop
      vertex -15.796714538 -133 9
      vertex 3.132628613 -138.794676673 9
      vertex 6.211657082 -138.182219831 9
    endloop
  endfacet
  facet normal 0 0 1
    outer loop
      vertex -15.796714538 -133 9
      vertex 6.211657082 -138.182219831 9
      vertex 9.184402377 -137.17310878 9
    endloop
  endfacet
  facet normal 0 0 1
    outer loop
      vertex -15.796714538 -133 9
      vertex 9.184402377 -137.17310878 9
      vertex 12 -135.784609691 9
    endloop
  endfacet
  facet normal 0 0 1
    outer loop
      vertex -15.796714538 -133 9
      vertex 12 -135.784609691 9
      vertex 14.610274296 -134.040480167 9
    endloop
  endfacet
  facet normal 0 0 1
    outer loop
      vertex -15.796714538 -133 9
      vertex 14.610274296 -134.040480167 9
      vertex 15.796714538 -133 9
    endloop
  endfacet
  facet normal 0 0 -1
    outer loop
      vertex 3.132628613 -91.205323327 5
      vertex 6.211657082 -91.817780169 5
      vertex 9.184402377 -92.82689122 5
    endloop
  endfacet
  facet normal 0 0 -1
    outer loop
      vertex 3.132628613 -91.205323327 5
      vertex 9.184402377 -92.82689122 5
      vertex 12 -94.215390309 5
    endloop
  endfacet
  facet normal 0 0 -1
    outer loop
      vertex 3.132628613 -91.205323327 5
      vertex 12 -94.215390309 5
      vertex 14.610274296 -95.959519833 5
    endloop
  endfacet
  facet normal 0 0 -1
    outer loop
      vertex 3.132628613 -91.205323327 5
      vertex 14.610274296 -95.959519833 5
      vertex 15.796714538 -97 5
    endloop
  endfacet
  facet normal 0 0 -1
    outer loop
      vertex 3.132628613 -91.205323327 5
      vertex 15.796714538 -97 5
      vertex -15.796714538 -97 5
    endloop
  endfacet
  facet normal 0 0 -1
    outer loop
      vertex 3.132628613 -91.205323327 5
      vertex -15.796714538 -97 5
      vertex -14.610274296 -95.959519833 5
    endloop
  endfacet
  facet normal 0 0 -1
    outer loop
      vertex 3.132628613 -91.205323327 5
      vertex -14.610274296 -95.959519833 5
      vertex -12 -94.215390309 5
    endloop
  endfacet
  facet normal 0 0 -1
    outer loop
      vertex 3.132628613 -91.205323327 5
      vertex -12 -94.215390309 5
      vertex -9.184402377 -92.82689122 5
    endloop
  endfacet
  facet normal 0 0 -1
    outer loop
      vertex 3.132628613 -91.205323327 5
      vertex -9.184402377 -92.82689122 5
      vertex -6.211657082 -91.817780169 5
    endloop
  endfacet
  facet normal 0 0 -1
    outer loop
      vertex 3.132628613 -91.205323327 5
      vertex -6.211657082 -91.817780169 5
      vertex -3.132628613 -91.205323327 5
    endloop
  endfacet
  facet normal 0 0 -1
    outer loop
      vertex 3.132628613 -91.205323327 5
      vertex -3.132628613 -91.205323327 5
      vertex 0 -91 5
    endloop
  endfacet
  facet normal 0 0 -1
    outer loop
      vertex 0 -97 5
      vertex -2.34947146 -97.153992495 5
      vertex -15.972309325 -97.153992495 5
    endloop
  endfacet
  facet normal 0 0 -1
    outer loop
      vertex 0 -97 5
      vertex -15.972309325 -97.153992495 5
      vertex -15.796714538 -97 5
    endloop
  endfacet
  facet normal 0 0 -1
    outer loop
      vertex 15.796714538 -97 5
      vertex 15.972309325 -97.153992495 5
      vertex 2.34947146 -97.153992495 5
    endloop
  endfacet
  facet normal 0 0 -1
    outer loop
      vertex 15.796714538 -97 5
      vertex 2.34947146 -97.153992495 5
      vertex 0 -97 5
    endloop
  endfacet
  facet normal 0 0 -1
    outer loop
      vertex -2.34947146 -97.153992495 5
      vertex -4.658742812 -97.613335127 5
      vertex -16.496089211 -97.613335127 5
    endloop
  endfacet
  facet normal 0 0 -1
    outer loop
      vertex -2.34947146 -97.153992495 5
      vertex -16.496089211 -97.613335127 5
      vertex -15.972309325 -97.153992495 5
    endloop
  endfacet
  facet normal 0 0 -1
    outer loop
      vertex 15.972309325 -97.153992495 5
      vertex 16.496089211 -97.613335127 5
      vertex 4.658742812 -97.613335127 5
    endloop
  endfacet
  facet normal 0 0 -1
    outer loop
      vertex 15.972309325 -97.153992495 5
      vertex 4.658742812 -97.613335127 5
      vertex 2.34947146 -97.153992495 5
    endloop
  endfacet
  facet normal 0 0 -1
    outer loop
      vertex -4.658742812 -97.613335127 5
      vertex -6.888301783 -98.370168415 5
      vertex -17.269375959 -98.370168415 5
    endloop
  endfacet
  facet normal 0 0 -1
    outer loop
      vertex -4.658742812 -97.613335127 5
      vertex -17.269375959 -98.370168415 5
      vertex -16.970562748 -98.029437252 5
    endloop
  endfacet
  facet normal 0 0 -1
    outer loop
      vertex -4.658742812 -97.613335127 5
      vertex -16.970562748 -98.029437252 5
      vertex -16.496089211 -97.613335127 5
    endloop
  endfacet
  facet normal 0 0 -1
    outer loop
      vertex 16.496089211 -97.613335127 5
      vertex 16.970562748 -98.029437252 5
      vertex 17.269375959 -98.370168415 5
    endloop
  endfacet
  facet normal 0 0 -1
    outer loop
      vertex 16.496089211 -97.613335127 5
      vertex 17.269375959 -98.370168415 5
      vertex 6.888301783 -98.370168415 5
    endloop
  endfacet
  facet normal 0 0 -1
    outer loop
      vertex 16.496089211 -97.613335127 5
      vertex 6.888301783 -98.370168415 5
      vertex 4.658742812 -97.613335127 5
    endloop
  endfacet
  facet normal 0 0 -1
    outer loop
      vertex -6.888301783 -98.370168415 5
      vertex -9 -99.411542732 5
      vertex -18.182636724 -99.411542732 5
    endloop
  endfacet
  facet normal 0 0 -1
    outer loop
      vertex -6.888301783 -98.370168415 5
      vertex -18.182636724 -99.411542732 5
      vertex -17.269375959 -98.370168415 5
    endloop
  endfacet
  facet normal 0 0 -1
    outer loop
      vertex 17.269375959 -98.370168415 5
      vertex 18.182636724 -99.411542732 5
      vertex 9 -99.411542732 5
    endloop
  endfacet
  facet normal 0 0 -1
    outer loop
      vertex 17.269375959 -98.370168415 5
      vertex 9 -99.411542732 5
      vertex 6.888301783 -98.370168415 5
    endloop
  endfacet
  facet normal 0 0 -1
    outer loop
      vertex -9 -99.411542732 5
      vertex -10.957705722 -100.719639875 5
      vertex -19.260921768 -100.719639875 5
    endloop
  endfacet
  facet normal 0 0 -1
    outer loop
      vertex -9 -99.411542732 5
      vertex -19.260921768 -100.719639875 5
      vertex -19.040480167 -100.389725704 5
    endloop
  endfacet
  facet normal 0 0 -1
    outer loop
      vertex -9 -99.411542732 5
      vertex -19.040480167 -100.389725704 5
      vertex -18.182636724 -99.411542732 5
    endloop
  endfacet
  facet normal 0 0 -1
    outer loop
      vertex 18.182636724 -99.411542732 5
      vertex 19.040480167 -100.389725704 5
      vertex 19.260921768 -100.719639875 5
    endloop
  endfacet
  facet normal 0 0 -1
    outer loop
      vertex 18.182636724 -99.411542732 5
      vertex 19.260921768 -100.719639875 5
      vertex 10.957705722 -100.719639875 5
    endloop
  endfacet
  facet normal 0 0 -1
    outer loop
      vertex 18.182636724 -99.411542732 5
      vertex 10.957705722 -100.719639875 5
      vertex 9 -99.411542732 5
    endloop
  endfacet
  facet normal 0 0 -1
    outer loop
      vertex -10.957705722 -100.719639875 5
      vertex -12.727922061 -102.272077939 5
      vertex -20.298227719 -102.272077939 5
    endloop
  endfacet
  facet normal 0 0 -1
    outer loop
      vertex -10.957705722 -100.719639875 5
      vertex -20.298227719 -102.272077939 5
      vertex -19.260921768 -100.719639875 5
    endloop
  endfacet
  facet normal 0 0 -1
    outer loop
      vertex 19.260921768 -100.719639875 5
      vertex 20.298227719 -102.272077939 5
      vertex 12.727922061 -102.272077939 5
    endloop
  endfacet
  facet normal 0 0 -1
    outer loop
      vertex 19.260921768 -100.719639875 5
      vertex 12.727922061 -102.272077939 5
      vertex 10.957705722 -100.719639875 5
    endloop
  endfacet
  facet normal 0 0 -1
    outer loop
      vertex -12.727922061 -102.272077939 5
      vertex -14.280360125 -104.042294278 5
      vertex -21.298612347 -104.042294278 5
    endloop
  endfacet
  facet normal 0 0 -1
    outer loop
      vertex -12.727922061 -102.272077939 5
      vertex -21.298612347 -104.042294278 5
      vertex -20.784609691 -103 5
    endloop
  endfacet
  facet normal 0 0 -1
    outer loop
      vertex -12.727922061 -102.272077939 5
      vertex -20.784609691 -103 5
      vertex -20.298227719 -102.272077939 5
    endloop
  endfacet
  facet normal 0 0 -1
    outer loop
      vertex 20.298227719 -102.272077939 5
      vertex 20.784609691 -103 5
      vertex 21.298612347 -104.042294278 5
    endloop
  endfacet
  facet normal 0 0 -1
    outer loop
      vertex 20.298227719 -102.272077939 5
      vertex 21.298612347 -104.042294278 5
      vertex 14.280360125 -104.042294278 5
    endloop
  endfacet
  facet normal 0 0 -1
    outer loop
      vertex 20.298227719 -102.272077939 5
      vertex 14.280360125 -104.042294278 5
      vertex 12.727922061 -102.272077939 5
    endloop
  endfacet
  facet normal 0 0 -1
    outer loop
      vertex -14.280360125 -104.042294278 5
      vertex -15.588457268 -106 5
      vertex -22.235704952 -106 5
    endloop
  endfacet
  facet normal 0 0 -1
    outer loop
      vertex -14.280360125 -104.042294278 5
      vertex -22.235704952 -106 5
      vertex -22.17310878 -105.815597623 5
    endloop
  endfacet
  facet normal 0 0 -1
    outer loop
      vertex -14.280360125 -104.042294278 5
      vertex -22.17310878 -105.815597623 5
      vertex -21.298612347 -104.042294278 5
    endloop
  endfacet
  facet normal 0 0 -1
    outer loop
      vertex 21.298612347 -104.042294278 5
      vertex 22.17310878 -105.815597623 5
      vertex 22.235704952 -106 5
    endloop
  endfacet
  facet normal 0 0 -1
    outer loop
      vertex 21.298612347 -104.042294278 5
      vertex 22.235704952 -106 5
      vertex 15.588457268 -106 5
    endloop
  endfacet
  facet normal 0 0 -1
    outer loop
      vertex 21.298612347 -104.042294278 5
      vertex 15.588457268 -106 5
      vertex 14.280360125 -104.042294278 5
    endloop
  endfacet
  facet normal 0 0 -1
    outer loop
      vertex -15.588457268 -106 5
      vertex -16.629831585 -108.111698217 5
      vertex -22.952529906 -108.111698217 5
    endloop
  endfacet
  facet normal 0 0 -1
    outer loop
      vertex -15.588457268 -106 5
      vertex -22.952529906 -108.111698217 5
      vertex -22.235704952 -106 5
    endloop
  endfacet
  facet normal 0 0 -1
    outer loop
      vertex 22.235704952 -106 5
      vertex 22.952529906 -108.111698217 5
      vertex 16.629831585 -108.111698217 5
    endloop
  endfacet
  facet normal 0 0 -1
    outer loop
      vertex 22.235704952 -106 5
      vertex 16.629831585 -108.111698217 5
      vertex 15.588457268 -106 5
    endloop
  endfacet
  facet normal 0 0 -1
    outer loop
      vertex -16.629831585 -108.111698217 5
      vertex -17.386664873 -110.341257188 5
      vertex -23.491113685 -110.341257188 5
    endloop
  endfacet
  facet normal 0 0 -1
    outer loop
      vertex -16.629831585 -108.111698217 5
      vertex -23.491113685 -110.341257188 5
      vertex -23.182219831 -108.788342918 5
    endloop
  endfacet
  facet normal 0 0 -1
    outer loop
      vertex -16.629831585 -108.111698217 5
      vertex -23.182219831 -108.788342918 5
      vertex -22.952529906 -108.111698217 5
    endloop
  endfacet
  facet normal 0 0 -1
    outer loop
      vertex 22.952529906 -108.111698217 5
      vertex 23.182219831 -108.788342918 5
      vertex 23.491113685 -110.341257188 5
    endloop
  endfacet
  facet normal 0 0 -1
    outer loop
      vertex 22.952529906 -108.111698217 5
      vertex 23.491113685 -110.341257188 5
      vertex 17.386664873 -110.341257188 5
    endloop
  endfacet
  facet normal 0 0 -1
    outer loop
      vertex 22.952529906 -108.111698217 5
      vertex 17.386664873 -110.341257188 5
      vertex 16.629831585 -108.111698217 5
    endloop
  endfacet
  facet normal 0 0 -1
    outer loop
      vertex -17.386664873 -110.341257188 5
      vertex -17.846007505 -112.65052854 5
      vertex -23.846007505 -112.65052854 5
    endloop
  endfacet
  facet normal 0 0 -1
    outer loop
      vertex -17.386664873 -110.341257188 5
      vertex -23.846007505 -112.65052854 5
      vertex -23.794676673 -111.867371387 5
    endloop
  endfacet
  facet normal 0 0 -1
    outer loop
      vertex -17.386664873 -110.341257188 5
      vertex -23.794676673 -111.867371387 5
      vertex -23.491113685 -110.341257188 5
    endloop
  endfacet
  facet normal 0 0 -1
    outer loop
      vertex 23.491113685 -110.341257188 5
      vertex 23.794676673 -111.867371387 5
      vertex 23.846007505 -112.65052854 5
    endloop
  endfacet
  facet normal 0 0 -1
    outer loop
      vertex 23.491113685 -110.341257188 5
      vertex 23.846007505 -112.65052854 5
      vertex 17.846007505 -112.65052854 5
    endloop
  endfacet
  facet normal 0 0 -1
    outer loop
      vertex 23.491113685 -110.341257188 5
      vertex 17.846007505 -112.65052854 5
      vertex 17.386664873 -110.341257188 5
    endloop
  endfacet
  facet normal 0 0 -1
    outer loop
      vertex -17.846007505 -112.65052854 5
      vertex -18 -115 5
      vertex -24 -115 5
    endloop
  endfacet
  facet normal 0 0 -1
    outer loop
      vertex -17.846007505 -112.65052854 5
      vertex -24 -115 5
      vertex -23.846007505 -112.65052854 5
    endloop
  endfacet
  facet normal 0 0 -1
    outer loop
      vertex 23.846007505 -112.65052854 5
      vertex 24 -115 5
      vertex 18 -115 5
    endloop
  endfacet
  facet normal 0 0 -1
    outer loop
      vertex 23.846007505 -112.65052854 5
      vertex 18 -115 5
      vertex 17.846007505 -112.65052854 5
    endloop
  endfacet
  facet normal 0 0 -1
    outer loop
      vertex -18 -115 5
      vertex -17.846007505 -117.34947146 5
      vertex -23.846007505 -117.34947146 5
    endloop
  endfacet
  facet normal 0 0 -1
    outer loop
      vertex -18 -115 5
      vertex -23.846007505 -117.34947146 5
      vertex -24 -115 5
    endloop
  endfacet
  facet normal 0 0 -1
    outer loop
      vertex 24 -115 5
      vertex 23.846007505 -117.34947146 5
      vertex 17.846007505 -117.34947146 5
    endloop
  endfacet
  facet normal 0 0 -1
    outer loop
      vertex 24 -115 5
      vertex 17.846007505 -117.34947146 5
      vertex 18 -115 5
    endloop
  endfacet
  facet normal 0 0 -1
    outer loop
      vertex -17.846007505 -117.34947146 5
      vertex -17.386664873 -119.658742812 5
      vertex -23.491113685 -119.658742812 5
    endloop
  endfacet
  facet normal 0 0 -1
    outer loop
      vertex -17.846007505 -117.34947146 5
      vertex -23.491113685 -119.658742812 5
      vertex -23.794676673 -118.132628613 5
    endloop
  endfacet
  facet normal 0 0 -1
    outer loop
      vertex -17.846007505 -117.34947146 5
      vertex -23.794676673 -118.132628613 5
      vertex -23.846007505 -117.34947146 5
    endloop
  endfacet
  facet normal 0 0 -1
    outer loop
      vertex 23.846007505 -117.34947146 5
      vertex 23.794676673 -118.132628613 5
      vertex 23.491113685 -119.658742812 5
    endloop
  endfacet
  facet normal 0 0 -1
    outer loop
      vertex 23.846007505 -117.34947146 5
      vertex 23.491113685 -119.658742812 5
      vertex 17.386664873 -119.658742812 5
    endloop
  endfacet
  facet normal 0 0 -1
    outer loop
      vertex 23.846007505 -117.34947146 5
      vertex 17.386664873 -119.658742812 5
      vertex 17.846007505 -117.34947146 5
    endloop
  endfacet
  facet normal 0 0 -1
    outer loop
      vertex -17.386664873 -119.658742812 5
      vertex -16.629831585 -121.888301783 5
      vertex -22.952529906 -121.888301783 5
    endloop
  endfacet
  facet normal 0 0 -1
    outer loop
      vertex -17.386664873 -119.658742812 5
      vertex -22.952529906 -121.888301783 5
      vertex -23.182219831 -121.211657082 5
    endloop
  endfacet
  facet normal 0 0 -1
    outer loop
      vertex -17.386664873 -119.658742812 5
      vertex -23.182219831 -121.211657082 5
      vertex -23.491113685 -119.658742812 5
    endloop
  endfacet
  facet normal 0 0 -1
    outer loop
      vertex 23.491113685 -119.658742812 5
      vertex 23.182219831 -121.211657082 5
      vertex 22.952529906 -121.888301783 5
    endloop
  endfacet
  facet normal 0 0 -1
    outer loop
      vertex 23.491113685 -119.658742812 5
      vertex 22.952529906 -121.888301783 5
      vertex 16.629831585 -121.888301783 5
    endloop
  endfacet
  facet normal 0 0 -1
    outer loop
      vertex 23.491113685 -119.658742812 5
      vertex 16.629831585 -121.888301783 5
      vertex 17.386664873 -119.658742812 5
    endloop
  endfacet
  facet normal 0 0 -1
    outer loop
      vertex -16.629831585 -121.888301783 5
      vertex -15.588457268 -124 5
      vertex -22.235704952 -124 5
    endloop
  endfacet
  facet normal 0 0 -1
    outer loop
      vertex -16.629831585 -121.888301783 5
      vertex -22.235704952 -124 5
      vertex -22.952529906 -121.888301783 5
    endloop
  endfacet
  facet normal 0 0 -1
    outer loop
      vertex 22.952529906 -121.888301783 5
      vertex 22.235704952 -124 5
      vertex 15.588457268 -124 5
    endloop
  endfacet
  facet normal 0 0 -1
    outer loop
      vertex 22.952529906 -121.888301783 5
      vertex 15.588457268 -124 5
      vertex 16.629831585 -121.888301783 5
    endloop
  endfacet
  facet normal 0 0 -1
    outer loop
      vertex -15.588457268 -124 5
      vertex -14.280360125 -125.957705722 5
      vertex -21.298612347 -125.957705722 5
    endloop
  endfacet
  facet normal 0 0 -1
    outer loop
      vertex -15.588457268 -124 5
      vertex -21.298612347 -125.957705722 5
      vertex -22.17310878 -124.184402377 5
    endloop
  endfacet
  facet normal 0 0 -1
    outer loop
      vertex -15.588457268 -124 5
      vertex -22.17310878 -124.184402377 5
      vertex -22.235704952 -124 5
    endloop
  endfacet
  facet normal 0 0 -1
    outer loop
      vertex 22.235704952 -124 5
      vertex 22.17310878 -124.184402377 5
      vertex 21.298612347 -125.957705722 5
    endloop
  endfacet
  facet normal 0 0 -1
    outer loop
      vertex 22.235704952 -124 5
      vertex 21.298612347 -125.957705722 5
      vertex 14.280360125 -125.957705722 5
    endloop
  endfacet
  facet normal 0 0 -1
    outer loop
      vertex 22.235704952 -124 5
      vertex 14.280360125 -125.957705722 5
      vertex 15.588457268 -124 5
    endloop
  endfacet
  facet normal 0 0 -1
    outer loop
      vertex -14.280360125 -125.957705722 5
      vertex -12.727922061 -127.727922061 5
      vertex -20.298227719 -127.727922061 5
    endloop
  endfacet
  facet normal 0 0 -1
    outer loop
      vertex -14.280360125 -125.957705722 5
      vertex -20.298227719 -127.727922061 5
      vertex -20.784609691 -127 5
    endloop
  endfacet
  facet normal 0 0 -1
    outer loop
      vertex -14.280360125 -125.957705722 5
      vertex -20.784609691 -127 5
      vertex -21.298612347 -125.957705722 5
    endloop
  endfacet
  facet normal 0 0 -1
    outer loop
      vertex 21.298612347 -125.957705722 5
      vertex 20.784609691 -127 5
      vertex 20.298227719 -127.727922061 5
    endloop
  endfacet
  facet normal 0 0 -1
    outer loop
      vertex 21.298612347 -125.957705722 5
      vertex 20.298227719 -127.727922061 5
      vertex 12.727922061 -127.727922061 5
    endloop
  endfacet
  facet normal 0 0 -1
    outer loop
      vertex 21.298612347 -125.957705722 5
      vertex 12.727922061 -127.727922061 5
      vertex 14.280360125 -125.957705722 5
    endloop
  endfacet
  facet normal 0 0 -1
    outer loop
      vertex -12.727922061 -127.727922061 5
      vertex -10.957705722 -129.280360125 5
      vertex -19.260921768 -129.280360125 5
    endloop
  endfacet
  facet normal 0 0 -1
    outer loop
      vertex -12.727922061 -127.727922061 5
      vertex -19.260921768 -129.280360125 5
      vertex -20.298227719 -127.727922061 5
    endloop
  endfacet
  facet normal 0 0 -1
    outer loop
      vertex 20.298227719 -127.727922061 5
      vertex 19.260921768 -129.280360125 5
      vertex 10.957705722 -129.280360125 5
    endloop
  endfacet
  facet normal 0 0 -1
    outer loop
      vertex 20.298227719 -127.727922061 5
      vertex 10.957705722 -129.280360125 5
      vertex 12.727922061 -127.727922061 5
    endloop
  endfacet
  facet normal 0 0 -1
    outer loop
      vertex -10.957705722 -129.280360125 5
      vertex -9 -130.588457268 5
      vertex -18.182636724 -130.588457268 5
    endloop
  endfacet
  facet normal 0 0 -1
    outer loop
      vertex -10.957705722 -129.280360125 5
      vertex -18.182636724 -130.588457268 5
      vertex -19.040480167 -129.610274296 5
    endloop
  endfacet
  facet normal 0 0 -1
    outer loop
      vertex -10.957705722 -129.280360125 5
      vertex -19.040480167 -129.610274296 5
      vertex -19.260921768 -129.280360125 5
    endloop
  endfacet
  facet normal 0 0 -1
    outer loop
      vertex 19.260921768 -129.280360125 5
      vertex 19.040480167 -129.610274296 5
      vertex 18.182636724 -130.588457268 5
    endloop
  endfacet
  facet normal 0 0 -1
    outer loop
      vertex 19.260921768 -129.280360125 5
      vertex 18.182636724 -130.588457268 5
      vertex 9 -130.588457268 5
    endloop
  endfacet
  facet normal 0 0 -1
    outer loop
      vertex 19.260921768 -129.280360125 5
      vertex 9 -130.588457268 5
      vertex 10.957705722 -129.280360125 5
    endloop
  endfacet
  facet normal 0 0 -1
    outer loop
      vertex -9 -130.588457268 5
      vertex -6.888301783 -131.629831585 5
      vertex -17.269375959 -131.629831585 5
    endloop
  endfacet
  facet normal 0 0 -1
    outer loop
      vertex -9 -130.588457268 5
      vertex -17.269375959 -131.629831585 5
      vertex -18.182636724 -130.588457268 5
    endloop
  endfacet
  facet normal 0 0 -1
    outer loop
      vertex 18.182636724 -130.588457268 5
      vertex 17.269375959 -131.629831585 5
      vertex 6.888301783 -131.629831585 5
    endloop
  endfacet
  facet normal 0 0 -1
    outer loop
      vertex 18.182636724 -130.588457268 5
      vertex 6.888301783 -131.629831585 5
      vertex 9 -130.588457268 5
    endloop
  endfacet
  facet normal 0 0 -1
    outer loop
      vertex -6.888301783 -131.629831585 5
      vertex -4.658742812 -132.386664873 5
      vertex -16.496089211 -132.386664873 5
    endloop
  endfacet
  facet normal 0 0 -1
    outer loop
      vertex -6.888301783 -131.629831585 5
      vertex -16.496089211 -132.386664873 5
      vertex -16.970562748 -131.970562748 5
    endloop
  endfacet
  facet normal 0 0 -1
    outer loop
      vertex -6.888301783 -131.629831585 5
      vertex -16.970562748 -131.970562748 5
      vertex -17.269375959 -131.629831585 5
    endloop
  endfacet
  facet normal 0 0 -1
    outer loop
      vertex 17.269375959 -131.629831585 5
      vertex 16.970562748 -131.970562748 5
      vertex 16.496089211 -132.386664873 5
    endloop
  endfacet
  facet normal 0 0 -1
    outer loop
      vertex 17.269375959 -131.629831585 5
      vertex 16.496089211 -132.386664873 5
      vertex 4.658742812 -132.386664873 5
    endloop
  endfacet
  facet normal 0 0 -1
    outer loop
      vertex 17.269375959 -131.629831585 5
      vertex 4.658742812 -132.386664873 5
      vertex 6.888301783 -131.629831585 5
    endloop
  endfacet
  facet normal 0 0 -1
    outer loop
      vertex -4.658742812 -132.386664873 5
      vertex -2.34947146 -132.846007505 5
      vertex -15.972309325 -132.846007505 5
    endloop
  endfacet
  facet normal 0 0 -1
    outer loop
      vertex -4.658742812 -132.386664873 5
      vertex -15.972309325 -132.846007505 5
      vertex -16.496089211 -132.386664873 5
    endloop
  endfacet
  facet normal 0 0 -1
    outer loop
      vertex 16.496089211 -132.386664873 5
      vertex 15.972309325 -132.846007505 5
      vertex 2.34947146 -132.846007505 5
    endloop
  endfacet
  facet normal 0 0 -1
    outer loop
      vertex 16.496089211 -132.386664873 5
      vertex 2.34947146 -132.846007505 5
      vertex 4.658742812 -132.386664873 5
    endloop
  endfacet
  facet normal 0 0 -1
    outer loop
      vertex -2.34947146 -132.846007505 5
      vertex 0 -133 5
      vertex -15.796714538 -133 5
    endloop
  endfacet
  facet normal 0 0 -1
    outer loop
      vertex -2.34947146 -132.846007505 5
      vertex -15.796714538 -133 5
      vertex -15.972309325 -132.846007505 5
    endloop
  endfacet
  facet normal 0 0 -1
    outer loop
      vertex 15.972309325 -132.846007505 5
      vertex 15.796714538 -133 5
      vertex 0 -133 5
    endloop
  endfacet
  facet normal 0 0 -1
    outer loop
      vertex 15.972309325 -132.846007505 5
      vertex 0 -133 5
      vertex 2.34947146 -132.846007505 5
    endloop
  endfacet
  facet normal 0 0 -1
    outer loop
      vertex 15.796714538 -133 5
      vertex 14.610274296 -134.040480167 5
      vertex 12 -135.784609691 5
    endloop
  endfacet
  facet normal 0 0 -1
    outer loop
      vertex 15.796714538 -133 5
      vertex 12 -135.784609691 5
      vertex 9.184402377 -137.17310878 5
    endloop
  endfacet
  facet normal 0 0 -1
    outer loop
      vertex 15.796714538 -133 5
      vertex 9.184402377 -137.17310878 5
      vertex 6.211657082 -138.182219831 5
    endloop
  endfacet
  facet normal 0 0 -1
    outer loop
      vertex 15.796714538 -133 5
      vertex 6.211657082 -138.182219831 5
      vertex 3.132628613 -138.794676673 5
    endloop
  endfacet
  facet normal 0 0 -1
    outer loop
      vertex 15.796714538 -133 5
      vertex 3.132628613 -138.794676673 5
      vertex 0 -139 5
    endloop
  endfacet
  facet normal 0 0 -1
    outer loop
      vertex 15.796714538 -133 5
      vertex 0 -139 5
      vertex -3.132628613 -138.794676673 5
    endloop
  endfacet
  facet normal 0 0 -1
    outer loop
      vertex 15.796714538 -133 5
      vertex -3.132628613 -138.794676673 5
      vertex -6.211657082 -138.182219831 5
    endloop
  endfacet
  facet normal 0 0 -1
    outer loop
      vertex 15.796714538 -133 5
      vertex -6.211657082 -138.182219831 5
      vertex -9.184402377 -137.17310878 5
    endloop
  endfacet
  facet normal 0 0 -1
    outer loop
      vertex 15.796714538 -133 5
      vertex -9.184402377 -137.17310878 5
      vertex -12 -135.784609691 5
    endloop
  endfacet
  facet normal 0 0 -1
    outer loop
      vertex 15.796714538 -133 5
      vertex -12 -135.784609691 5
      vertex -14.610274296 -134.040480167 5
    endloop
  endfacet
  facet normal 0 0 -1
    outer loop
      vertex 15.796714538 -133 5
      vertex -14.610274296 -134.040480167 5
      vertex -15.796714538 -133 5
    endloop
  endfacet
  facet normal -0.997858923 0.065403129 0
    outer loop
      vertex 18 -115 9
      vertex 18 -115 5
      vertex 17.846007505 -117.34947146 5
    endloop
  endfacet
  facet normal -0.997858923 0.065403129 0
    outer loop
      vertex 18 -115 9
      vertex 17.846007505 -117.34947146 5
      vertex 17.846007505 -117.34947146 9
    endloop
  endfacet
  facet normal -0.997858923 -0.065403129 0
    outer loop
      vertex 17.846007505 -112.65052854 9
      vertex 17.846007505 -112.65052854 5
      vertex 18 -115 5
    endloop
  endfacet
  facet normal -0.997858923 -0.065403129 0
    outer loop
      vertex 17.846007505 -112.65052854 9
      vertex 18 -115 5
      vertex 18 -115 9
    endloop
  endfacet
  facet normal -0.98078528 -0.195090322 0
    outer loop
      vertex 17.386664873 -110.341257188 9
      vertex 17.386664873 -110.341257188 5
      vertex 17.846007505 -112.65052854 5
    endloop
  endfacet
  facet normal -0.98078528 -0.195090322 0
    outer loop
      vertex 17.386664873 -110.341257188 9
      vertex 17.846007505 -112.65052854 5
      vertex 17.846007505 -112.65052854 9
    endloop
  endfacet
  facet normal -0.946930129 -0.321439465 0
    outer loop
      vertex 16.629831585 -108.111698217 9
      vertex 16.629831585 -108.111698217 5
      vertex 17.386664873 -110.341257188 5
    endloop
  endfacet
  facet normal -0.946930129 -0.321439465 0
    outer loop
      vertex 16.629831585 -108.111698217 9
      vertex 17.386664873 -110.341257188 5
      vertex 17.386664873 -110.341257188 9
    endloop
  endfacet
  facet normal -0.896872742 -0.44228869 0
    outer loop
      vertex 15.588457268 -106 9
      vertex 15.588457268 -106 5
      vertex 16.629831585 -108.111698217 5
    endloop
  endfacet
  facet normal -0.896872742 -0.44228869 0
    outer loop
      vertex 15.588457268 -106 9
      vertex 16.629831585 -108.111698217 5
      vertex 16.629831585 -108.111698217 9
    endloop
  endfacet
  facet normal -0.831469612 -0.555570233 0
    outer loop
      vertex 14.280360125 -104.042294278 9
      vertex 14.280360125 -104.042294278 5
      vertex 15.588457268 -106 5
    endloop
  endfacet
  facet normal -0.831469612 -0.555570233 0
    outer loop
      vertex 14.280360125 -104.042294278 9
      vertex 15.588457268 -106 5
      vertex 15.588457268 -106 9
    endloop
  endfacet
  facet normal -0.751839807 -0.659345815 0
    outer loop
      vertex 12.727922061 -102.272077939 9
      vertex 12.727922061 -102.272077939 5
      vertex 14.280360125 -104.042294278 5
    endloop
  endfacet
  facet normal -0.751839807 -0.659345815 0
    outer loop
      vertex 12.727922061 -102.272077939 9
      vertex 14.280360125 -104.042294278 5
      vertex 14.280360125 -104.042294278 9
    endloop
  endfacet
  facet normal -0.659345815 -0.751839807 0
    outer loop
      vertex 10.957705722 -100.719639875 9
      vertex 10.957705722 -100.719639875 5
      vertex 12.727922061 -102.272077939 5
    endloop
  endfacet
  facet normal -0.659345815 -0.751839807 0
    outer loop
      vertex 10.957705722 -100.719639875 9
      vertex 12.727922061 -102.272077939 5
      vertex 12.727922061 -102.272077939 9
    endloop
  endfacet
  facet normal -0.555570233 -0.831469612 0
    outer loop
      vertex 9 -99.411542732 9
      vertex 9 -99.411542732 5
      vertex 10.957705722 -100.719639875 5
    endloop
  endfacet
  facet normal -0.555570233 -0.831469612 0
    outer loop
      vertex 9 -99.411542732 9
      vertex 10.957705722 -100.719639875 5
      vertex 10.957705722 -100.719639875 9
    endloop
  endfacet
  facet normal -0.44228869 -0.896872742 0
    outer loop
      vertex 6.888301783 -98.370168415 9
      vertex 6.888301783 -98.370168415 5
      vertex 9 -99.411542732 5
    endloop
  endfacet
  facet normal -0.44228869 -0.896872742 0
    outer loop
      vertex 6.888301783 -98.370168415 9
      vertex 9 -99.411542732 5
      vertex 9 -99.411542732 9
    endloop
  endfacet
  facet normal -0.321439465 -0.946930129 0
    outer loop
      vertex 4.658742812 -97.613335127 9
      vertex 4.658742812 -97.613335127 5
      vertex 6.888301783 -98.370168415 5
    endloop
  endfacet
  facet normal -0.321439465 -0.946930129 0
    outer loop
      vertex 4.658742812 -97.613335127 9
      vertex 6.888301783 -98.370168415 5
      vertex 6.888301783 -98.370168415 9
    endloop
  endfacet
  facet normal -0.195090322 -0.98078528 0
    outer loop
      vertex 2.34947146 -97.153992495 9
      vertex 2.34947146 -97.153992495 5
      vertex 4.658742812 -97.613335127 5
    endloop
  endfacet
  facet normal -0.195090322 -0.98078528 0
    outer loop
      vertex 2.34947146 -97.153992495 9
      vertex 4.658742812 -97.613335127 5
      vertex 4.658742812 -97.613335127 9
    endloop
  endfacet
  facet normal -0.065403129 -0.997858923 0
    outer loop
      vertex 0 -97 9
      vertex 0 -97 5
      vertex 2.34947146 -97.153992495 5
    endloop
  endfacet
  facet normal -0.065403129 -0.997858923 0
    outer loop
      vertex 0 -97 9
      vertex 2.34947146 -97.153992495 5
      vertex 2.34947146 -97.153992495 9
    endloop
  endfacet
  facet normal 0.065403129 -0.997858923 0
    outer loop
      vertex -2.34947146 -97.153992495 9
      vertex -2.34947146 -97.153992495 5
      vertex 0 -97 5
    endloop
  endfacet
  facet normal 0.065403129 -0.997858923 0
    outer loop
      vertex -2.34947146 -97.153992495 9
      vertex 0 -97 5
      vertex 0 -97 9
    endloop
  endfacet
  facet normal 0.195090322 -0.98078528 0
    outer loop
      vertex -4.658742812 -97.613335127 9
      vertex -4.658742812 -97.613335127 5
      vertex -2.34947146 -97.153992495 5
    endloop
  endfacet
  facet normal 0.195090322 -0.98078528 0
    outer loop
      vertex -4.658742812 -97.613335127 9
      vertex -2.34947146 -97.153992495 5
      vertex -2.34947146 -97.153992495 9
    endloop
  endfacet
  facet normal 0.321439465 -0.946930129 0
    outer loop
      vertex -6.888301783 -98.370168415 9
      vertex -6.888301783 -98.370168415 5
      vertex -4.658742812 -97.613335127 5
    endloop
  endfacet
  facet normal 0.321439465 -0.946930129 0
    outer loop
      vertex -6.888301783 -98.370168415 9
      vertex -4.658742812 -97.613335127 5
      vertex -4.658742812 -97.613335127 9
    endloop
  endfacet
  facet normal 0.44228869 -0.896872742 0
    outer loop
      vertex -9 -99.411542732 9
      vertex -9 -99.411542732 5
      vertex -6.888301783 -98.370168415 5
    endloop
  endfacet
  facet normal 0.44228869 -0.896872742 0
    outer loop
      vertex -9 -99.411542732 9
      vertex -6.888301783 -98.370168415 5
      vertex -6.888301783 -98.370168415 9
    endloop
  endfacet
  facet normal 0.555570233 -0.831469612 0
    outer loop
      vertex -10.957705722 -100.719639875 9
      vertex -10.957705722 -100.719639875 5
      vertex -9 -99.411542732 5
    endloop
  endfacet
  facet normal 0.555570233 -0.831469612 0
    outer loop
      vertex -10.957705722 -100.719639875 9
      vertex -9 -99.411542732 5
      vertex -9 -99.411542732 9
    endloop
  endfacet
  facet normal 0.659345815 -0.751839807 0
    outer loop
      vertex -12.727922061 -102.272077939 9
      vertex -12.727922061 -102.272077939 5
      vertex -10.957705722 -100.719639875 5
    endloop
  endfacet
  facet normal 0.659345815 -0.751839807 0
    outer loop
      vertex -12.727922061 -102.272077939 9
      vertex -10.957705722 -100.719639875 5
      vertex -10.957705722 -100.719639875 9
    endloop
  endfacet
  facet normal 0.751839807 -0.659345815 0
    outer loop
      vertex -14.280360125 -104.042294278 9
      vertex -14.280360125 -104.042294278 5
      vertex -12.727922061 -102.272077939 5
    endloop
  endfacet
  facet normal 0.751839807 -0.659345815 0
    outer loop
      vertex -14.280360125 -104.042294278 9
      vertex -12.727922061 -102.272077939 5
      vertex -12.727922061 -102.272077939 9
    endloop
  endfacet
  facet normal 0.831469612 -0.555570233 0
    outer loop
      vertex -15.588457268 -106 9
      vertex -15.588457268 -106 5
      vertex -14.280360125 -104.042294278 5
    endloop
  endfacet
  facet normal 0.831469612 -0.555570233 0
    outer loop
      vertex -15.588457268 -106 9
      vertex -14.280360125 -104.042294278 5
      vertex -14.280360125 -104.042294278 9
    endloop
  endfacet
  facet normal 0.896872742 -0.44228869 0
    outer loop
      vertex -16.629831585 -108.111698217 9
      vertex -16.629831585 -108.111698217 5
      vertex -15.588457268 -106 5
    endloop
  endfacet
  facet normal 0.896872742 -0.44228869 0
    outer loop
      vertex -16.629831585 -108.111698217 9
      vertex -15.588457268 -106 5
      vertex -15.588457268 -106 9
    endloop
  endfacet
  facet normal 0.946930129 -0.321439465 0
    outer loop
      vertex -17.386664873 -110.341257188 9
      vertex -17.386664873 -110.341257188 5
      vertex -16.629831585 -108.111698217 5
    endloop
  endfacet
  facet normal 0.946930129 -0.321439465 0
    outer loop
      vertex -17.386664873 -110.341257188 9
      vertex -16.629831585 -108.111698217 5
      vertex -16.629831585 -108.111698217 9
    endloop
  endfacet
  facet normal 0.98078528 -0.195090322 0
    outer loop
      vertex -17.846007505 -112.65052854 9
      vertex -17.846007505 -112.65052854 5
      vertex -17.386664873 -110.341257188 5
    endloop
  endfacet
  facet normal 0.98078528 -0.195090322 0
    outer loop
      vertex -17.846007505 -112.65052854 9
      vertex -17.386664873 -110.341257188 5
      vertex -17.386664873 -110.341257188 9
    endloop
  endfacet
  facet normal 0.997858923 -0.065403129 0
    outer loop
      vertex -18 -115 9
      vertex -18 -115 5
      vertex -17.846007505 -112.65052854 5
    endloop
  endfacet
  facet normal 0.997858923 -0.065403129 0
    outer loop
      vertex -18 -115 9
      vertex -17.846007505 -112.65052854 5
      vertex -17.846007505 -112.65052854 9
    endloop
  endfacet
  facet normal 0.997858923 0.065403129 0
    outer loop
      vertex -17.846007505 -117.34947146 9
      vertex -17.846007505 -117.34947146 5
      vertex -18 -115 5
    endloop
  endfacet
  facet normal 0.997858923 0.065403129 0
    outer loop
      vertex -17.846007505 -117.34947146 9
      vertex -18 -115 5
      vertex -18 -115 9
    endloop
  endfacet
  facet normal 0.98078528 0.195090322 0
    outer loop
      vertex -17.386664873 -119.658742812 9
      vertex -17.386664873 -119.658742812 5
      vertex -17.846007505 -117.34947146 5
    endloop
  endfacet
  facet normal 0.98078528 0.195090322 0
    outer loop
      vertex -17.386664873 -119.658742812 9
      vertex -17.846007505 -117.34947146 5
      vertex -17.846007505 -117.34947146 9
    endloop
  endfacet
  facet normal 0.946930129 0.321439465 0
    outer loop
      vertex -16.629831585 -121.888301783 9
      vertex -16.629831585 -121.888301783 5
      vertex -17.386664873 -119.658742812 5
    endloop
  endfacet
  facet normal 0.946930129 0.321439465 0
    outer loop
      vertex -16.629831585 -121.888301783 9
      vertex -17.386664873 -119.658742812 5
      vertex -17.386664873 -119.658742812 9
    endloop
  endfacet
  facet normal 0.896872742 0.44228869 0
    outer loop
      vertex -15.588457268 -124 9
      vertex -15.588457268 -124 5
      vertex -16.629831585 -121.888301783 5
    endloop
  endfacet
  facet normal 0.896872742 0.44228869 0
    outer loop
      vertex -15.588457268 -124 9
      vertex -16.629831585 -121.888301783 5
      vertex -16.629831585 -121.888301783 9
    endloop
  endfacet
  facet normal 0.831469612 0.555570233 0
    outer loop
      vertex -14.280360125 -125.957705722 9
      vertex -14.280360125 -125.957705722 5
      vertex -15.588457268 -124 5
    endloop
  endfacet
  facet normal 0.831469612 0.555570233 0
    outer loop
      vertex -14.280360125 -125.957705722 9
      vertex -15.588457268 -124 5
      vertex -15.588457268 -124 9
    endloop
  endfacet
  facet normal 0.751839807 0.659345815 0
    outer loop
      vertex -12.727922061 -127.727922061 9
      vertex -12.727922061 -127.727922061 5
      vertex -14.280360125 -125.957705722 5
    endloop
  endfacet
  facet normal 0.751839807 0.659345815 0
    outer loop
      vertex -12.727922061 -127.727922061 9
      vertex -14.280360125 -125.957705722 5
      vertex -14.280360125 -125.957705722 9
    endloop
  endfacet
  facet normal 0.659345815 0.751839807 0
    outer loop
      vertex -10.957705722 -129.280360125 9
      vertex -10.957705722 -129.280360125 5
      vertex -12.727922061 -127.727922061 5
    endloop
  endfacet
  facet normal 0.659345815 0.751839807 0
    outer loop
      vertex -10.957705722 -129.280360125 9
      vertex -12.727922061 -127.727922061 5
      vertex -12.727922061 -127.727922061 9
    endloop
  endfacet
  facet normal 0.555570233 0.831469612 0
    outer loop
      vertex -9 -130.588457268 9
      vertex -9 -130.588457268 5
      vertex -10.957705722 -129.280360125 5
    endloop
  endfacet
  facet normal 0.555570233 0.831469612 0
    outer loop
      vertex -9 -130.588457268 9
      vertex -10.957705722 -129.280360125 5
      vertex -10.957705722 -129.280360125 9
    endloop
  endfacet
  facet normal 0.44228869 0.896872742 0
    outer loop
      vertex -6.888301783 -131.629831585 9
      vertex -6.888301783 -131.629831585 5
      vertex -9 -130.588457268 5
    endloop
  endfacet
  facet normal 0.44228869 0.896872742 0
    outer loop
      vertex -6.888301783 -131.629831585 9
      vertex -9 -130.588457268 5
      vertex -9 -130.588457268 9
    endloop
  endfacet
  facet normal 0.321439465 0.946930129 0
    outer loop
      vertex -4.658742812 -132.386664873 9
      vertex -4.658742812 -132.386664873 5
      vertex -6.888301783 -131.629831585 5
    endloop
  endfacet
  facet normal 0.321439465 0.946930129 0
    outer loop
      vertex -4.658742812 -132.386664873 9
      vertex -6.888301783 -131.629831585 5
      vertex -6.888301783 -131.629831585 9
    endloop
  endfacet
  facet normal 0.195090322 0.98078528 0
    outer loop
      vertex -2.34947146 -132.846007505 9
      vertex -2.34947146 -132.846007505 5
      vertex -4.658742812 -132.386664873 5
    endloop
  endfacet
  facet normal 0.195090322 0.98078528 0
    outer loop
      vertex -2.34947146 -132.846007505 9
      vertex -4.658742812 -132.386664873 5
      vertex -4.658742812 -132.386664873 9
    endloop
  endfacet
  facet normal 0.065403129 0.997858923 0
    outer loop
      vertex 0 -133 9
      vertex 0 -133 5
      vertex -2.34947146 -132.846007505 5
    endloop
  endfacet
  facet normal 0.065403129 0.997858923 0
    outer loop
      vertex 0 -133 9
      vertex -2.34947146 -132.846007505 5
      vertex -2.34947146 -132.846007505 9
    endloop
  endfacet
  facet normal -0.065403129 0.997858923 0
    outer loop
      vertex 2.34947146 -132.846007505 9
      vertex 2.34947146 -132.846007505 5
      vertex 0 -133 5
    endloop
  endfacet
  facet normal -0.065403129 0.997858923 0
    outer loop
      vertex 2.34947146 -132.846007505 9
      vertex 0 -133 5
      vertex 0 -133 9
    endloop
  endfacet
  facet normal -0.195090322 0.98078528 0
    outer loop
      vertex 4.658742812 -132.386664873 9
      vertex 4.658742812 -132.386664873 5
      vertex 2.34947146 -132.846007505 5
    endloop
  endfacet
  facet normal -0.195090322 0.98078528 0
    outer loop
      vertex 4.658742812 -132.386664873 9
      vertex 2.34947146 -132.846007505 5
      vertex 2.34947146 -132.846007505 9
    endloop
  endfacet
  facet normal -0.321439465 0.946930129 0
    outer loop
      vertex 6.888301783 -131.629831585 9
      vertex 6.888301783 -131.629831585 5
      vertex 4.658742812 -132.386664873 5
    endloop
  endfacet
  facet normal -0.321439465 0.946930129 0
    outer loop
      vertex 6.888301783 -131.629831585 9
      vertex 4.658742812 -132.386664873 5
      vertex 4.658742812 -132.386664873 9
    endloop
  endfacet
  facet normal -0.44228869 0.896872742 0
    outer loop
      vertex 9 -130.588457268 9
      vertex 9 -130.588457268 5
      vertex 6.888301783 -131.629831585 5
    endloop
  endfacet
  facet normal -0.44228869 0.896872742 0
    outer loop
      vertex 9 -130.588457268 9
      vertex 6.888301783 -131.629831585 5
      vertex 6.888301783 -131.629831585 9
    endloop
  endfacet
  facet normal -0.555570233 0.831469612 0
    outer loop
      vertex 10.957705722 -129.280360125 9
      vertex 10.957705722 -129.280360125 5
      vertex 9 -130.588457268 5
    endloop
  endfacet
  facet normal -0.555570233 0.831469612 0
    outer loop
      vertex 10.957705722 -129.280360125 9
      vertex 9 -130.588457268 5
      vertex 9 -130.588457268 9
    endloop
  endfacet
  facet normal -0.659345815 0.751839807 0
    outer loop
      vertex 12.727922061 -127.727922061 9
      vertex 12.727922061 -127.727922061 5
      vertex 10.957705722 -129.280360125 5
    endloop
  endfacet
  facet normal -0.659345815 0.751839807 0
    outer loop
      vertex 12.727922061 -127.727922061 9
      vertex 10.957705722 -129.280360125 5
      vertex 10.957705722 -129.280360125 9
    endloop
  endfacet
  facet normal -0.751839807 0.659345815 0
    outer loop
      vertex 14.280360125 -125.957705722 9
      vertex 14.280360125 -125.957705722 5
      vertex 12.727922061 -127.727922061 5
    endloop
  endfacet
  facet normal -0.751839807 0.659345815 0
    outer loop
      vertex 14.280360125 -125.957705722 9
      vertex 12.727922061 -127.727922061 5
      vertex 12.727922061 -127.727922061 9
    endloop
  endfacet
  facet normal -0.831469612 0.555570233 0
    outer loop
      vertex 15.588457268 -124 9
      vertex 15.588457268 -124 5
      vertex 14.280360125 -125.957705722 5
    endloop
  endfacet
  facet normal -0.831469612 0.555570233 0
    outer loop
      vertex 15.588457268 -124 9
      vertex 14.280360125 -125.957705722 5
      vertex 14.280360125 -125.957705722 9
    endloop
  endfacet
  facet normal -0.896872742 0.44228869 0
    outer loop
      vertex 16.629831585 -121.888301783 9
      vertex 16.629831585 -121.888301783 5
      vertex 15.588457268 -124 5
    endloop
  endfacet
  facet normal -0.896872742 0.44228869 0
    outer loop
      vertex 16.629831585 -121.888301783 9
      vertex 15.588457268 -124 5
      vertex 15.588457268 -124 9
    endloop
  endfacet
  facet normal -0.946930129 0.321439465 0
    outer loop
      vertex 17.386664873 -119.658742812 9
      vertex 17.386664873 -119.658742812 5
      vertex 16.629831585 -121.888301783 5
    endloop
  endfacet
  facet normal -0.946930129 0.321439465 0
    outer loop
      vertex 17.386664873 -119.658742812 9
      vertex 16.629831585 -121.888301783 5
      vertex 16.629831585 -121.888301783 9
    endloop
  endfacet
  facet normal -0.98078528 0.195090322 0
    outer loop
      vertex 17.846007505 -117.34947146 9
      vertex 17.846007505 -117.34947146 5
      vertex 17.386664873 -119.658742812 5
    endloop
  endfacet
  facet normal -0.98078528 0.195090322 0
    outer loop
      vertex 17.846007505 -117.34947146 9
      vertex 17.386664873 -119.658742812 5
      vertex 17.386664873 -119.658742812 9
    endloop
  endfacet
  facet normal 0.997858923 -0.065403129 0
    outer loop
      vertex 126.897338336 -1.566314307 9
      vertex 127 0 9
      vertex 127 0 15
    endloop
  endfacet
  facet normal 0.997858923 -0.065403129 0
    outer loop
      vertex 126.897338336 -1.566314307 9
      vertex 127 0 15
      vertex 126.897338336 -1.566314307 15
    endloop
  endfacet
  facet normal 0.997858923 0.065403129 0
    outer loop
      vertex 127 0 9
      vertex 126.897338336 1.566314307 9
      vertex 126.897338336 1.566314307 15
    endloop
  endfacet
  facet normal 0.997858923 0.065403129 0
    outer loop
      vertex 127 0 9
      vertex 126.897338336 1.566314307 15
      vertex 127 0 15
    endloop
  endfacet
  facet normal 0.98078528 0.195090322 0
    outer loop
      vertex 126.897338336 1.566314307 9
      vertex 126.591109915 3.105828541 9
      vertex 126.591109915 3.105828541 15
    endloop
  endfacet
  facet normal 0.98078528 0.195090322 0
    outer loop
      vertex 126.897338336 1.566314307 9
      vertex 126.591109915 3.105828541 15
      vertex 126.897338336 1.566314307 15
    endloop
  endfacet
  facet normal 0.946930129 0.321439465 0
    outer loop
      vertex 126.591109915 3.105828541 9
      vertex 126.08655439 4.592201188 9
      vertex 126.08655439 4.592201188 15
    endloop
  endfacet
  facet normal 0.946930129 0.321439465 0
    outer loop
      vertex 126.591109915 3.105828541 9
      vertex 126.08655439 4.592201188 15
      vertex 126.591109915 3.105828541 15
    endloop
  endfacet
  facet normal 0.896872742 0.44228869 0
    outer loop
      vertex 126.08655439 4.592201188 9
      vertex 125.392304845 6 9
      vertex 125.392304845 6 15
    endloop
  endfacet
  facet normal 0.896872742 0.44228869 0
    outer loop
      vertex 126.08655439 4.592201188 9
      vertex 125.392304845 6 15
      vertex 126.08655439 4.592201188 15
    endloop
  endfacet
  facet normal 0.831469612 0.555570233 0
    outer loop
      vertex 125.392304845 6 9
      vertex 124.520240083 7.305137148 9
      vertex 124.520240083 7.305137148 15
    endloop
  endfacet
  facet normal 0.831469612 0.555570233 0
    outer loop
      vertex 125.392304845 6 9
      vertex 124.520240083 7.305137148 15
      vertex 125.392304845 6 15
    endloop
  endfacet
  facet normal 0.751839807 0.659345815 0
    outer loop
      vertex 124.520240083 7.305137148 9
      vertex 123.485281374 8.485281374 9
      vertex 123.485281374 8.485281374 15
    endloop
  endfacet
  facet normal 0.751839807 0.659345815 0
    outer loop
      vertex 124.520240083 7.305137148 9
      vertex 123.485281374 8.485281374 15
      vertex 124.520240083 7.305137148 15
    endloop
  endfacet
  facet normal 0.659345815 0.751839807 0
    outer loop
      vertex 123.485281374 8.485281374 9
      vertex 122.305137148 9.520240083 9
      vertex 122.305137148 9.520240083 15
    endloop
  endfacet
  facet normal 0.659345815 0.751839807 0
    outer loop
      vertex 123.485281374 8.485281374 9
      vertex 122.305137148 9.520240083 15
      vertex 123.485281374 8.485281374 15
    endloop
  endfacet
  facet normal 0.555570233 0.831469612 0
    outer loop
      vertex 122.305137148 9.520240083 9
      vertex 121 10.392304845 9
      vertex 121 10.392304845 15
    endloop
  endfacet
  facet normal 0.555570233 0.831469612 0
    outer loop
      vertex 122.305137148 9.520240083 9
      vertex 121 10.392304845 15
      vertex 122.305137148 9.520240083 15
    endloop
  endfacet
  facet normal 0.44228869 0.896872742 0
    outer loop
      vertex 121 10.392304845 9
      vertex 119.592201188 11.08655439 9
      vertex 119.592201188 11.08655439 15
    endloop
  endfacet
  facet normal 0.44228869 0.896872742 0
    outer loop
      vertex 121 10.392304845 9
      vertex 119.592201188 11.08655439 15
      vertex 121 10.392304845 15
    endloop
  endfacet
  facet normal 0.321439465 0.946930129 0
    outer loop
      vertex 119.592201188 11.08655439 9
      vertex 118.105828541 11.591109915 9
      vertex 118.105828541 11.591109915 15
    endloop
  endfacet
  facet normal 0.321439465 0.946930129 0
    outer loop
      vertex 119.592201188 11.08655439 9
      vertex 118.105828541 11.591109915 15
      vertex 119.592201188 11.08655439 15
    endloop
  endfacet
  facet normal 0.195090322 0.98078528 0
    outer loop
      vertex 118.105828541 11.591109915 9
      vertex 116.566314307 11.897338336 9
      vertex 116.566314307 11.897338336 15
    endloop
  endfacet
  facet normal 0.195090322 0.98078528 0
    outer loop
      vertex 118.105828541 11.591109915 9
      vertex 116.566314307 11.897338336 15
      vertex 118.105828541 11.591109915 15
    endloop
  endfacet
  facet normal 0.065403129 0.997858923 0
    outer loop
      vertex 116.566314307 11.897338336 9
      vertex 115 12 9
      vertex 115 12 15
    endloop
  endfacet
  facet normal 0.065403129 0.997858923 0
    outer loop
      vertex 116.566314307 11.897338336 9
      vertex 115 12 15
      vertex 116.566314307 11.897338336 15
    endloop
  endfacet
  facet normal -0.065403129 0.997858923 0
    outer loop
      vertex 115 12 9
      vertex 113.433685693 11.897338336 9
      vertex 113.433685693 11.897338336 15
    endloop
  endfacet
  facet normal -0.065403129 0.997858923 0
    outer loop
      vertex 115 12 9
      vertex 113.433685693 11.897338336 15
      vertex 115 12 15
    endloop
  endfacet
  facet normal -0.195090322 0.98078528 0
    outer loop
      vertex 113.433685693 11.897338336 9
      vertex 111.894171459 11.591109915 9
      vertex 111.894171459 11.591109915 15
    endloop
  endfacet
  facet normal -0.195090322 0.98078528 0
    outer loop
      vertex 113.433685693 11.897338336 9
      vertex 111.894171459 11.591109915 15
      vertex 113.433685693 11.897338336 15
    endloop
  endfacet
  facet normal -0.321439465 0.946930129 0
    outer loop
      vertex 111.894171459 11.591109915 9
      vertex 110.407798812 11.08655439 9
      vertex 110.407798812 11.08655439 15
    endloop
  endfacet
  facet normal -0.321439465 0.946930129 0
    outer loop
      vertex 111.894171459 11.591109915 9
      vertex 110.407798812 11.08655439 15
      vertex 111.894171459 11.591109915 15
    endloop
  endfacet
  facet normal -0.44228869 0.896872742 0
    outer loop
      vertex 110.407798812 11.08655439 9
      vertex 109 10.392304845 9
      vertex 109 10.392304845 15
    endloop
  endfacet
  facet normal -0.44228869 0.896872742 0
    outer loop
      vertex 110.407798812 11.08655439 9
      vertex 109 10.392304845 15
      vertex 110.407798812 11.08655439 15
    endloop
  endfacet
  facet normal -0.555570233 0.831469612 0
    outer loop
      vertex 109 10.392304845 9
      vertex 107.694862852 9.520240083 9
      vertex 107.694862852 9.520240083 15
    endloop
  endfacet
  facet normal -0.555570233 0.831469612 0
    outer loop
      vertex 109 10.392304845 9
      vertex 107.694862852 9.520240083 15
      vertex 109 10.392304845 15
    endloop
  endfacet
  facet normal -0.659345815 0.751839807 0
    outer loop
      vertex 107.694862852 9.520240083 9
      vertex 106.514718626 8.485281374 9
      vertex 106.514718626 8.485281374 15
    endloop
  endfacet
  facet normal -0.659345815 0.751839807 0
    outer loop
      vertex 107.694862852 9.520240083 9
      vertex 106.514718626 8.485281374 15
      vertex 107.694862852 9.520240083 15
    endloop
  endfacet
  facet normal -0.751839807 0.659345815 0
    outer loop
      vertex 106.514718626 8.485281374 9
      vertex 105.479759917 7.305137148 9
      vertex 105.479759917 7.305137148 15
    endloop
  endfacet
  facet normal -0.751839807 0.659345815 0
    outer loop
      vertex 106.514718626 8.485281374 9
      vertex 105.479759917 7.305137148 15
      vertex 106.514718626 8.485281374 15
    endloop
  endfacet
  facet normal -0.831469612 0.555570233 0
    outer loop
      vertex 105.479759917 7.305137148 9
      vertex 104.607695155 6 9
      vertex 104.607695155 6 15
    endloop
  endfacet
  facet normal -0.831469612 0.555570233 0
    outer loop
      vertex 105.479759917 7.305137148 9
      vertex 104.607695155 6 15
      vertex 105.479759917 7.305137148 15
    endloop
  endfacet
  facet normal -0.896872742 0.44228869 0
    outer loop
      vertex 104.607695155 6 9
      vertex 103.91344561 4.592201188 9
      vertex 103.91344561 4.592201188 15
    endloop
  endfacet
  facet normal -0.896872742 0.44228869 0
    outer loop
      vertex 104.607695155 6 9
      vertex 103.91344561 4.592201188 15
      vertex 104.607695155 6 15
    endloop
  endfacet
  facet normal -0.946930129 0.321439465 0
    outer loop
      vertex 103.91344561 4.592201188 9
      vertex 103.408890085 3.105828541 9
      vertex 103.408890085 3.105828541 15
    endloop
  endfacet
  facet normal -0.946930129 0.321439465 0
    outer loop
      vertex 103.91344561 4.592201188 9
      vertex 103.408890085 3.105828541 15
      vertex 103.91344561 4.592201188 15
    endloop
  endfacet
  facet normal -0.98078528 0.195090322 0
    outer loop
      vertex 103.408890085 3.105828541 9
      vertex 103.102661664 1.566314307 9
      vertex 103.102661664 1.566314307 15
    endloop
  endfacet
  facet normal -0.98078528 0.195090322 0
    outer loop
      vertex 103.408890085 3.105828541 9
      vertex 103.102661664 1.566314307 15
      vertex 103.408890085 3.105828541 15
    endloop
  endfacet
  facet normal -0.997858923 0.065403129 0
    outer loop
      vertex 103.102661664 1.566314307 9
      vertex 103 0 9
      vertex 103 0 15
    endloop
  endfacet
  facet normal -0.997858923 0.065403129 0
    outer loop
      vertex 103.102661664 1.566314307 9
      vertex 103 0 15
      vertex 103.102661664 1.566314307 15
    endloop
  endfacet
  facet normal -0.997858923 -0.065403129 0
    outer loop
      vertex 103 0 9
      vertex 103.102661664 -1.566314307 9
      vertex 103.102661664 -1.566314307 15
    endloop
  endfacet
  facet normal -0.997858923 -0.065403129 0
    outer loop
      vertex 103 0 9
      vertex 103.102661664 -1.566314307 15
      vertex 103 0 15
    endloop
  endfacet
  facet normal -0.98078528 -0.195090322 0
    outer loop
      vertex 103.102661664 -1.566314307 9
      vertex 103.408890085 -3.105828541 9
      vertex 103.408890085 -3.105828541 15
    endloop
  endfacet
  facet normal -0.98078528 -0.195090322 0
    outer loop
      vertex 103.102661664 -1.566314307 9
      vertex 103.408890085 -3.105828541 15
      vertex 103.102661664 -1.566314307 15
    endloop
  endfacet
  facet normal -0.946930129 -0.321439465 0
    outer loop
      vertex 103.408890085 -3.105828541 9
      vertex 103.91344561 -4.592201188 9
      vertex 103.91344561 -4.592201188 15
    endloop
  endfacet
  facet normal -0.946930129 -0.321439465 0
    outer loop
      vertex 103.408890085 -3.105828541 9
      vertex 103.91344561 -4.592201188 15
      vertex 103.408890085 -3.105828541 15
    endloop
  endfacet
  facet normal -0.896872742 -0.44228869 0
    outer loop
      vertex 103.91344561 -4.592201188 9
      vertex 104.607695155 -6 9
      vertex 104.607695155 -6 15
    endloop
  endfacet
  facet normal -0.896872742 -0.44228869 0
    outer loop
      vertex 103.91344561 -4.592201188 9
      vertex 104.607695155 -6 15
      vertex 103.91344561 -4.592201188 15
    endloop
  endfacet
  facet normal -0.831469612 -0.555570233 0
    outer loop
      vertex 104.607695155 -6 9
      vertex 105.479759917 -7.305137148 9
      vertex 105.479759917 -7.305137148 15
    endloop
  endfacet
  facet normal -0.831469612 -0.555570233 0
    outer loop
      vertex 104.607695155 -6 9
      vertex 105.479759917 -7.305137148 15
      vertex 104.607695155 -6 15
    endloop
  endfacet
  facet normal -0.751839807 -0.659345815 0
    outer loop
      vertex 105.479759917 -7.305137148 9
      vertex 106.514718626 -8.485281374 9
      vertex 106.514718626 -8.485281374 15
    endloop
  endfacet
  facet normal -0.751839807 -0.659345815 0
    outer loop
      vertex 105.479759917 -7.305137148 9
      vertex 106.514718626 -8.485281374 15
      vertex 105.479759917 -7.305137148 15
    endloop
  endfacet
  facet normal -0.659345815 -0.751839807 0
    outer loop
      vertex 106.514718626 -8.485281374 9
      vertex 107.694862852 -9.520240083 9
      vertex 107.694862852 -9.520240083 15
    endloop
  endfacet
  facet normal -0.659345815 -0.751839807 0
    outer loop
      vertex 106.514718626 -8.485281374 9
      vertex 107.694862852 -9.520240083 15
      vertex 106.514718626 -8.485281374 15
    endloop
  endfacet
  facet normal -0.555570233 -0.831469612 0
    outer loop
      vertex 107.694862852 -9.520240083 9
      vertex 109 -10.392304845 9
      vertex 109 -10.392304845 15
    endloop
  endfacet
  facet normal -0.555570233 -0.831469612 0
    outer loop
      vertex 107.694862852 -9.520240083 9
      vertex 109 -10.392304845 15
      vertex 107.694862852 -9.520240083 15
    endloop
  endfacet
  facet normal -0.44228869 -0.896872742 0
    outer loop
      vertex 109 -10.392304845 9
      vertex 110.407798812 -11.08655439 9
      vertex 110.407798812 -11.08655439 15
    endloop
  endfacet
  facet normal -0.44228869 -0.896872742 0
    outer loop
      vertex 109 -10.392304845 9
      vertex 110.407798812 -11.08655439 15
      vertex 109 -10.392304845 15
    endloop
  endfacet
  facet normal -0.321439465 -0.946930129 0
    outer loop
      vertex 110.407798812 -11.08655439 9
      vertex 111.894171459 -11.591109915 9
      vertex 111.894171459 -11.591109915 15
    endloop
  endfacet
  facet normal -0.321439465 -0.946930129 0
    outer loop
      vertex 110.407798812 -11.08655439 9
      vertex 111.894171459 -11.591109915 15
      vertex 110.407798812 -11.08655439 15
    endloop
  endfacet
  facet normal -0.195090322 -0.98078528 0
    outer loop
      vertex 111.894171459 -11.591109915 9
      vertex 113.433685693 -11.897338336 9
      vertex 113.433685693 -11.897338336 15
    endloop
  endfacet
  facet normal -0.195090322 -0.98078528 0
    outer loop
      vertex 111.894171459 -11.591109915 9
      vertex 113.433685693 -11.897338336 15
      vertex 111.894171459 -11.591109915 15
    endloop
  endfacet
  facet normal -0.065403129 -0.997858923 0
    outer loop
      vertex 113.433685693 -11.897338336 9
      vertex 115 -12 9
      vertex 115 -12 15
    endloop
  endfacet
  facet normal -0.065403129 -0.997858923 0
    outer loop
      vertex 113.433685693 -11.897338336 9
      vertex 115 -12 15
      vertex 113.433685693 -11.897338336 15
    endloop
  endfacet
  facet normal 0.065403129 -0.997858923 0
    outer loop
      vertex 115 -12 9
      vertex 116.566314307 -11.897338336 9
      vertex 116.566314307 -11.897338336 15
    endloop
  endfacet
  facet normal 0.065403129 -0.997858923 0
    outer loop
      vertex 115 -12 9
      vertex 116.566314307 -11.897338336 15
      vertex 115 -12 15
    endloop
  endfacet
  facet normal 0.195090322 -0.98078528 0
    outer loop
      vertex 116.566314307 -11.897338336 9
      vertex 118.105828541 -11.591109915 9
      vertex 118.105828541 -11.591109915 15
    endloop
  endfacet
  facet normal 0.195090322 -0.98078528 0
    outer loop
      vertex 116.566314307 -11.897338336 9
      vertex 118.105828541 -11.591109915 15
      vertex 116.566314307 -11.897338336 15
    endloop
  endfacet
  facet normal 0.321439465 -0.946930129 0
    outer loop
      vertex 118.105828541 -11.591109915 9
      vertex 119.592201188 -11.08655439 9
      vertex 119.592201188 -11.08655439 15
    endloop
  endfacet
  facet normal 0.321439465 -0.946930129 0
    outer loop
      vertex 118.105828541 -11.591109915 9
      vertex 119.592201188 -11.08655439 15
      vertex 118.105828541 -11.591109915 15
    endloop
  endfacet
  facet normal 0.44228869 -0.896872742 0
    outer loop
      vertex 119.592201188 -11.08655439 9
      vertex 121 -10.392304845 9
      vertex 121 -10.392304845 15
    endloop
  endfacet
  facet normal 0.44228869 -0.896872742 0
    outer loop
      vertex 119.592201188 -11.08655439 9
      vertex 121 -10.392304845 15
      vertex 119.592201188 -11.08655439 15
    endloop
  endfacet
  facet normal 0.555570233 -0.831469612 0
    outer loop
      vertex 121 -10.392304845 9
      vertex 122.305137148 -9.520240083 9
      vertex 122.305137148 -9.520240083 15
    endloop
  endfacet
  facet normal 0.555570233 -0.831469612 0
    outer loop
      vertex 121 -10.392304845 9
      vertex 122.305137148 -9.520240083 15
      vertex 121 -10.392304845 15
    endloop
  endfacet
  facet normal 0.659345815 -0.751839807 0
    outer loop
      vertex 122.305137148 -9.520240083 9
      vertex 123.485281374 -8.485281374 9
      vertex 123.485281374 -8.485281374 15
    endloop
  endfacet
  facet normal 0.659345815 -0.751839807 0
    outer loop
      vertex 122.305137148 -9.520240083 9
      vertex 123.485281374 -8.485281374 15
      vertex 122.305137148 -9.520240083 15
    endloop
  endfacet
  facet normal 0.751839807 -0.659345815 0
    outer loop
      vertex 123.485281374 -8.485281374 9
      vertex 124.520240083 -7.305137148 9
      vertex 124.520240083 -7.305137148 15
    endloop
  endfacet
  facet normal 0.751839807 -0.659345815 0
    outer loop
      vertex 123.485281374 -8.485281374 9
      vertex 124.520240083 -7.305137148 15
      vertex 123.485281374 -8.485281374 15
    endloop
  endfacet
  facet normal 0.831469612 -0.555570233 0
    outer loop
      vertex 124.520240083 -7.305137148 9
      vertex 125.392304845 -6 9
      vertex 125.392304845 -6 15
    endloop
  endfacet
  facet normal 0.831469612 -0.555570233 0
    outer loop
      vertex 124.520240083 -7.305137148 9
      vertex 125.392304845 -6 15
      vertex 124.520240083 -7.305137148 15
    endloop
  endfacet
  facet normal 0.896872742 -0.44228869 0
    outer loop
      vertex 125.392304845 -6 9
      vertex 126.08655439 -4.592201188 9
      vertex 126.08655439 -4.592201188 15
    endloop
  endfacet
  facet normal 0.896872742 -0.44228869 0
    outer loop
      vertex 125.392304845 -6 9
      vertex 126.08655439 -4.592201188 15
      vertex 125.392304845 -6 15
    endloop
  endfacet
  facet normal 0.946930129 -0.321439465 0
    outer loop
      vertex 126.08655439 -4.592201188 9
      vertex 126.591109915 -3.105828541 9
      vertex 126.591109915 -3.105828541 15
    endloop
  endfacet
  facet normal 0.946930129 -0.321439465 0
    outer loop
      vertex 126.08655439 -4.592201188 9
      vertex 126.591109915 -3.105828541 15
      vertex 126.08655439 -4.592201188 15
    endloop
  endfacet
  facet normal 0.98078528 -0.195090322 0
    outer loop
      vertex 126.591109915 -3.105828541 9
      vertex 126.897338336 -1.566314307 9
      vertex 126.897338336 -1.566314307 15
    endloop
  endfacet
  facet normal 0.98078528 -0.195090322 0
    outer loop
      vertex 126.591109915 -3.105828541 9
      vertex 126.897338336 -1.566314307 15
      vertex 126.591109915 -3.105828541 15
    endloop
  endfacet
  facet normal 0 0 1
    outer loop
      vertex 126.591109915 -3.105828541 15
      vertex 126.897338336 -1.566314307 15
      vertex 127 0 15
    endloop
  endfacet
  facet normal 0 0 1
    outer loop
      vertex 127 0 15
      vertex 126.897338336 1.566314307 15
      vertex 126.591109915 3.105828541 15
    endloop
  endfacet
  facet normal 0 0 1
    outer loop
      vertex 126.591109915 3.105828541 15
      vertex 126.08655439 4.592201188 15
      vertex 125.392304845 6 15
    endloop
  endfacet
  facet normal 0 0 1
    outer loop
      vertex 125.392304845 6 15
      vertex 124.520240083 7.305137148 15
      vertex 123.485281374 8.485281374 15
    endloop
  endfacet
  facet normal 0 0 1
    outer loop
      vertex 123.485281374 8.485281374 15
      vertex 122.305137148 9.520240083 15
      vertex 121 10.392304845 15
    endloop
  endfacet
  facet normal 0 0 1
    outer loop
      vertex 121 10.392304845 15
      vertex 119.592201188 11.08655439 15
      vertex 118.105828541 11.591109915 15
    endloop
  endfacet
  facet normal 0 0 1
    outer loop
      vertex 118.105828541 11.591109915 15
      vertex 116.566314307 11.897338336 15
      vertex 115 12 15
    endloop
  endfacet
  facet normal 0 0 1
    outer loop
      vertex 115 12 15
      vertex 113.433685693 11.897338336 15
      vertex 111.894171459 11.591109915 15
    endloop
  endfacet
  facet normal 0 0 1
    outer loop
      vertex 111.894171459 11.591109915 15
      vertex 110.407798812 11.08655439 15
      vertex 109 10.392304845 15
    endloop
  endfacet
  facet normal 0 0 1
    outer loop
      vertex 109 10.392304845 15
      vertex 107.694862852 9.520240083 15
      vertex 106.514718626 8.485281374 15
    endloop
  endfacet
  facet normal 0 0 1
    outer loop
      vertex 106.514718626 8.485281374 15
      vertex 105.479759917 7.305137148 15
      vertex 104.607695155 6 15
    endloop
  endfacet
  facet normal 0 0 1
    outer loop
      vertex 104.607695155 6 15
      vertex 103.91344561 4.592201188 15
      vertex 103.408890085 3.105828541 15
    endloop
  endfacet
  facet normal 0 0 1
    outer loop
      vertex 103.408890085 3.105828541 15
      vertex 103.102661664 1.566314307 15
      vertex 103 0 15
    endloop
  endfacet
  facet normal 0 0 1
    outer loop
      vertex 103 0 15
      vertex 103.102661664 -1.566314307 15
      vertex 103.408890085 -3.105828541 15
    endloop
  endfacet
  facet normal 0 0 1
    outer loop
      vertex 103.408890085 -3.105828541 15
      vertex 103.91344561 -4.592201188 15
      vertex 104.607695155 -6 15
    endloop
  endfacet
  facet normal 0 0 1
    outer loop
      vertex 104.607695155 -6 15
      vertex 105.479759917 -7.305137148 15
      vertex 106.514718626 -8.485281374 15
    endloop
  endfacet
  facet normal 0 0 1
    outer loop
      vertex 106.514718626 -8.485281374 15
      vertex 107.694862852 -9.520240083 15
      vertex 109 -10.392304845 15
    endloop
  endfacet
  facet normal 0 0 1
    outer loop
      vertex 109 -10.392304845 15
      vertex 110.407798812 -11.08655439 15
      vertex 111.894171459 -11.591109915 15
    endloop
  endfacet
  facet normal 0 0 1
    outer loop
      vertex 111.894171459 -11.591109915 15
      vertex 113.433685693 -11.897338336 15
      vertex 115 -12 15
    endloop
  endfacet
  facet normal 0 0 1
    outer loop
      vertex 115 -12 15
      vertex 116.566314307 -11.897338336 15
      vertex 118.105828541 -11.591109915 15
    endloop
  endfacet
  facet normal 0 0 1
    outer loop
      vertex 118.105828541 -11.591109915 15
      vertex 119.592201188 -11.08655439 15
      vertex 121 -10.392304845 15
    endloop
  endfacet
  facet normal 0 0 1
    outer loop
      vertex 121 -10.392304845 15
      vertex 122.305137148 -9.520240083 15
      vertex 123.485281374 -8.485281374 15
    endloop
  endfacet
  facet normal 0 0 1
    outer loop
      vertex 123.485281374 -8.485281374 15
      vertex 124.520240083 -7.305137148 15
      vertex 125.392304845 -6 15
    endloop
  endfacet
  facet normal 0 0 1
    outer loop
      vertex 125.392304845 -6 15
      vertex 126.08655439 -4.592201188 15
      vertex 126.591109915 -3.105828541 15
    endloop
  endfacet
  facet normal 0 0 1
    outer loop
      vertex 126.591109915 -3.105828541 15
      vertex 127 0 15
      vertex 126.591109915 3.105828541 15
    endloop
  endfacet
  facet normal 0 0 1
    outer loop
      vertex 126.591109915 3.105828541 15
      vertex 125.392304845 6 15
      vertex 123.485281374 8.485281374 15
    endloop
  endfacet
  facet normal 0 0 1
    outer loop
      vertex 123.485281374 8.485281374 15
      vertex 121 10.392304845 15
      vertex 118.105828541 11.591109915 15
    endloop
  endfacet
  facet normal 0 0 1
    outer loop
      vertex 118.105828541 11.591109915 15
      vertex 115 12 15
      vertex 111.894171459 11.591109915 15
    endloop
  endfacet
  facet normal 0 0 1
    outer loop
      vertex 111.894171459 11.591109915 15
      vertex 109 10.392304845 15
      vertex 106.514718626 8.485281374 15
    endloop
  endfacet
  facet normal 0 0 1
    outer loop
      vertex 106.514718626 8.485281374 15
      vertex 104.607695155 6 15
      vertex 103.408890085 3.105828541 15
    endloop
  endfacet
  facet normal 0 0 1
    outer loop
      vertex 103.408890085 3.105828541 15
      vertex 103 0 15
      vertex 103.408890085 -3.105828541 15
    endloop
  endfacet
  facet normal 0 0 1
    outer loop
      vertex 103.408890085 -3.105828541 15
      vertex 104.607695155 -6 15
      vertex 106.514718626 -8.485281374 15
    endloop
  endfacet
  facet normal 0 0 1
    outer loop
      vertex 106.514718626 -8.485281374 15
      vertex 109 -10.392304845 15
      vertex 111.894171459 -11.591109915 15
    endloop
  endfacet
  facet normal 0 0 1
    outer loop
      vertex 111.894171459 -11.591109915 15
      vertex 115 -12 15
      vertex 118.105828541 -11.591109915 15
    endloop
  endfacet
  facet normal 0 0 1
    outer loop
      vertex 118.105828541 -11.591109915 15
      vertex 121 -10.392304845 15
      vertex 123.485281374 -8.485281374 15
    endloop
  endfacet
  facet normal 0 0 1
    outer loop
      vertex 123.485281374 -8.485281374 15
      vertex 125.392304845 -6 15
      vertex 126.591109915 -3.105828541 15
    endloop
  endfacet
  facet normal 0 0 1
    outer loop
      vertex 126.591109915 -3.105828541 15
      vertex 126.591109915 3.105828541 15
      vertex 123.485281374 8.485281374 15
    endloop
  endfacet
  facet normal 0 0 1
    outer loop
      vertex 123.485281374 8.485281374 15
      vertex 118.105828541 11.591109915 15
      vertex 111.894171459 11.591109915 15
    endloop
  endfacet
  facet normal 0 0 1
    outer loop
      vertex 111.894171459 11.591109915 15
      vertex 106.514718626 8.485281374 15
      vertex 103.408890085 3.105828541 15
    endloop
  endfacet
  facet normal 0 0 1
    outer loop
      vertex 103.408890085 3.105828541 15
      vertex 103.408890085 -3.105828541 15
      vertex 106.514718626 -8.485281374 15
    endloop
  endfacet
  facet normal 0 0 1
    outer loop
      vertex 106.514718626 -8.485281374 15
      vertex 111.894171459 -11.591109915 15
      vertex 118.105828541 -11.591109915 15
    endloop
  endfacet
  facet normal 0 0 1
    outer loop
      vertex 118.105828541 -11.591109915 15
      vertex 123.485281374 -8.485281374 15
      vertex 126.591109915 -3.105828541 15
    endloop
  endfacet
  facet normal 0 0 1
    outer loop
      vertex 126.591109915 -3.105828541 15
      vertex 123.485281374 8.485281374 15
      vertex 111.894171459 11.591109915 15
    endloop
  endfacet
  facet normal 0 0 1
    outer loop
      vertex 111.894171459 11.591109915 15
      vertex 103.408890085 3.105828541 15
      vertex 106.514718626 -8.485281374 15
    endloop
  endfacet
  facet normal 0 0 1
    outer loop
      vertex 106.514718626 -8.485281374 15
      vertex 118.105828541 -11.591109915 15
      vertex 126.591109915 -3.105828541 15
    endloop
  endfacet
  facet normal 0 0 1
    outer loop
      vertex 126.591109915 -3.105828541 15
      vertex 111.894171459 11.591109915 15
      vertex 106.514718626 -8.485281374 15
    endloop
  endfacet
  facet normal 0 0 -1
    outer loop
      vertex 127 0 9
      vertex 126.897338336 -1.566314307 9
      vertex 126.591109915 -3.105828541 9
    endloop
  endfacet
  facet normal 0 0 -1
    outer loop
      vertex 126.591109915 3.105828541 9
      vertex 126.897338336 1.566314307 9
      vertex 127 0 9
    endloop
  endfacet
  facet normal 0 0 -1
    outer loop
      vertex 125.392304845 6 9
      vertex 126.08655439 4.592201188 9
      vertex 126.591109915 3.105828541 9
    endloop
  endfacet
  facet normal 0 0 -1
    outer loop
      vertex 123.485281374 8.485281374 9
      vertex 124.520240083 7.305137148 9
      vertex 125.392304845 6 9
    endloop
  endfacet
  facet normal 0 0 -1
    outer loop
      vertex 121 10.392304845 9
      vertex 122.305137148 9.520240083 9
      vertex 123.485281374 8.485281374 9
    endloop
  endfacet
  facet normal 0 0 -1
    outer loop
      vertex 118.105828541 11.591109915 9
      vertex 119.592201188 11.08655439 9
      vertex 121 10.392304845 9
    endloop
  endfacet
  facet normal 0 0 -1
    outer loop
      vertex 115 12 9
      vertex 116.566314307 11.897338336 9
      vertex 118.105828541 11.591109915 9
    endloop
  endfacet
  facet normal 0 0 -1
    outer loop
      vertex 111.894171459 11.591109915 9
      vertex 113.433685693 11.897338336 9
      vertex 115 12 9
    endloop
  endfacet
  facet normal 0 0 -1
    outer loop
      vertex 109 10.392304845 9
      vertex 110.407798812 11.08655439 9
      vertex 111.894171459 11.591109915 9
    endloop
  endfacet
  facet normal 0 0 -1
    outer loop
      vertex 106.514718626 8.485281374 9
      vertex 107.694862852 9.520240083 9
      vertex 109 10.392304845 9
    endloop
  endfacet
  facet normal 0 0 -1
    outer loop
      vertex 104.607695155 6 9
      vertex 105.479759917 7.305137148 9
      vertex 106.514718626 8.485281374 9
    endloop
  endfacet
  facet normal 0 0 -1
    outer loop
      vertex 103.408890085 3.105828541 9
      vertex 103.91344561 4.592201188 9
      vertex 104.607695155 6 9
    endloop
  endfacet
  facet normal 0 0 -1
    outer loop
      vertex 103 0 9
      vertex 103.102661664 1.566314307 9
      vertex 103.408890085 3.105828541 9
    endloop
  endfacet
  facet normal 0 0 -1
    outer loop
      vertex 103.408890085 -3.105828541 9
      vertex 103.102661664 -1.566314307 9
      vertex 103 0 9
    endloop
  endfacet
  facet normal 0 0 -1
    outer loop
      vertex 104.607695155 -6 9
      vertex 103.91344561 -4.592201188 9
      vertex 103.408890085 -3.105828541 9
    endloop
  endfacet
  facet normal 0 0 -1
    outer loop
      vertex 106.514718626 -8.485281374 9
      vertex 105.479759917 -7.305137148 9
      vertex 104.607695155 -6 9
    endloop
  endfacet
  facet normal 0 0 -1
    outer loop
      vertex 109 -10.392304845 9
      vertex 107.694862852 -9.520240083 9
      vertex 106.514718626 -8.485281374 9
    endloop
  endfacet
  facet normal 0 0 -1
    outer loop
      vertex 111.894171459 -11.591109915 9
      vertex 110.407798812 -11.08655439 9
      vertex 109 -10.392304845 9
    endloop
  endfacet
  facet normal 0 0 -1
    outer loop
      vertex 115 -12 9
      vertex 113.433685693 -11.897338336 9
      vertex 111.894171459 -11.591109915 9
    endloop
  endfacet
  facet normal 0 0 -1
    outer loop
      vertex 118.105828541 -11.591109915 9
      vertex 116.566314307 -11.897338336 9
      vertex 115 -12 9
    endloop
  endfacet
  facet normal 0 0 -1
    outer loop
      vertex 121 -10.392304845 9
      vertex 119.592201188 -11.08655439 9
      vertex 118.105828541 -11.591109915 9
    endloop
  endfacet
  facet normal 0 0 -1
    outer loop
      vertex 123.485281374 -8.485281374 9
      vertex 122.305137148 -9.520240083 9
      vertex 121 -10.392304845 9
    endloop
  endfacet
  facet normal 0 0 -1
    outer loop
      vertex 125.392304845 -6 9
      vertex 124.520240083 -7.305137148 9
      vertex 123.485281374 -8.485281374 9
    endloop
  endfacet
  facet normal 0 0 -1
    outer loop
      vertex 126.591109915 -3.105828541 9
      vertex 126.08655439 -4.592201188 9
      vertex 125.392304845 -6 9
    endloop
  endfacet
  facet normal 0 0 -1
    outer loop
      vertex 126.591109915 3.105828541 9
      vertex 127 0 9
      vertex 126.591109915 -3.105828541 9
    endloop
  endfacet
  facet normal 0 0 -1
    outer loop
      vertex 123.485281374 8.485281374 9
      vertex 125.392304845 6 9
      vertex 126.591109915 3.105828541 9
    endloop
  endfacet
  facet normal 0 0 -1
    outer loop
      vertex 118.105828541 11.591109915 9
      vertex 121 10.392304845 9
      vertex 123.485281374 8.485281374 9
    endloop
  endfacet
  facet normal 0 0 -1
    outer loop
      vertex 111.894171459 11.591109915 9
      vertex 115 12 9
      vertex 118.105828541 11.591109915 9
    endloop
  endfacet
  facet normal 0 0 -1
    outer loop
      vertex 106.514718626 8.485281374 9
      vertex 109 10.392304845 9
      vertex 111.894171459 11.591109915 9
    endloop
  endfacet
  facet normal 0 0 -1
    outer loop
      vertex 103.408890085 3.105828541 9
      vertex 104.607695155 6 9
      vertex 106.514718626 8.485281374 9
    endloop
  endfacet
  facet normal 0 0 -1
    outer loop
      vertex 103.408890085 -3.105828541 9
      vertex 103 0 9
      vertex 103.408890085 3.105828541 9
    endloop
  endfacet
  facet normal 0 0 -1
    outer loop
      vertex 106.514718626 -8.485281374 9
      vertex 104.607695155 -6 9
      vertex 103.408890085 -3.105828541 9
    endloop
  endfacet
  facet normal 0 0 -1
    outer loop
      vertex 111.894171459 -11.591109915 9
      vertex 109 -10.392304845 9
      vertex 106.514718626 -8.485281374 9
    endloop
  endfacet
  facet normal 0 0 -1
    outer loop
      vertex 118.105828541 -11.591109915 9
      vertex 115 -12 9
      vertex 111.894171459 -11.591109915 9
    endloop
  endfacet
  facet normal 0 0 -1
    outer loop
      vertex 123.485281374 -8.485281374 9
      vertex 121 -10.392304845 9
      vertex 118.105828541 -11.591109915 9
    endloop
  endfacet
  facet normal 0 0 -1
    outer loop
      vertex 126.591109915 -3.105828541 9
      vertex 125.392304845 -6 9
      vertex 123.485281374 -8.485281374 9
    endloop
  endfacet
  facet normal 0 0 -1
    outer loop
      vertex 123.485281374 8.485281374 9
      vertex 126.591109915 3.105828541 9
      vertex 126.591109915 -3.105828541 9
    endloop
  endfacet
  facet normal 0 0 -1
    outer loop
      vertex 111.894171459 11.591109915 9
      vertex 118.105828541 11.591109915 9
      vertex 123.485281374 8.485281374 9
    endloop
  endfacet
  facet normal 0 0 -1
    outer loop
      vertex 103.408890085 3.105828541 9
      vertex 106.514718626 8.485281374 9
      vertex 111.894171459 11.591109915 9
    endloop
  endfacet
  facet normal 0 0 -1
    outer loop
      vertex 106.514718626 -8.485281374 9
      vertex 103.408890085 -3.105828541 9
      vertex 103.408890085 3.105828541 9
    endloop
  endfacet
  facet normal 0 0 -1
    outer loop
      vertex 118.105828541 -11.591109915 9
      vertex 111.894171459 -11.591109915 9
      vertex 106.514718626 -8.485281374 9
    endloop
  endfacet
  facet normal 0 0 -1
    outer loop
      vertex 126.591109915 -3.105828541 9
      vertex 123.485281374 -8.485281374 9
      vertex 118.105828541 -11.591109915 9
    endloop
  endfacet
  facet normal 0 0 -1
    outer loop
      vertex 111.894171459 11.591109915 9
      vertex 123.485281374 8.485281374 9
      vertex 126.591109915 -3.105828541 9
    endloop
  endfacet
  facet normal 0 0 -1
    outer loop
      vertex 106.514718626 -8.485281374 9
      vertex 103.408890085 3.105828541 9
      vertex 111.894171459 11.591109915 9
    endloop
  endfacet
  facet normal 0 0 -1
    outer loop
      vertex 126.591109915 -3.105828541 9
      vertex 118.105828541 -11.591109915 9
      vertex 106.514718626 -8.485281374 9
    endloop
  endfacet
  facet normal 0 0 -1
    outer loop
      vertex 106.514718626 -8.485281374 9
      vertex 111.894171459 11.591109915 9
      vertex 126.591109915 -3.105828541 9
    endloop
  endfacet
  facet normal 0.997858923 -0.065403129 0
    outer loop
      vertex -103.102661664 -1.566314307 9
      vertex -103 0 9
      vertex -103 0 15
    endloop
  endfacet
  facet normal 0.997858923 -0.065403129 0
    outer loop
      vertex -103.102661664 -1.566314307 9
      vertex -103 0 15
      vertex -103.102661664 -1.566314307 15
    endloop
  endfacet
  facet normal 0.997858923 0.065403129 0
    outer loop
      vertex -103 0 9
      vertex -103.102661664 1.566314307 9
      vertex -103.102661664 1.566314307 15
    endloop
  endfacet
  facet normal 0.997858923 0.065403129 0
    outer loop
      vertex -103 0 9
      vertex -103.102661664 1.566314307 15
      vertex -103 0 15
    endloop
  endfacet
  facet normal 0.98078528 0.195090322 0
    outer loop
      vertex -103.102661664 1.566314307 9
      vertex -103.408890085 3.105828541 9
      vertex -103.408890085 3.105828541 15
    endloop
  endfacet
  facet normal 0.98078528 0.195090322 0
    outer loop
      vertex -103.102661664 1.566314307 9
      vertex -103.408890085 3.105828541 15
      vertex -103.102661664 1.566314307 15
    endloop
  endfacet
  facet normal 0.946930129 0.321439465 0
    outer loop
      vertex -103.408890085 3.105828541 9
      vertex -103.91344561 4.592201188 9
      vertex -103.91344561 4.592201188 15
    endloop
  endfacet
  facet normal 0.946930129 0.321439465 0
    outer loop
      vertex -103.408890085 3.105828541 9
      vertex -103.91344561 4.592201188 15
      vertex -103.408890085 3.105828541 15
    endloop
  endfacet
  facet normal 0.896872742 0.44228869 0
    outer loop
      vertex -103.91344561 4.592201188 9
      vertex -104.607695155 6 9
      vertex -104.607695155 6 15
    endloop
  endfacet
  facet normal 0.896872742 0.44228869 0
    outer loop
      vertex -103.91344561 4.592201188 9
      vertex -104.607695155 6 15
      vertex -103.91344561 4.592201188 15
    endloop
  endfacet
  facet normal 0.831469612 0.555570233 0
    outer loop
      vertex -104.607695155 6 9
      vertex -105.479759917 7.305137148 9
      vertex -105.479759917 7.305137148 15
    endloop
  endfacet
  facet normal 0.831469612 0.555570233 0
    outer loop
      vertex -104.607695155 6 9
      vertex -105.479759917 7.305137148 15
      vertex -104.607695155 6 15
    endloop
  endfacet
  facet normal 0.751839807 0.659345815 0
    outer loop
      vertex -105.479759917 7.305137148 9
      vertex -106.514718626 8.485281374 9
      vertex -106.514718626 8.485281374 15
    endloop
  endfacet
  facet normal 0.751839807 0.659345815 0
    outer loop
      vertex -105.479759917 7.305137148 9
      vertex -106.514718626 8.485281374 15
      vertex -105.479759917 7.305137148 15
    endloop
  endfacet
  facet normal 0.659345815 0.751839807 0
    outer loop
      vertex -106.514718626 8.485281374 9
      vertex -107.694862852 9.520240083 9
      vertex -107.694862852 9.520240083 15
    endloop
  endfacet
  facet normal 0.659345815 0.751839807 0
    outer loop
      vertex -106.514718626 8.485281374 9
      vertex -107.694862852 9.520240083 15
      vertex -106.514718626 8.485281374 15
    endloop
  endfacet
  facet normal 0.555570233 0.831469612 0
    outer loop
      vertex -107.694862852 9.520240083 9
      vertex -109 10.392304845 9
      vertex -109 10.392304845 15
    endloop
  endfacet
  facet normal 0.555570233 0.831469612 0
    outer loop
      vertex -107.694862852 9.520240083 9
      vertex -109 10.392304845 15
      vertex -107.694862852 9.520240083 15
    endloop
  endfacet
  facet normal 0.44228869 0.896872742 0
    outer loop
      vertex -109 10.392304845 9
      vertex -110.407798812 11.08655439 9
      vertex -110.407798812 11.08655439 15
    endloop
  endfacet
  facet normal 0.44228869 0.896872742 0
    outer loop
      vertex -109 10.392304845 9
      vertex -110.407798812 11.08655439 15
      vertex -109 10.392304845 15
    endloop
  endfacet
  facet normal 0.321439465 0.946930129 0
    outer loop
      vertex -110.407798812 11.08655439 9
      vertex -111.894171459 11.591109915 9
      vertex -111.894171459 11.591109915 15
    endloop
  endfacet
  facet normal 0.321439465 0.946930129 0
    outer loop
      vertex -110.407798812 11.08655439 9
      vertex -111.894171459 11.591109915 15
      vertex -110.407798812 11.08655439 15
    endloop
  endfacet
  facet normal 0.195090322 0.98078528 0
    outer loop
      vertex -111.894171459 11.591109915 9
      vertex -113.433685693 11.897338336 9
      vertex -113.433685693 11.897338336 15
    endloop
  endfacet
  facet normal 0.195090322 0.98078528 0
    outer loop
      vertex -111.894171459 11.591109915 9
      vertex -113.433685693 11.897338336 15
      vertex -111.894171459 11.591109915 15
    endloop
  endfacet
  facet normal 0.065403129 0.997858923 0
    outer loop
      vertex -113.433685693 11.897338336 9
      vertex -115 12 9
      vertex -115 12 15
    endloop
  endfacet
  facet normal 0.065403129 0.997858923 0
    outer loop
      vertex -113.433685693 11.897338336 9
      vertex -115 12 15
      vertex -113.433685693 11.897338336 15
    endloop
  endfacet
  facet normal -0.065403129 0.997858923 0
    outer loop
      vertex -115 12 9
      vertex -116.566314307 11.897338336 9
      vertex -116.566314307 11.897338336 15
    endloop
  endfacet
  facet normal -0.065403129 0.997858923 0
    outer loop
      vertex -115 12 9
      vertex -116.566314307 11.897338336 15
      vertex -115 12 15
    endloop
  endfacet
  facet normal -0.195090322 0.98078528 0
    outer loop
      vertex -116.566314307 11.897338336 9
      vertex -118.105828541 11.591109915 9
      vertex -118.105828541 11.591109915 15
    endloop
  endfacet
  facet normal -0.195090322 0.98078528 0
    outer loop
      vertex -116.566314307 11.897338336 9
      vertex -118.105828541 11.591109915 15
      vertex -116.566314307 11.897338336 15
    endloop
  endfacet
  facet normal -0.321439465 0.946930129 0
    outer loop
      vertex -118.105828541 11.591109915 9
      vertex -119.592201188 11.08655439 9
      vertex -119.592201188 11.08655439 15
    endloop
  endfacet
  facet normal -0.321439465 0.946930129 0
    outer loop
      vertex -118.105828541 11.591109915 9
      vertex -119.592201188 11.08655439 15
      vertex -118.105828541 11.591109915 15
    endloop
  endfacet
  facet normal -0.44228869 0.896872742 0
    outer loop
      vertex -119.592201188 11.08655439 9
      vertex -121 10.392304845 9
      vertex -121 10.392304845 15
    endloop
  endfacet
  facet normal -0.44228869 0.896872742 0
    outer loop
      vertex -119.592201188 11.08655439 9
      vertex -121 10.392304845 15
      vertex -119.592201188 11.08655439 15
    endloop
  endfacet
  facet normal -0.555570233 0.831469612 0
    outer loop
      vertex -121 10.392304845 9
      vertex -122.305137148 9.520240083 9
      vertex -122.305137148 9.520240083 15
    endloop
  endfacet
  facet normal -0.555570233 0.831469612 0
    outer loop
      vertex -121 10.392304845 9
      vertex -122.305137148 9.520240083 15
      vertex -121 10.392304845 15
    endloop
  endfacet
  facet normal -0.659345815 0.751839807 0
    outer loop
      vertex -122.305137148 9.520240083 9
      vertex -123.485281374 8.485281374 9
      vertex -123.485281374 8.485281374 15
    endloop
  endfacet
  facet normal -0.659345815 0.751839807 0
    outer loop
      vertex -122.305137148 9.520240083 9
      vertex -123.485281374 8.485281374 15
      vertex -122.305137148 9.520240083 15
    endloop
  endfacet
  facet normal -0.751839807 0.659345815 0
    outer loop
      vertex -123.485281374 8.485281374 9
      vertex -124.520240083 7.305137148 9
      vertex -124.520240083 7.305137148 15
    endloop
  endfacet
  facet normal -0.751839807 0.659345815 0
    outer loop
      vertex -123.485281374 8.485281374 9
      vertex -124.520240083 7.305137148 15
      vertex -123.485281374 8.485281374 15
    endloop
  endfacet
  facet normal -0.831469612 0.555570233 0
    outer loop
      vertex -124.520240083 7.305137148 9
      vertex -125.392304845 6 9
      vertex -125.392304845 6 15
    endloop
  endfacet
  facet normal -0.831469612 0.555570233 0
    outer loop
      vertex -124.520240083 7.305137148 9
      vertex -125.392304845 6 15
      vertex -124.520240083 7.305137148 15
    endloop
  endfacet
  facet normal -0.896872742 0.44228869 0
    outer loop
      vertex -125.392304845 6 9
      vertex -126.08655439 4.592201188 9
      vertex -126.08655439 4.592201188 15
    endloop
  endfacet
  facet normal -0.896872742 0.44228869 0
    outer loop
      vertex -125.392304845 6 9
      vertex -126.08655439 4.592201188 15
      vertex -125.392304845 6 15
    endloop
  endfacet
  facet normal -0.946930129 0.321439465 0
    outer loop
      vertex -126.08655439 4.592201188 9
      vertex -126.591109915 3.105828541 9
      vertex -126.591109915 3.105828541 15
    endloop
  endfacet
  facet normal -0.946930129 0.321439465 0
    outer loop
      vertex -126.08655439 4.592201188 9
      vertex -126.591109915 3.105828541 15
      vertex -126.08655439 4.592201188 15
    endloop
  endfacet
  facet normal -0.98078528 0.195090322 0
    outer loop
      vertex -126.591109915 3.105828541 9
      vertex -126.897338336 1.566314307 9
      vertex -126.897338336 1.566314307 15
    endloop
  endfacet
  facet normal -0.98078528 0.195090322 0
    outer loop
      vertex -126.591109915 3.105828541 9
      vertex -126.897338336 1.566314307 15
      vertex -126.591109915 3.105828541 15
    endloop
  endfacet
  facet normal -0.997858923 0.065403129 0
    outer loop
      vertex -126.897338336 1.566314307 9
      vertex -127 0 9
      vertex -127 0 15
    endloop
  endfacet
  facet normal -0.997858923 0.065403129 0
    outer loop
      vertex -126.897338336 1.566314307 9
      vertex -127 0 15
      vertex -126.897338336 1.566314307 15
    endloop
  endfacet
  facet normal -0.997858923 -0.065403129 0
    outer loop
      vertex -127 0 9
      vertex -126.897338336 -1.566314307 9
      vertex -126.897338336 -1.566314307 15
    endloop
  endfacet
  facet normal -0.997858923 -0.065403129 0
    outer loop
      vertex -127 0 9
      vertex -126.897338336 -1.566314307 15
      vertex -127 0 15
    endloop
  endfacet
  facet normal -0.98078528 -0.195090322 0
    outer loop
      vertex -126.897338336 -1.566314307 9
      vertex -126.591109915 -3.105828541 9
      vertex -126.591109915 -3.105828541 15
    endloop
  endfacet
  facet normal -0.98078528 -0.195090322 0
    outer loop
      vertex -126.897338336 -1.566314307 9
      vertex -126.591109915 -3.105828541 15
      vertex -126.897338336 -1.566314307 15
    endloop
  endfacet
  facet normal -0.946930129 -0.321439465 0
    outer loop
      vertex -126.591109915 -3.105828541 9
      vertex -126.08655439 -4.592201188 9
      vertex -126.08655439 -4.592201188 15
    endloop
  endfacet
  facet normal -0.946930129 -0.321439465 0
    outer loop
      vertex -126.591109915 -3.105828541 9
      vertex -126.08655439 -4.592201188 15
      vertex -126.591109915 -3.105828541 15
    endloop
  endfacet
  facet normal -0.896872742 -0.44228869 0
    outer loop
      vertex -126.08655439 -4.592201188 9
      vertex -125.392304845 -6 9
      vertex -125.392304845 -6 15
    endloop
  endfacet
  facet normal -0.896872742 -0.44228869 0
    outer loop
      vertex -126.08655439 -4.592201188 9
      vertex -125.392304845 -6 15
      vertex -126.08655439 -4.592201188 15
    endloop
  endfacet
  facet normal -0.831469612 -0.555570233 0
    outer loop
      vertex -125.392304845 -6 9
      vertex -124.520240083 -7.305137148 9
      vertex -124.520240083 -7.305137148 15
    endloop
  endfacet
  facet normal -0.831469612 -0.555570233 0
    outer loop
      vertex -125.392304845 -6 9
      vertex -124.520240083 -7.305137148 15
      vertex -125.392304845 -6 15
    endloop
  endfacet
  facet normal -0.751839807 -0.659345815 0
    outer loop
      vertex -124.520240083 -7.305137148 9
      vertex -123.485281374 -8.485281374 9
      vertex -123.485281374 -8.485281374 15
    endloop
  endfacet
  facet normal -0.751839807 -0.659345815 0
    outer loop
      vertex -124.520240083 -7.305137148 9
      vertex -123.485281374 -8.485281374 15
      vertex -124.520240083 -7.305137148 15
    endloop
  endfacet
  facet normal -0.659345815 -0.751839807 0
    outer loop
      vertex -123.485281374 -8.485281374 9
      vertex -122.305137148 -9.520240083 9
      vertex -122.305137148 -9.520240083 15
    endloop
  endfacet
  facet normal -0.659345815 -0.751839807 0
    outer loop
      vertex -123.485281374 -8.485281374 9
      vertex -122.305137148 -9.520240083 15
      vertex -123.485281374 -8.485281374 15
    endloop
  endfacet
  facet normal -0.555570233 -0.831469612 0
    outer loop
      vertex -122.305137148 -9.520240083 9
      vertex -121 -10.392304845 9
      vertex -121 -10.392304845 15
    endloop
  endfacet
  facet normal -0.555570233 -0.831469612 0
    outer loop
      vertex -122.305137148 -9.520240083 9
      vertex -121 -10.392304845 15
      vertex -122.305137148 -9.520240083 15
    endloop
  endfacet
  facet normal -0.44228869 -0.896872742 0
    outer loop
      vertex -121 -10.392304845 9
      vertex -119.592201188 -11.08655439 9
      vertex -119.592201188 -11.08655439 15
    endloop
  endfacet
  facet normal -0.44228869 -0.896872742 0
    outer loop
      vertex -121 -10.392304845 9
      vertex -119.592201188 -11.08655439 15
      vertex -121 -10.392304845 15
    endloop
  endfacet
  facet normal -0.321439465 -0.946930129 0
    outer loop
      vertex -119.592201188 -11.08655439 9
      vertex -118.105828541 -11.591109915 9
      vertex -118.105828541 -11.591109915 15
    endloop
  endfacet
  facet normal -0.321439465 -0.946930129 0
    outer loop
      vertex -119.592201188 -11.08655439 9
      vertex -118.105828541 -11.591109915 15
      vertex -119.592201188 -11.08655439 15
    endloop
  endfacet
  facet normal -0.195090322 -0.98078528 0
    outer loop
      vertex -118.105828541 -11.591109915 9
      vertex -116.566314307 -11.897338336 9
      vertex -116.566314307 -11.897338336 15
    endloop
  endfacet
  facet normal -0.195090322 -0.98078528 0
    outer loop
      vertex -118.105828541 -11.591109915 9
      vertex -116.566314307 -11.897338336 15
      vertex -118.105828541 -11.591109915 15
    endloop
  endfacet
  facet normal -0.065403129 -0.997858923 0
    outer loop
      vertex -116.566314307 -11.897338336 9
      vertex -115 -12 9
      vertex -115 -12 15
    endloop
  endfacet
  facet normal -0.065403129 -0.997858923 0
    outer loop
      vertex -116.566314307 -11.897338336 9
      vertex -115 -12 15
      vertex -116.566314307 -11.897338336 15
    endloop
  endfacet
  facet normal 0.065403129 -0.997858923 0
    outer loop
      vertex -115 -12 9
      vertex -113.433685693 -11.897338336 9
      vertex -113.433685693 -11.897338336 15
    endloop
  endfacet
  facet normal 0.065403129 -0.997858923 0
    outer loop
      vertex -115 -12 9
      vertex -113.433685693 -11.897338336 15
      vertex -115 -12 15
    endloop
  endfacet
  facet normal 0.195090322 -0.98078528 0
    outer loop
      vertex -113.433685693 -11.897338336 9
      vertex -111.894171459 -11.591109915 9
      vertex -111.894171459 -11.591109915 15
    endloop
  endfacet
  facet normal 0.195090322 -0.98078528 0
    outer loop
      vertex -113.433685693 -11.897338336 9
      vertex -111.894171459 -11.591109915 15
      vertex -113.433685693 -11.897338336 15
    endloop
  endfacet
  facet normal 0.321439465 -0.946930129 0
    outer loop
      vertex -111.894171459 -11.591109915 9
      vertex -110.407798812 -11.08655439 9
      vertex -110.407798812 -11.08655439 15
    endloop
  endfacet
  facet normal 0.321439465 -0.946930129 0
    outer loop
      vertex -111.894171459 -11.591109915 9
      vertex -110.407798812 -11.08655439 15
      vertex -111.894171459 -11.591109915 15
    endloop
  endfacet
  facet normal 0.44228869 -0.896872742 0
    outer loop
      vertex -110.407798812 -11.08655439 9
      vertex -109 -10.392304845 9
      vertex -109 -10.392304845 15
    endloop
  endfacet
  facet normal 0.44228869 -0.896872742 0
    outer loop
      vertex -110.407798812 -11.08655439 9
      vertex -109 -10.392304845 15
      vertex -110.407798812 -11.08655439 15
    endloop
  endfacet
  facet normal 0.555570233 -0.831469612 0
    outer loop
      vertex -109 -10.392304845 9
      vertex -107.694862852 -9.520240083 9
      vertex -107.694862852 -9.520240083 15
    endloop
  endfacet
  facet normal 0.555570233 -0.831469612 0
    outer loop
      vertex -109 -10.392304845 9
      vertex -107.694862852 -9.520240083 15
      vertex -109 -10.392304845 15
    endloop
  endfacet
  facet normal 0.659345815 -0.751839807 0
    outer loop
      vertex -107.694862852 -9.520240083 9
      vertex -106.514718626 -8.485281374 9
      vertex -106.514718626 -8.485281374 15
    endloop
  endfacet
  facet normal 0.659345815 -0.751839807 0
    outer loop
      vertex -107.694862852 -9.520240083 9
      vertex -106.514718626 -8.485281374 15
      vertex -107.694862852 -9.520240083 15
    endloop
  endfacet
  facet normal 0.751839807 -0.659345815 0
    outer loop
      vertex -106.514718626 -8.485281374 9
      vertex -105.479759917 -7.305137148 9
      vertex -105.479759917 -7.305137148 15
    endloop
  endfacet
  facet normal 0.751839807 -0.659345815 0
    outer loop
      vertex -106.514718626 -8.485281374 9
      vertex -105.479759917 -7.305137148 15
      vertex -106.514718626 -8.485281374 15
    endloop
  endfacet
  facet normal 0.831469612 -0.555570233 0
    outer loop
      vertex -105.479759917 -7.305137148 9
      vertex -104.607695155 -6 9
      vertex -104.607695155 -6 15
    endloop
  endfacet
  facet normal 0.831469612 -0.555570233 0
    outer loop
      vertex -105.479759917 -7.305137148 9
      vertex -104.607695155 -6 15
      vertex -105.479759917 -7.305137148 15
    endloop
  endfacet
  facet normal 0.896872742 -0.44228869 0
    outer loop
      vertex -104.607695155 -6 9
      vertex -103.91344561 -4.592201188 9
      vertex -103.91344561 -4.592201188 15
    endloop
  endfacet
  facet normal 0.896872742 -0.44228869 0
    outer loop
      vertex -104.607695155 -6 9
      vertex -103.91344561 -4.592201188 15
      vertex -104.607695155 -6 15
    endloop
  endfacet
  facet normal 0.946930129 -0.321439465 0
    outer loop
      vertex -103.91344561 -4.592201188 9
      vertex -103.408890085 -3.105828541 9
      vertex -103.408890085 -3.105828541 15
    endloop
  endfacet
  facet normal 0.946930129 -0.321439465 0
    outer loop
      vertex -103.91344561 -4.592201188 9
      vertex -103.408890085 -3.105828541 15
      vertex -103.91344561 -4.592201188 15
    endloop
  endfacet
  facet normal 0.98078528 -0.195090322 0
    outer loop
      vertex -103.408890085 -3.105828541 9
      vertex -103.102661664 -1.566314307 9
      vertex -103.102661664 -1.566314307 15
    endloop
  endfacet
  facet normal 0.98078528 -0.195090322 0
    outer loop
      vertex -103.408890085 -3.105828541 9
      vertex -103.102661664 -1.566314307 15
      vertex -103.408890085 -3.105828541 15
    endloop
  endfacet
  facet normal 0 0 1
    outer loop
      vertex -103.408890085 -3.105828541 15
      vertex -103.102661664 -1.566314307 15
      vertex -103 0 15
    endloop
  endfacet
  facet normal 0 0 1
    outer loop
      vertex -103 0 15
      vertex -103.102661664 1.566314307 15
      vertex -103.408890085 3.105828541 15
    endloop
  endfacet
  facet normal 0 0 1
    outer loop
      vertex -103.408890085 3.105828541 15
      vertex -103.91344561 4.592201188 15
      vertex -104.607695155 6 15
    endloop
  endfacet
  facet normal 0 0 1
    outer loop
      vertex -104.607695155 6 15
      vertex -105.479759917 7.305137148 15
      vertex -106.514718626 8.485281374 15
    endloop
  endfacet
  facet normal 0 0 1
    outer loop
      vertex -106.514718626 8.485281374 15
      vertex -107.694862852 9.520240083 15
      vertex -109 10.392304845 15
    endloop
  endfacet
  facet normal 0 0 1
    outer loop
      vertex -109 10.392304845 15
      vertex -110.407798812 11.08655439 15
      vertex -111.894171459 11.591109915 15
    endloop
  endfacet
  facet normal 0 0 1
    outer loop
      vertex -111.894171459 11.591109915 15
      vertex -113.433685693 11.897338336 15
      vertex -115 12 15
    endloop
  endfacet
  facet normal 0 0 1
    outer loop
      vertex -115 12 15
      vertex -116.566314307 11.897338336 15
      vertex -118.105828541 11.591109915 15
    endloop
  endfacet
  facet normal 0 0 1
    outer loop
      vertex -118.105828541 11.591109915 15
      vertex -119.592201188 11.08655439 15
      vertex -121 10.392304845 15
    endloop
  endfacet
  facet normal 0 0 1
    outer loop
      vertex -121 10.392304845 15
      vertex -122.305137148 9.520240083 15
      vertex -123.485281374 8.485281374 15
    endloop
  endfacet
  facet normal 0 0 1
    outer loop
      vertex -123.485281374 8.485281374 15
      vertex -124.520240083 7.305137148 15
      vertex -125.392304845 6 15
    endloop
  endfacet
  facet normal 0 0 1
    outer loop
      vertex -125.392304845 6 15
      vertex -126.08655439 4.592201188 15
      vertex -126.591109915 3.105828541 15
    endloop
  endfacet
  facet normal 0 0 1
    outer loop
      vertex -126.591109915 3.105828541 15
      vertex -126.897338336 1.566314307 15
      vertex -127 0 15
    endloop
  endfacet
  facet normal 0 0 1
    outer loop
      vertex -127 0 15
      vertex -126.897338336 -1.566314307 15
      vertex -126.591109915 -3.105828541 15
    endloop
  endfacet
  facet normal 0 0 1
    outer loop
      vertex -126.591109915 -3.105828541 15
      vertex -126.08655439 -4.592201188 15
      vertex -125.392304845 -6 15
    endloop
  endfacet
  facet normal 0 0 1
    outer loop
      vertex -125.392304845 -6 15
      vertex -124.520240083 -7.305137148 15
      vertex -123.485281374 -8.485281374 15
    endloop
  endfacet
  facet normal 0 0 1
    outer loop
      vertex -123.485281374 -8.485281374 15
      vertex -122.305137148 -9.520240083 15
      vertex -121 -10.392304845 15
    endloop
  endfacet
  facet normal 0 0 1
    outer loop
      vertex -121 -10.392304845 15
      vertex -119.592201188 -11.08655439 15
      vertex -118.105828541 -11.591109915 15
    endloop
  endfacet
  facet normal 0 0 1
    outer loop
      vertex -118.105828541 -11.591109915 15
      vertex -116.566314307 -11.897338336 15
      vertex -115 -12 15
    endloop
  endfacet
  facet normal 0 0 1
    outer loop
      vertex -115 -12 15
      vertex -113.433685693 -11.897338336 15
      vertex -111.894171459 -11.591109915 15
    endloop
  endfacet
  facet normal 0 0 1
    outer loop
      vertex -111.894171459 -11.591109915 15
      vertex -110.407798812 -11.08655439 15
      vertex -109 -10.392304845 15
    endloop
  endfacet
  facet normal 0 0 1
    outer loop
      vertex -109 -10.392304845 15
      vertex -107.694862852 -9.520240083 15
      vertex -106.514718626 -8.485281374 15
    endloop
  endfacet
  facet normal 0 0 1
    outer loop
      vertex -106.514718626 -8.485281374 15
      vertex -105.479759917 -7.305137148 15
      vertex -104.607695155 -6 15
    endloop
  endfacet
  facet normal 0 0 1
    outer loop
      vertex -104.607695155 -6 15
      vertex -103.91344561 -4.592201188 15
      vertex -103.408890085 -3.105828541 15
    endloop
  endfacet
  facet normal 0 0 1
    outer loop
      vertex -103.408890085 -3.105828541 15
      vertex -103 0 15
      vertex -103.408890085 3.105828541 15
    endloop
  endfacet
  facet normal 0 0 1
    outer loop
      vertex -103.408890085 3.105828541 15
      vertex -104.607695155 6 15
      vertex -106.514718626 8.485281374 15
    endloop
  endfacet
  facet normal 0 0 1
    outer loop
      vertex -106.514718626 8.485281374 15
      vertex -109 10.392304845 15
      vertex -111.894171459 11.591109915 15
    endloop
  endfacet
  facet normal 0 0 1
    outer loop
      vertex -111.894171459 11.591109915 15
      vertex -115 12 15
      vertex -118.105828541 11.591109915 15
    endloop
  endfacet
  facet normal 0 0 1
    outer loop
      vertex -118.105828541 11.591109915 15
      vertex -121 10.392304845 15
      vertex -123.485281374 8.485281374 15
    endloop
  endfacet
  facet normal 0 0 1
    outer loop
      vertex -123.485281374 8.485281374 15
      vertex -125.392304845 6 15
      vertex -126.591109915 3.105828541 15
    endloop
  endfacet
  facet normal 0 0 1
    outer loop
      vertex -126.591109915 3.105828541 15
      vertex -127 0 15
      vertex -126.591109915 -3.105828541 15
    endloop
  endfacet
  facet normal 0 0 1
    outer loop
      vertex -126.591109915 -3.105828541 15
      vertex -125.392304845 -6 15
      vertex -123.485281374 -8.485281374 15
    endloop
  endfacet
  facet normal 0 0 1
    outer loop
      vertex -123.485281374 -8.485281374 15
      vertex -121 -10.392304845 15
      vertex -118.105828541 -11.591109915 15
    endloop
  endfacet
  facet normal 0 0 1
    outer loop
      vertex -118.105828541 -11.591109915 15
      vertex -115 -12 15
      vertex -111.894171459 -11.591109915 15
    endloop
  endfacet
  facet normal 0 0 1
    outer loop
      vertex -111.894171459 -11.591109915 15
      vertex -109 -10.392304845 15
      vertex -106.514718626 -8.485281374 15
    endloop
  endfacet
  facet normal 0 0 1
    outer loop
      vertex -106.514718626 -8.485281374 15
      vertex -104.607695155 -6 15
      vertex -103.408890085 -3.105828541 15
    endloop
  endfacet
  facet normal 0 0 1
    outer loop
      vertex -103.408890085 -3.105828541 15
      vertex -103.408890085 3.105828541 15
      vertex -106.514718626 8.485281374 15
    endloop
  endfacet
  facet normal 0 0 1
    outer loop
      vertex -106.514718626 8.485281374 15
      vertex -111.894171459 11.591109915 15
      vertex -118.105828541 11.591109915 15
    endloop
  endfacet
  facet normal 0 0 1
    outer loop
      vertex -118.105828541 11.591109915 15
      vertex -123.485281374 8.485281374 15
      vertex -126.591109915 3.105828541 15
    endloop
  endfacet
  facet normal 0 0 1
    outer loop
      vertex -126.591109915 3.105828541 15
      vertex -126.591109915 -3.105828541 15
      vertex -123.485281374 -8.485281374 15
    endloop
  endfacet
  facet normal 0 0 1
    outer loop
      vertex -123.485281374 -8.485281374 15
      vertex -118.105828541 -11.591109915 15
      vertex -111.894171459 -11.591109915 15
    endloop
  endfacet
  facet normal 0 0 1
    outer loop
      vertex -111.894171459 -11.591109915 15
      vertex -106.514718626 -8.485281374 15
      vertex -103.408890085 -3.105828541 15
    endloop
  endfacet
  facet normal 0 0 1
    outer loop
      vertex -103.408890085 -3.105828541 15
      vertex -106.514718626 8.485281374 15
      vertex -118.105828541 11.591109915 15
    endloop
  endfacet
  facet normal 0 0 1
    outer loop
      vertex -118.105828541 11.591109915 15
      vertex -126.591109915 3.105828541 15
      vertex -123.485281374 -8.485281374 15
    endloop
  endfacet
  facet normal 0 0 1
    outer loop
      vertex -123.485281374 -8.485281374 15
      vertex -111.894171459 -11.591109915 15
      vertex -103.408890085 -3.105828541 15
    endloop
  endfacet
  facet normal 0 0 1
    outer loop
      vertex -103.408890085 -3.105828541 15
      vertex -118.105828541 11.591109915 15
      vertex -123.485281374 -8.485281374 15
    endloop
  endfacet
  facet normal 0 0 -1
    outer loop
      vertex -103 0 9
      vertex -103.102661664 -1.566314307 9
      vertex -103.408890085 -3.105828541 9
    endloop
  endfacet
  facet normal 0 0 -1
    outer loop
      vertex -103.408890085 3.105828541 9
      vertex -103.102661664 1.566314307 9
      vertex -103 0 9
    endloop
  endfacet
  facet normal 0 0 -1
    outer loop
      vertex -104.607695155 6 9
      vertex -103.91344561 4.592201188 9
      vertex -103.408890085 3.105828541 9
    endloop
  endfacet
  facet normal 0 0 -1
    outer loop
      vertex -106.514718626 8.485281374 9
      vertex -105.479759917 7.305137148 9
      vertex -104.607695155 6 9
    endloop
  endfacet
  facet normal 0 0 -1
    outer loop
      vertex -109 10.392304845 9
      vertex -107.694862852 9.520240083 9
      vertex -106.514718626 8.485281374 9
    endloop
  endfacet
  facet normal 0 0 -1
    outer loop
      vertex -111.894171459 11.591109915 9
      vertex -110.407798812 11.08655439 9
      vertex -109 10.392304845 9
    endloop
  endfacet
  facet normal 0 0 -1
    outer loop
      vertex -115 12 9
      vertex -113.433685693 11.897338336 9
      vertex -111.894171459 11.591109915 9
    endloop
  endfacet
  facet normal 0 0 -1
    outer loop
      vertex -118.105828541 11.591109915 9
      vertex -116.566314307 11.897338336 9
      vertex -115 12 9
    endloop
  endfacet
  facet normal 0 0 -1
    outer loop
      vertex -121 10.392304845 9
      vertex -119.592201188 11.08655439 9
      vertex -118.105828541 11.591109915 9
    endloop
  endfacet
  facet normal 0 0 -1
    outer loop
      vertex -123.485281374 8.485281374 9
      vertex -122.305137148 9.520240083 9
      vertex -121 10.392304845 9
    endloop
  endfacet
  facet normal 0 0 -1
    outer loop
      vertex -125.392304845 6 9
      vertex -124.520240083 7.305137148 9
      vertex -123.485281374 8.485281374 9
    endloop
  endfacet
  facet normal 0 0 -1
    outer loop
      vertex -126.591109915 3.105828541 9
      vertex -126.08655439 4.592201188 9
      vertex -125.392304845 6 9
    endloop
  endfacet
  facet normal 0 0 -1
    outer loop
      vertex -127 0 9
      vertex -126.897338336 1.566314307 9
      vertex -126.591109915 3.105828541 9
    endloop
  endfacet
  facet normal 0 0 -1
    outer loop
      vertex -126.591109915 -3.105828541 9
      vertex -126.897338336 -1.566314307 9
      vertex -127 0 9
    endloop
  endfacet
  facet normal 0 0 -1
    outer loop
      vertex -125.392304845 -6 9
      vertex -126.08655439 -4.592201188 9
      vertex -126.591109915 -3.105828541 9
    endloop
  endfacet
  facet normal 0 0 -1
    outer loop
      vertex -123.485281374 -8.485281374 9
      vertex -124.520240083 -7.305137148 9
      vertex -125.392304845 -6 9
    endloop
  endfacet
  facet normal 0 0 -1
    outer loop
      vertex -121 -10.392304845 9
      vertex -122.305137148 -9.520240083 9
      vertex -123.485281374 -8.485281374 9
    endloop
  endfacet
  facet normal 0 0 -1
    outer loop
      vertex -118.105828541 -11.591109915 9
      vertex -119.592201188 -11.08655439 9
      vertex -121 -10.392304845 9
    endloop
  endfacet
  facet normal 0 0 -1
    outer loop
      vertex -115 -12 9
      vertex -116.566314307 -11.897338336 9
      vertex -118.105828541 -11.591109915 9
    endloop
  endfacet
  facet normal 0 0 -1
    outer loop
      vertex -111.894171459 -11.591109915 9
      vertex -113.433685693 -11.897338336 9
      vertex -115 -12 9
    endloop
  endfacet
  facet normal 0 0 -1
    outer loop
      vertex -109 -10.392304845 9
      vertex -110.407798812 -11.08655439 9
      vertex -111.894171459 -11.591109915 9
    endloop
  endfacet
  facet normal 0 0 -1
    outer loop
      vertex -106.514718626 -8.485281374 9
      vertex -107.694862852 -9.520240083 9
      vertex -109 -10.392304845 9
    endloop
  endfacet
  facet normal 0 0 -1
    outer loop
      vertex -104.607695155 -6 9
      vertex -105.479759917 -7.305137148 9
      vertex -106.514718626 -8.485281374 9
    endloop
  endfacet
  facet normal 0 0 -1
    outer loop
      vertex -103.408890085 -3.105828541 9
      vertex -103.91344561 -4.592201188 9
      vertex -104.607695155 -6 9
    endloop
  endfacet
  facet normal 0 0 -1
    outer loop
      vertex -103.408890085 3.105828541 9
      vertex -103 0 9
      vertex -103.408890085 -3.105828541 9
    endloop
  endfacet
  facet normal 0 0 -1
    outer loop
      vertex -106.514718626 8.485281374 9
      vertex -104.607695155 6 9
      vertex -103.408890085 3.105828541 9
    endloop
  endfacet
  facet normal 0 0 -1
    outer loop
      vertex -111.894171459 11.591109915 9
      vertex -109 10.392304845 9
      vertex -106.514718626 8.485281374 9
    endloop
  endfacet
  facet normal 0 0 -1
    outer loop
      vertex -118.105828541 11.591109915 9
      vertex -115 12 9
      vertex -111.894171459 11.591109915 9
    endloop
  endfacet
  facet normal 0 0 -1
    outer loop
      vertex -123.485281374 8.485281374 9
      vertex -121 10.392304845 9
      vertex -118.105828541 11.591109915 9
    endloop
  endfacet
  facet normal 0 0 -1
    outer loop
      vertex -126.591109915 3.105828541 9
      vertex -125.392304845 6 9
      vertex -123.485281374 8.485281374 9
    endloop
  endfacet
  facet normal 0 0 -1
    outer loop
      vertex -126.591109915 -3.105828541 9
      vertex -127 0 9
      vertex -126.591109915 3.105828541 9
    endloop
  endfacet
  facet normal 0 0 -1
    outer loop
      vertex -123.485281374 -8.485281374 9
      vertex -125.392304845 -6 9
      vertex -126.591109915 -3.105828541 9
    endloop
  endfacet
  facet normal 0 0 -1
    outer loop
      vertex -118.105828541 -11.591109915 9
      vertex -121 -10.392304845 9
      vertex -123.485281374 -8.485281374 9
    endloop
  endfacet
  facet normal 0 0 -1
    outer loop
      vertex -111.894171459 -11.591109915 9
      vertex -115 -12 9
      vertex -118.105828541 -11.591109915 9
    endloop
  endfacet
  facet normal 0 0 -1
    outer loop
      vertex -106.514718626 -8.485281374 9
      vertex -109 -10.392304845 9
      vertex -111.894171459 -11.591109915 9
    endloop
  endfacet
  facet normal 0 0 -1
    outer loop
      vertex -103.408890085 -3.105828541 9
      vertex -104.607695155 -6 9
      vertex -106.514718626 -8.485281374 9
    endloop
  endfacet
  facet normal 0 0 -1
    outer loop
      vertex -106.514718626 8.485281374 9
      vertex -103.408890085 3.105828541 9
      vertex -103.408890085 -3.105828541 9
    endloop
  endfacet
  facet normal 0 0 -1
    outer loop
      vertex -118.105828541 11.591109915 9
      vertex -111.894171459 11.591109915 9
      vertex -106.514718626 8.485281374 9
    endloop
  endfacet
  facet normal 0 0 -1
    outer loop
      vertex -126.591109915 3.105828541 9
      vertex -123.485281374 8.485281374 9
      vertex -118.105828541 11.591109915 9
    endloop
  endfacet
  facet normal 0 0 -1
    outer loop
      vertex -123.485281374 -8.485281374 9
      vertex -126.591109915 -3.105828541 9
      vertex -126.591109915 3.105828541 9
    endloop
  endfacet
  facet normal 0 0 -1
    outer loop
      vertex -111.894171459 -11.591109915 9
      vertex -118.105828541 -11.591109915 9
      vertex -123.485281374 -8.485281374 9
    endloop
  endfacet
  facet normal 0 0 -1
    outer loop
      vertex -103.408890085 -3.105828541 9
      vertex -106.514718626 -8.485281374 9
      vertex -111.894171459 -11.591109915 9
    endloop
  endfacet
  facet normal 0 0 -1
    outer loop
      vertex -118.105828541 11.591109915 9
      vertex -106.514718626 8.485281374 9
      vertex -103.408890085 -3.105828541 9
    endloop
  endfacet
  facet normal 0 0 -1
    outer loop
      vertex -123.485281374 -8.485281374 9
      vertex -126.591109915 3.105828541 9
      vertex -118.105828541 11.591109915 9
    endloop
  endfacet
  facet normal 0 0 -1
    outer loop
      vertex -103.408890085 -3.105828541 9
      vertex -111.894171459 -11.591109915 9
      vertex -123.485281374 -8.485281374 9
    endloop
  endfacet
  facet normal 0 0 -1
    outer loop
      vertex -123.485281374 -8.485281374 9
      vertex -118.105828541 11.591109915 9
      vertex -103.408890085 -3.105828541 9
    endloop
  endfacet
  facet normal 0.997858923 -0.065403129 0
    outer loop
      vertex 11.897338336 113.433685693 9
      vertex 12 115 9
      vertex 12 115 15
    endloop
  endfacet
  facet normal 0.997858923 -0.065403129 0
    outer loop
      vertex 11.897338336 113.433685693 9
      vertex 12 115 15
      vertex 11.897338336 113.433685693 15
    endloop
  endfacet
  facet normal 0.997858923 0.065403129 0
    outer loop
      vertex 12 115 9
      vertex 11.897338336 116.566314307 9
      vertex 11.897338336 116.566314307 15
    endloop
  endfacet
  facet normal 0.997858923 0.065403129 0
    outer loop
      vertex 12 115 9
      vertex 11.897338336 116.566314307 15
      vertex 12 115 15
    endloop
  endfacet
  facet normal 0.98078528 0.195090322 0
    outer loop
      vertex 11.897338336 116.566314307 9
      vertex 11.591109915 118.105828541 9
      vertex 11.591109915 118.105828541 15
    endloop
  endfacet
  facet normal 0.98078528 0.195090322 0
    outer loop
      vertex 11.897338336 116.566314307 9
      vertex 11.591109915 118.105828541 15
      vertex 11.897338336 116.566314307 15
    endloop
  endfacet
  facet normal 0.946930129 0.321439465 0
    outer loop
      vertex 11.591109915 118.105828541 9
      vertex 11.08655439 119.592201188 9
      vertex 11.08655439 119.592201188 15
    endloop
  endfacet
  facet normal 0.946930129 0.321439465 0
    outer loop
      vertex 11.591109915 118.105828541 9
      vertex 11.08655439 119.592201188 15
      vertex 11.591109915 118.105828541 15
    endloop
  endfacet
  facet normal 0.896872742 0.44228869 0
    outer loop
      vertex 11.08655439 119.592201188 9
      vertex 10.392304845 121 9
      vertex 10.392304845 121 15
    endloop
  endfacet
  facet normal 0.896872742 0.44228869 0
    outer loop
      vertex 11.08655439 119.592201188 9
      vertex 10.392304845 121 15
      vertex 11.08655439 119.592201188 15
    endloop
  endfacet
  facet normal 0.831469612 0.555570233 0
    outer loop
      vertex 10.392304845 121 9
      vertex 9.520240083 122.305137148 9
      vertex 9.520240083 122.305137148 15
    endloop
  endfacet
  facet normal 0.831469612 0.555570233 0
    outer loop
      vertex 10.392304845 121 9
      vertex 9.520240083 122.305137148 15
      vertex 10.392304845 121 15
    endloop
  endfacet
  facet normal 0.751839807 0.659345815 0
    outer loop
      vertex 9.520240083 122.305137148 9
      vertex 8.485281374 123.485281374 9
      vertex 8.485281374 123.485281374 15
    endloop
  endfacet
  facet normal 0.751839807 0.659345815 0
    outer loop
      vertex 9.520240083 122.305137148 9
      vertex 8.485281374 123.485281374 15
      vertex 9.520240083 122.305137148 15
    endloop
  endfacet
  facet normal 0.659345815 0.751839807 0
    outer loop
      vertex 8.485281374 123.485281374 9
      vertex 7.305137148 124.520240083 9
      vertex 7.305137148 124.520240083 15
    endloop
  endfacet
  facet normal 0.659345815 0.751839807 0
    outer loop
      vertex 8.485281374 123.485281374 9
      vertex 7.305137148 124.520240083 15
      vertex 8.485281374 123.485281374 15
    endloop
  endfacet
  facet normal 0.555570233 0.831469612 0
    outer loop
      vertex 7.305137148 124.520240083 9
      vertex 6 125.392304845 9
      vertex 6 125.392304845 15
    endloop
  endfacet
  facet normal 0.555570233 0.831469612 0
    outer loop
      vertex 7.305137148 124.520240083 9
      vertex 6 125.392304845 15
      vertex 7.305137148 124.520240083 15
    endloop
  endfacet
  facet normal 0.44228869 0.896872742 0
    outer loop
      vertex 6 125.392304845 9
      vertex 4.592201188 126.08655439 9
      vertex 4.592201188 126.08655439 15
    endloop
  endfacet
  facet normal 0.44228869 0.896872742 0
    outer loop
      vertex 6 125.392304845 9
      vertex 4.592201188 126.08655439 15
      vertex 6 125.392304845 15
    endloop
  endfacet
  facet normal 0.321439465 0.946930129 0
    outer loop
      vertex 4.592201188 126.08655439 9
      vertex 3.105828541 126.591109915 9
      vertex 3.105828541 126.591109915 15
    endloop
  endfacet
  facet normal 0.321439465 0.946930129 0
    outer loop
      vertex 4.592201188 126.08655439 9
      vertex 3.105828541 126.591109915 15
      vertex 4.592201188 126.08655439 15
    endloop
  endfacet
  facet normal 0.195090322 0.98078528 0
    outer loop
      vertex 3.105828541 126.591109915 9
      vertex 1.566314307 126.897338336 9
      vertex 1.566314307 126.897338336 15
    endloop
  endfacet
  facet normal 0.195090322 0.98078528 0
    outer loop
      vertex 3.105828541 126.591109915 9
      vertex 1.566314307 126.897338336 15
      vertex 3.105828541 126.591109915 15
    endloop
  endfacet
  facet normal 0.065403129 0.997858923 0
    outer loop
      vertex 1.566314307 126.897338336 9
      vertex 0 127 9
      vertex 0 127 15
    endloop
  endfacet
  facet normal 0.065403129 0.997858923 0
    outer loop
      vertex 1.566314307 126.897338336 9
      vertex 0 127 15
      vertex 1.566314307 126.897338336 15
    endloop
  endfacet
  facet normal -0.065403129 0.997858923 0
    outer loop
      vertex 0 127 9
      vertex -1.566314307 126.897338336 9
      vertex -1.566314307 126.897338336 15
    endloop
  endfacet
  facet normal -0.065403129 0.997858923 0
    outer loop
      vertex 0 127 9
      vertex -1.566314307 126.897338336 15
      vertex 0 127 15
    endloop
  endfacet
  facet normal -0.195090322 0.98078528 0
    outer loop
      vertex -1.566314307 126.897338336 9
      vertex -3.105828541 126.591109915 9
      vertex -3.105828541 126.591109915 15
    endloop
  endfacet
  facet normal -0.195090322 0.98078528 0
    outer loop
      vertex -1.566314307 126.897338336 9
      vertex -3.105828541 126.591109915 15
      vertex -1.566314307 126.897338336 15
    endloop
  endfacet
  facet normal -0.321439465 0.946930129 0
    outer loop
      vertex -3.105828541 126.591109915 9
      vertex -4.592201188 126.08655439 9
      vertex -4.592201188 126.08655439 15
    endloop
  endfacet
  facet normal -0.321439465 0.946930129 0
    outer loop
      vertex -3.105828541 126.591109915 9
      vertex -4.592201188 126.08655439 15
      vertex -3.105828541 126.591109915 15
    endloop
  endfacet
  facet normal -0.44228869 0.896872742 0
    outer loop
      vertex -4.592201188 126.08655439 9
      vertex -6 125.392304845 9
      vertex -6 125.392304845 15
    endloop
  endfacet
  facet normal -0.44228869 0.896872742 0
    outer loop
      vertex -4.592201188 126.08655439 9
      vertex -6 125.392304845 15
      vertex -4.592201188 126.08655439 15
    endloop
  endfacet
  facet normal -0.555570233 0.831469612 0
    outer loop
      vertex -6 125.392304845 9
      vertex -7.305137148 124.520240083 9
      vertex -7.305137148 124.520240083 15
    endloop
  endfacet
  facet normal -0.555570233 0.831469612 0
    outer loop
      vertex -6 125.392304845 9
      vertex -7.305137148 124.520240083 15
      vertex -6 125.392304845 15
    endloop
  endfacet
  facet normal -0.659345815 0.751839807 0
    outer loop
      vertex -7.305137148 124.520240083 9
      vertex -8.485281374 123.485281374 9
      vertex -8.485281374 123.485281374 15
    endloop
  endfacet
  facet normal -0.659345815 0.751839807 0
    outer loop
      vertex -7.305137148 124.520240083 9
      vertex -8.485281374 123.485281374 15
      vertex -7.305137148 124.520240083 15
    endloop
  endfacet
  facet normal -0.751839807 0.659345815 0
    outer loop
      vertex -8.485281374 123.485281374 9
      vertex -9.520240083 122.305137148 9
      vertex -9.520240083 122.305137148 15
    endloop
  endfacet
  facet normal -0.751839807 0.659345815 0
    outer loop
      vertex -8.485281374 123.485281374 9
      vertex -9.520240083 122.305137148 15
      vertex -8.485281374 123.485281374 15
    endloop
  endfacet
  facet normal -0.831469612 0.555570233 0
    outer loop
      vertex -9.520240083 122.305137148 9
      vertex -10.392304845 121 9
      vertex -10.392304845 121 15
    endloop
  endfacet
  facet normal -0.831469612 0.555570233 0
    outer loop
      vertex -9.520240083 122.305137148 9
      vertex -10.392304845 121 15
      vertex -9.520240083 122.305137148 15
    endloop
  endfacet
  facet normal -0.896872742 0.44228869 0
    outer loop
      vertex -10.392304845 121 9
      vertex -11.08655439 119.592201188 9
      vertex -11.08655439 119.592201188 15
    endloop
  endfacet
  facet normal -0.896872742 0.44228869 0
    outer loop
      vertex -10.392304845 121 9
      vertex -11.08655439 119.592201188 15
      vertex -10.392304845 121 15
    endloop
  endfacet
  facet normal -0.946930129 0.321439465 0
    outer loop
      vertex -11.08655439 119.592201188 9
      vertex -11.591109915 118.105828541 9
      vertex -11.591109915 118.105828541 15
    endloop
  endfacet
  facet normal -0.946930129 0.321439465 0
    outer loop
      vertex -11.08655439 119.592201188 9
      vertex -11.591109915 118.105828541 15
      vertex -11.08655439 119.592201188 15
    endloop
  endfacet
  facet normal -0.98078528 0.195090322 0
    outer loop
      vertex -11.591109915 118.105828541 9
      vertex -11.897338336 116.566314307 9
      vertex -11.897338336 116.566314307 15
    endloop
  endfacet
  facet normal -0.98078528 0.195090322 0
    outer loop
      vertex -11.591109915 118.105828541 9
      vertex -11.897338336 116.566314307 15
      vertex -11.591109915 118.105828541 15
    endloop
  endfacet
  facet normal -0.997858923 0.065403129 0
    outer loop
      vertex -11.897338336 116.566314307 9
      vertex -12 115 9
      vertex -12 115 15
    endloop
  endfacet
  facet normal -0.997858923 0.065403129 0
    outer loop
      vertex -11.897338336 116.566314307 9
      vertex -12 115 15
      vertex -11.897338336 116.566314307 15
    endloop
  endfacet
  facet normal -0.997858923 -0.065403129 0
    outer loop
      vertex -12 115 9
      vertex -11.897338336 113.433685693 9
      vertex -11.897338336 113.433685693 15
    endloop
  endfacet
  facet normal -0.997858923 -0.065403129 0
    outer loop
      vertex -12 115 9
      vertex -11.897338336 113.433685693 15
      vertex -12 115 15
    endloop
  endfacet
  facet normal -0.98078528 -0.195090322 0
    outer loop
      vertex -11.897338336 113.433685693 9
      vertex -11.591109915 111.894171459 9
      vertex -11.591109915 111.894171459 15
    endloop
  endfacet
  facet normal -0.98078528 -0.195090322 0
    outer loop
      vertex -11.897338336 113.433685693 9
      vertex -11.591109915 111.894171459 15
      vertex -11.897338336 113.433685693 15
    endloop
  endfacet
  facet normal -0.946930129 -0.321439465 0
    outer loop
      vertex -11.591109915 111.894171459 9
      vertex -11.08655439 110.407798812 9
      vertex -11.08655439 110.407798812 15
    endloop
  endfacet
  facet normal -0.946930129 -0.321439465 0
    outer loop
      vertex -11.591109915 111.894171459 9
      vertex -11.08655439 110.407798812 15
      vertex -11.591109915 111.894171459 15
    endloop
  endfacet
  facet normal -0.896872742 -0.44228869 0
    outer loop
      vertex -11.08655439 110.407798812 9
      vertex -10.392304845 109 9
      vertex -10.392304845 109 15
    endloop
  endfacet
  facet normal -0.896872742 -0.44228869 0
    outer loop
      vertex -11.08655439 110.407798812 9
      vertex -10.392304845 109 15
      vertex -11.08655439 110.407798812 15
    endloop
  endfacet
  facet normal -0.831469612 -0.555570233 0
    outer loop
      vertex -10.392304845 109 9
      vertex -9.520240083 107.694862852 9
      vertex -9.520240083 107.694862852 15
    endloop
  endfacet
  facet normal -0.831469612 -0.555570233 0
    outer loop
      vertex -10.392304845 109 9
      vertex -9.520240083 107.694862852 15
      vertex -10.392304845 109 15
    endloop
  endfacet
  facet normal -0.751839807 -0.659345815 0
    outer loop
      vertex -9.520240083 107.694862852 9
      vertex -8.485281374 106.514718626 9
      vertex -8.485281374 106.514718626 15
    endloop
  endfacet
  facet normal -0.751839807 -0.659345815 0
    outer loop
      vertex -9.520240083 107.694862852 9
      vertex -8.485281374 106.514718626 15
      vertex -9.520240083 107.694862852 15
    endloop
  endfacet
  facet normal -0.659345815 -0.751839807 0
    outer loop
      vertex -8.485281374 106.514718626 9
      vertex -7.305137148 105.479759917 9
      vertex -7.305137148 105.479759917 15
    endloop
  endfacet
  facet normal -0.659345815 -0.751839807 0
    outer loop
      vertex -8.485281374 106.514718626 9
      vertex -7.305137148 105.479759917 15
      vertex -8.485281374 106.514718626 15
    endloop
  endfacet
  facet normal -0.555570233 -0.831469612 0
    outer loop
      vertex -7.305137148 105.479759917 9
      vertex -6 104.607695155 9
      vertex -6 104.607695155 15
    endloop
  endfacet
  facet normal -0.555570233 -0.831469612 0
    outer loop
      vertex -7.305137148 105.479759917 9
      vertex -6 104.607695155 15
      vertex -7.305137148 105.479759917 15
    endloop
  endfacet
  facet normal -0.44228869 -0.896872742 0
    outer loop
      vertex -6 104.607695155 9
      vertex -4.592201188 103.91344561 9
      vertex -4.592201188 103.91344561 15
    endloop
  endfacet
  facet normal -0.44228869 -0.896872742 0
    outer loop
      vertex -6 104.607695155 9
      vertex -4.592201188 103.91344561 15
      vertex -6 104.607695155 15
    endloop
  endfacet
  facet normal -0.321439465 -0.946930129 0
    outer loop
      vertex -4.592201188 103.91344561 9
      vertex -3.105828541 103.408890085 9
      vertex -3.105828541 103.408890085 15
    endloop
  endfacet
  facet normal -0.321439465 -0.946930129 0
    outer loop
      vertex -4.592201188 103.91344561 9
      vertex -3.105828541 103.408890085 15
      vertex -4.592201188 103.91344561 15
    endloop
  endfacet
  facet normal -0.195090322 -0.98078528 0
    outer loop
      vertex -3.105828541 103.408890085 9
      vertex -1.566314307 103.102661664 9
      vertex -1.566314307 103.102661664 15
    endloop
  endfacet
  facet normal -0.195090322 -0.98078528 0
    outer loop
      vertex -3.105828541 103.408890085 9
      vertex -1.566314307 103.102661664 15
      vertex -3.105828541 103.408890085 15
    endloop
  endfacet
  facet normal -0.065403129 -0.997858923 0
    outer loop
      vertex -1.566314307 103.102661664 9
      vertex 0 103 9
      vertex 0 103 15
    endloop
  endfacet
  facet normal -0.065403129 -0.997858923 0
    outer loop
      vertex -1.566314307 103.102661664 9
      vertex 0 103 15
      vertex -1.566314307 103.102661664 15
    endloop
  endfacet
  facet normal 0.065403129 -0.997858923 0
    outer loop
      vertex 0 103 9
      vertex 1.566314307 103.102661664 9
      vertex 1.566314307 103.102661664 15
    endloop
  endfacet
  facet normal 0.065403129 -0.997858923 0
    outer loop
      vertex 0 103 9
      vertex 1.566314307 103.102661664 15
      vertex 0 103 15
    endloop
  endfacet
  facet normal 0.195090322 -0.98078528 0
    outer loop
      vertex 1.566314307 103.102661664 9
      vertex 3.105828541 103.408890085 9
      vertex 3.105828541 103.408890085 15
    endloop
  endfacet
  facet normal 0.195090322 -0.98078528 0
    outer loop
      vertex 1.566314307 103.102661664 9
      vertex 3.105828541 103.408890085 15
      vertex 1.566314307 103.102661664 15
    endloop
  endfacet
  facet normal 0.321439465 -0.946930129 0
    outer loop
      vertex 3.105828541 103.408890085 9
      vertex 4.592201188 103.91344561 9
      vertex 4.592201188 103.91344561 15
    endloop
  endfacet
  facet normal 0.321439465 -0.946930129 0
    outer loop
      vertex 3.105828541 103.408890085 9
      vertex 4.592201188 103.91344561 15
      vertex 3.105828541 103.408890085 15
    endloop
  endfacet
  facet normal 0.44228869 -0.896872742 0
    outer loop
      vertex 4.592201188 103.91344561 9
      vertex 6 104.607695155 9
      vertex 6 104.607695155 15
    endloop
  endfacet
  facet normal 0.44228869 -0.896872742 0
    outer loop
      vertex 4.592201188 103.91344561 9
      vertex 6 104.607695155 15
      vertex 4.592201188 103.91344561 15
    endloop
  endfacet
  facet normal 0.555570233 -0.831469612 0
    outer loop
      vertex 6 104.607695155 9
      vertex 7.305137148 105.479759917 9
      vertex 7.305137148 105.479759917 15
    endloop
  endfacet
  facet normal 0.555570233 -0.831469612 0
    outer loop
      vertex 6 104.607695155 9
      vertex 7.305137148 105.479759917 15
      vertex 6 104.607695155 15
    endloop
  endfacet
  facet normal 0.659345815 -0.751839807 0
    outer loop
      vertex 7.305137148 105.479759917 9
      vertex 8.485281374 106.514718626 9
      vertex 8.485281374 106.514718626 15
    endloop
  endfacet
  facet normal 0.659345815 -0.751839807 0
    outer loop
      vertex 7.305137148 105.479759917 9
      vertex 8.485281374 106.514718626 15
      vertex 7.305137148 105.479759917 15
    endloop
  endfacet
  facet normal 0.751839807 -0.659345815 0
    outer loop
      vertex 8.485281374 106.514718626 9
      vertex 9.520240083 107.694862852 9
      vertex 9.520240083 107.694862852 15
    endloop
  endfacet
  facet normal 0.751839807 -0.659345815 0
    outer loop
      vertex 8.485281374 106.514718626 9
      vertex 9.520240083 107.694862852 15
      vertex 8.485281374 106.514718626 15
    endloop
  endfacet
  facet normal 0.831469612 -0.555570233 0
    outer loop
      vertex 9.520240083 107.694862852 9
      vertex 10.392304845 109 9
      vertex 10.392304845 109 15
    endloop
  endfacet
  facet normal 0.831469612 -0.555570233 0
    outer loop
      vertex 9.520240083 107.694862852 9
      vertex 10.392304845 109 15
      vertex 9.520240083 107.694862852 15
    endloop
  endfacet
  facet normal 0.896872742 -0.44228869 0
    outer loop
      vertex 10.392304845 109 9
      vertex 11.08655439 110.407798812 9
      vertex 11.08655439 110.407798812 15
    endloop
  endfacet
  facet normal 0.896872742 -0.44228869 0
    outer loop
      vertex 10.392304845 109 9
      vertex 11.08655439 110.407798812 15
      vertex 10.392304845 109 15
    endloop
  endfacet
  facet normal 0.946930129 -0.321439465 0
    outer loop
      vertex 11.08655439 110.407798812 9
      vertex 11.591109915 111.894171459 9
      vertex 11.591109915 111.894171459 15
    endloop
  endfacet
  facet normal 0.946930129 -0.321439465 0
    outer loop
      vertex 11.08655439 110.407798812 9
      vertex 11.591109915 111.894171459 15
      vertex 11.08655439 110.407798812 15
    endloop
  endfacet
  facet normal 0.98078528 -0.195090322 0
    outer loop
      vertex 11.591109915 111.894171459 9
      vertex 11.897338336 113.433685693 9
      vertex 11.897338336 113.433685693 15
    endloop
  endfacet
  facet normal 0.98078528 -0.195090322 0
    outer loop
      vertex 11.591109915 111.894171459 9
      vertex 11.897338336 113.433685693 15
      vertex 11.591109915 111.894171459 15
    endloop
  endfacet
  facet normal 0 0 1
    outer loop
      vertex 11.591109915 111.894171459 15
      vertex 11.897338336 113.433685693 15
      vertex 12 115 15
    endloop
  endfacet
  facet normal 0 0 1
    outer loop
      vertex 12 115 15
      vertex 11.897338336 116.566314307 15
      vertex 11.591109915 118.105828541 15
    endloop
  endfacet
  facet normal 0 0 1
    outer loop
      vertex 11.591109915 118.105828541 15
      vertex 11.08655439 119.592201188 15
      vertex 10.392304845 121 15
    endloop
  endfacet
  facet normal 0 0 1
    outer loop
      vertex 10.392304845 121 15
      vertex 9.520240083 122.305137148 15
      vertex 8.485281374 123.485281374 15
    endloop
  endfacet
  facet normal 0 0 1
    outer loop
      vertex 8.485281374 123.485281374 15
      vertex 7.305137148 124.520240083 15
      vertex 6 125.392304845 15
    endloop
  endfacet
  facet normal 0 0 1
    outer loop
      vertex 6 125.392304845 15
      vertex 4.592201188 126.08655439 15
      vertex 3.105828541 126.591109915 15
    endloop
  endfacet
  facet normal 0 0 1
    outer loop
      vertex 3.105828541 126.591109915 15
      vertex 1.566314307 126.897338336 15
      vertex 0 127 15
    endloop
  endfacet
  facet normal 0 0 1
    outer loop
      vertex 0 127 15
      vertex -1.566314307 126.897338336 15
      vertex -3.105828541 126.591109915 15
    endloop
  endfacet
  facet normal 0 0 1
    outer loop
      vertex -3.105828541 126.591109915 15
      vertex -4.592201188 126.08655439 15
      vertex -6 125.392304845 15
    endloop
  endfacet
  facet normal 0 0 1
    outer loop
      vertex -6 125.392304845 15
      vertex -7.305137148 124.520240083 15
      vertex -8.485281374 123.485281374 15
    endloop
  endfacet
  facet normal 0 0 1
    outer loop
      vertex -8.485281374 123.485281374 15
      vertex -9.520240083 122.305137148 15
      vertex -10.392304845 121 15
    endloop
  endfacet
  facet normal 0 0 1
    outer loop
      vertex -10.392304845 121 15
      vertex -11.08655439 119.592201188 15
      vertex -11.591109915 118.105828541 15
    endloop
  endfacet
  facet normal 0 0 1
    outer loop
      vertex -11.591109915 118.105828541 15
      vertex -11.897338336 116.566314307 15
      vertex -12 115 15
    endloop
  endfacet
  facet normal 0 0 1
    outer loop
      vertex -12 115 15
      vertex -11.897338336 113.433685693 15
      vertex -11.591109915 111.894171459 15
    endloop
  endfacet
  facet normal 0 0 1
    outer loop
      vertex -11.591109915 111.894171459 15
      vertex -11.08655439 110.407798812 15
      vertex -10.392304845 109 15
    endloop
  endfacet
  facet normal 0 0 1
    outer loop
      vertex -10.392304845 109 15
      vertex -9.520240083 107.694862852 15
      vertex -8.485281374 106.514718626 15
    endloop
  endfacet
  facet normal 0 0 1
    outer loop
      vertex -8.485281374 106.514718626 15
      vertex -7.305137148 105.479759917 15
      vertex -6 104.607695155 15
    endloop
  endfacet
  facet normal 0 0 1
    outer loop
      vertex -6 104.607695155 15
      vertex -4.592201188 103.91344561 15
      vertex -3.105828541 103.408890085 15
    endloop
  endfacet
  facet normal 0 0 1
    outer loop
      vertex -3.105828541 103.408890085 15
      vertex -1.566314307 103.102661664 15
      vertex 0 103 15
    endloop
  endfacet
  facet normal 0 0 1
    outer loop
      vertex 0 103 15
      vertex 1.566314307 103.102661664 15
      vertex 3.105828541 103.408890085 15
    endloop
  endfacet
  facet normal 0 0 1
    outer loop
      vertex 3.105828541 103.408890085 15
      vertex 4.592201188 103.91344561 15
      vertex 6 104.607695155 15
    endloop
  endfacet
  facet normal 0 0 1
    outer loop
      vertex 6 104.607695155 15
      vertex 7.305137148 105.479759917 15
      vertex 8.485281374 106.514718626 15
    endloop
  endfacet
  facet normal 0 0 1
    outer loop
      vertex 8.485281374 106.514718626 15
      vertex 9.520240083 107.694862852 15
      vertex 10.392304845 109 15
    endloop
  endfacet
  facet normal 0 0 1
    outer loop
      vertex 10.392304845 109 15
      vertex 11.08655439 110.407798812 15
      vertex 11.591109915 111.894171459 15
    endloop
  endfacet
  facet normal 0 0 1
    outer loop
      vertex 11.591109915 111.894171459 15
      vertex 12 115 15
      vertex 11.591109915 118.105828541 15
    endloop
  endfacet
  facet normal 0 0 1
    outer loop
      vertex 11.591109915 118.105828541 15
      vertex 10.392304845 121 15
      vertex 8.485281374 123.485281374 15
    endloop
  endfacet
  facet normal 0 0 1
    outer loop
      vertex 8.485281374 123.485281374 15
      vertex 6 125.392304845 15
      vertex 3.105828541 126.591109915 15
    endloop
  endfacet
  facet normal 0 0 1
    outer loop
      vertex 3.105828541 126.591109915 15
      vertex 0 127 15
      vertex -3.105828541 126.591109915 15
    endloop
  endfacet
  facet normal 0 0 1
    outer loop
      vertex -3.105828541 126.591109915 15
      vertex -6 125.392304845 15
      vertex -8.485281374 123.485281374 15
    endloop
  endfacet
  facet normal 0 0 1
    outer loop
      vertex -8.485281374 123.485281374 15
      vertex -10.392304845 121 15
      vertex -11.591109915 118.105828541 15
    endloop
  endfacet
  facet normal 0 0 1
    outer loop
      vertex -11.591109915 118.105828541 15
      vertex -12 115 15
      vertex -11.591109915 111.894171459 15
    endloop
  endfacet
  facet normal 0 0 1
    outer loop
      vertex -11.591109915 111.894171459 15
      vertex -10.392304845 109 15
      vertex -8.485281374 106.514718626 15
    endloop
  endfacet
  facet normal 0 0 1
    outer loop
      vertex -8.485281374 106.514718626 15
      vertex -6 104.607695155 15
      vertex -3.105828541 103.408890085 15
    endloop
  endfacet
  facet normal 0 0 1
    outer loop
      vertex -3.105828541 103.408890085 15
      vertex 0 103 15
      vertex 3.105828541 103.408890085 15
    endloop
  endfacet
  facet normal 0 0 1
    outer loop
      vertex 3.105828541 103.408890085 15
      vertex 6 104.607695155 15
      vertex 8.485281374 106.514718626 15
    endloop
  endfacet
  facet normal 0 0 1
    outer loop
      vertex 8.485281374 106.514718626 15
      vertex 10.392304845 109 15
      vertex 11.591109915 111.894171459 15
    endloop
  endfacet
  facet normal 0 0 1
    outer loop
      vertex 11.591109915 111.894171459 15
      vertex 11.591109915 118.105828541 15
      vertex 8.485281374 123.485281374 15
    endloop
  endfacet
  facet normal 0 0 1
    outer loop
      vertex 8.485281374 123.485281374 15
      vertex 3.105828541 126.591109915 15
      vertex -3.105828541 126.591109915 15
    endloop
  endfacet
  facet normal 0 0 1
    outer loop
      vertex -3.105828541 126.591109915 15
      vertex -8.485281374 123.485281374 15
      vertex -11.591109915 118.105828541 15
    endloop
  endfacet
  facet normal 0 0 1
    outer loop
      vertex -11.591109915 118.105828541 15
      vertex -11.591109915 111.894171459 15
      vertex -8.485281374 106.514718626 15
    endloop
  endfacet
  facet normal 0 0 1
    outer loop
      vertex -8.485281374 106.514718626 15
      vertex -3.105828541 103.408890085 15
      vertex 3.105828541 103.408890085 15
    endloop
  endfacet
  facet normal 0 0 1
    outer loop
      vertex 3.105828541 103.408890085 15
      vertex 8.485281374 106.514718626 15
      vertex 11.591109915 111.894171459 15
    endloop
  endfacet
  facet normal 0 0 1
    outer loop
      vertex 11.591109915 111.894171459 15
      vertex 8.485281374 123.485281374 15
      vertex -3.105828541 126.591109915 15
    endloop
  endfacet
  facet normal 0 0 1
    outer loop
      vertex -3.105828541 126.591109915 15
      vertex -11.591109915 118.105828541 15
      vertex -8.485281374 106.514718626 15
    endloop
  endfacet
  facet normal 0 0 1
    outer loop
      vertex -8.485281374 106.514718626 15
      vertex 3.105828541 103.408890085 15
      vertex 11.591109915 111.894171459 15
    endloop
  endfacet
  facet normal 0 0 1
    outer loop
      vertex 11.591109915 111.894171459 15
      vertex -3.105828541 126.591109915 15
      vertex -8.485281374 106.514718626 15
    endloop
  endfacet
  facet normal 0 0 -1
    outer loop
      vertex 12 115 9
      vertex 11.897338336 113.433685693 9
      vertex 11.591109915 111.894171459 9
    endloop
  endfacet
  facet normal 0 0 -1
    outer loop
      vertex 11.591109915 118.105828541 9
      vertex 11.897338336 116.566314307 9
      vertex 12 115 9
    endloop
  endfacet
  facet normal 0 0 -1
    outer loop
      vertex 10.392304845 121 9
      vertex 11.08655439 119.592201188 9
      vertex 11.591109915 118.105828541 9
    endloop
  endfacet
  facet normal 0 0 -1
    outer loop
      vertex 8.485281374 123.485281374 9
      vertex 9.520240083 122.305137148 9
      vertex 10.392304845 121 9
    endloop
  endfacet
  facet normal 0 0 -1
    outer loop
      vertex 6 125.392304845 9
      vertex 7.305137148 124.520240083 9
      vertex 8.485281374 123.485281374 9
    endloop
  endfacet
  facet normal 0 0 -1
    outer loop
      vertex 3.105828541 126.591109915 9
      vertex 4.592201188 126.08655439 9
      vertex 6 125.392304845 9
    endloop
  endfacet
  facet normal 0 0 -1
    outer loop
      vertex 0 127 9
      vertex 1.566314307 126.897338336 9
      vertex 3.105828541 126.591109915 9
    endloop
  endfacet
  facet normal 0 0 -1
    outer loop
      vertex -3.105828541 126.591109915 9
      vertex -1.566314307 126.897338336 9
      vertex 0 127 9
    endloop
  endfacet
  facet normal 0 0 -1
    outer loop
      vertex -6 125.392304845 9
      vertex -4.592201188 126.08655439 9
      vertex -3.105828541 126.591109915 9
    endloop
  endfacet
  facet normal 0 0 -1
    outer loop
      vertex -8.485281374 123.485281374 9
      vertex -7.305137148 124.520240083 9
      vertex -6 125.392304845 9
    endloop
  endfacet
  facet normal 0 0 -1
    outer loop
      vertex -10.392304845 121 9
      vertex -9.520240083 122.305137148 9
      vertex -8.485281374 123.485281374 9
    endloop
  endfacet
  facet normal 0 0 -1
    outer loop
      vertex -11.591109915 118.105828541 9
      vertex -11.08655439 119.592201188 9
      vertex -10.392304845 121 9
    endloop
  endfacet
  facet normal 0 0 -1
    outer loop
      vertex -12 115 9
      vertex -11.897338336 116.566314307 9
      vertex -11.591109915 118.105828541 9
    endloop
  endfacet
  facet normal 0 0 -1
    outer loop
      vertex -11.591109915 111.894171459 9
      vertex -11.897338336 113.433685693 9
      vertex -12 115 9
    endloop
  endfacet
  facet normal 0 0 -1
    outer loop
      vertex -10.392304845 109 9
      vertex -11.08655439 110.407798812 9
      vertex -11.591109915 111.894171459 9
    endloop
  endfacet
  facet normal 0 0 -1
    outer loop
      vertex -8.485281374 106.514718626 9
      vertex -9.520240083 107.694862852 9
      vertex -10.392304845 109 9
    endloop
  endfacet
  facet normal 0 0 -1
    outer loop
      vertex -6 104.607695155 9
      vertex -7.305137148 105.479759917 9
      vertex -8.485281374 106.514718626 9
    endloop
  endfacet
  facet normal 0 0 -1
    outer loop
      vertex -3.105828541 103.408890085 9
      vertex -4.592201188 103.91344561 9
      vertex -6 104.607695155 9
    endloop
  endfacet
  facet normal 0 0 -1
    outer loop
      vertex 0 103 9
      vertex -1.566314307 103.102661664 9
      vertex -3.105828541 103.408890085 9
    endloop
  endfacet
  facet normal 0 0 -1
    outer loop
      vertex 3.105828541 103.408890085 9
      vertex 1.566314307 103.102661664 9
      vertex 0 103 9
    endloop
  endfacet
  facet normal 0 0 -1
    outer loop
      vertex 6 104.607695155 9
      vertex 4.592201188 103.91344561 9
      vertex 3.105828541 103.408890085 9
    endloop
  endfacet
  facet normal 0 0 -1
    outer loop
      vertex 8.485281374 106.514718626 9
      vertex 7.305137148 105.479759917 9
      vertex 6 104.607695155 9
    endloop
  endfacet
  facet normal 0 0 -1
    outer loop
      vertex 10.392304845 109 9
      vertex 9.520240083 107.694862852 9
      vertex 8.485281374 106.514718626 9
    endloop
  endfacet
  facet normal 0 0 -1
    outer loop
      vertex 11.591109915 111.894171459 9
      vertex 11.08655439 110.407798812 9
      vertex 10.392304845 109 9
    endloop
  endfacet
  facet normal 0 0 -1
    outer loop
      vertex 11.591109915 118.105828541 9
      vertex 12 115 9
      vertex 11.591109915 111.894171459 9
    endloop
  endfacet
  facet normal 0 0 -1
    outer loop
      vertex 8.485281374 123.485281374 9
      vertex 10.392304845 121 9
      vertex 11.591109915 118.105828541 9
    endloop
  endfacet
  facet normal 0 0 -1
    outer loop
      vertex 3.105828541 126.591109915 9
      vertex 6 125.392304845 9
      vertex 8.485281374 123.485281374 9
    endloop
  endfacet
  facet normal 0 0 -1
    outer loop
      vertex -3.105828541 126.591109915 9
      vertex 0 127 9
      vertex 3.105828541 126.591109915 9
    endloop
  endfacet
  facet normal 0 0 -1
    outer loop
      vertex -8.485281374 123.485281374 9
      vertex -6 125.392304845 9
      vertex -3.105828541 126.591109915 9
    endloop
  endfacet
  facet normal 0 0 -1
    outer loop
      vertex -11.591109915 118.105828541 9
      vertex -10.392304845 121 9
      vertex -8.485281374 123.485281374 9
    endloop
  endfacet
  facet normal 0 0 -1
    outer loop
      vertex -11.591109915 111.894171459 9
      vertex -12 115 9
      vertex -11.591109915 118.105828541 9
    endloop
  endfacet
  facet normal 0 0 -1
    outer loop
      vertex -8.485281374 106.514718626 9
      vertex -10.392304845 109 9
      vertex -11.591109915 111.894171459 9
    endloop
  endfacet
  facet normal 0 0 -1
    outer loop
      vertex -3.105828541 103.408890085 9
      vertex -6 104.607695155 9
      vertex -8.485281374 106.514718626 9
    endloop
  endfacet
  facet normal 0 0 -1
    outer loop
      vertex 3.105828541 103.408890085 9
      vertex 0 103 9
      vertex -3.105828541 103.408890085 9
    endloop
  endfacet
  facet normal 0 0 -1
    outer loop
      vertex 8.485281374 106.514718626 9
      vertex 6 104.607695155 9
      vertex 3.105828541 103.408890085 9
    endloop
  endfacet
  facet normal 0 0 -1
    outer loop
      vertex 11.591109915 111.894171459 9
      vertex 10.392304845 109 9
      vertex 8.485281374 106.514718626 9
    endloop
  endfacet
  facet normal 0 0 -1
    outer loop
      vertex 8.485281374 123.485281374 9
      vertex 11.591109915 118.105828541 9
      vertex 11.591109915 111.894171459 9
    endloop
  endfacet
  facet normal 0 0 -1
    outer loop
      vertex -3.105828541 126.591109915 9
      vertex 3.105828541 126.591109915 9
      vertex 8.485281374 123.485281374 9
    endloop
  endfacet
  facet normal 0 0 -1
    outer loop
      vertex -11.591109915 118.105828541 9
      vertex -8.485281374 123.485281374 9
      vertex -3.105828541 126.591109915 9
    endloop
  endfacet
  facet normal 0 0 -1
    outer loop
      vertex -8.485281374 106.514718626 9
      vertex -11.591109915 111.894171459 9
      vertex -11.591109915 118.105828541 9
    endloop
  endfacet
  facet normal 0 0 -1
    outer loop
      vertex 3.105828541 103.408890085 9
      vertex -3.105828541 103.408890085 9
      vertex -8.485281374 106.514718626 9
    endloop
  endfacet
  facet normal 0 0 -1
    outer loop
      vertex 11.591109915 111.894171459 9
      vertex 8.485281374 106.514718626 9
      vertex 3.105828541 103.408890085 9
    endloop
  endfacet
  facet normal 0 0 -1
    outer loop
      vertex -3.105828541 126.591109915 9
      vertex 8.485281374 123.485281374 9
      vertex 11.591109915 111.894171459 9
    endloop
  endfacet
  facet normal 0 0 -1
    outer loop
      vertex -8.485281374 106.514718626 9
      vertex -11.591109915 118.105828541 9
      vertex -3.105828541 126.591109915 9
    endloop
  endfacet
  facet normal 0 0 -1
    outer loop
      vertex 11.591109915 111.894171459 9
      vertex 3.105828541 103.408890085 9
      vertex -8.485281374 106.514718626 9
    endloop
  endfacet
  facet normal 0 0 -1
    outer loop
      vertex -8.485281374 106.514718626 9
      vertex -3.105828541 126.591109915 9
      vertex 11.591109915 111.894171459 9
    endloop
  endfacet
  facet normal 0.997858923 -0.065403129 0
    outer loop
      vertex 11.897338336 -116.566314307 9
      vertex 12 -115 9
      vertex 12 -115 15
    endloop
  endfacet
  facet normal 0.997858923 -0.065403129 0
    outer loop
      vertex 11.897338336 -116.566314307 9
      vertex 12 -115 15
      vertex 11.897338336 -116.566314307 15
    endloop
  endfacet
  facet normal 0.997858923 0.065403129 0
    outer loop
      vertex 12 -115 9
      vertex 11.897338336 -113.433685693 9
      vertex 11.897338336 -113.433685693 15
    endloop
  endfacet
  facet normal 0.997858923 0.065403129 0
    outer loop
      vertex 12 -115 9
      vertex 11.897338336 -113.433685693 15
      vertex 12 -115 15
    endloop
  endfacet
  facet normal 0.98078528 0.195090322 0
    outer loop
      vertex 11.897338336 -113.433685693 9
      vertex 11.591109915 -111.894171459 9
      vertex 11.591109915 -111.894171459 15
    endloop
  endfacet
  facet normal 0.98078528 0.195090322 0
    outer loop
      vertex 11.897338336 -113.433685693 9
      vertex 11.591109915 -111.894171459 15
      vertex 11.897338336 -113.433685693 15
    endloop
  endfacet
  facet normal 0.946930129 0.321439465 0
    outer loop
      vertex 11.591109915 -111.894171459 9
      vertex 11.08655439 -110.407798812 9
      vertex 11.08655439 -110.407798812 15
    endloop
  endfacet
  facet normal 0.946930129 0.321439465 0
    outer loop
      vertex 11.591109915 -111.894171459 9
      vertex 11.08655439 -110.407798812 15
      vertex 11.591109915 -111.894171459 15
    endloop
  endfacet
  facet normal 0.896872742 0.44228869 0
    outer loop
      vertex 11.08655439 -110.407798812 9
      vertex 10.392304845 -109 9
      vertex 10.392304845 -109 15
    endloop
  endfacet
  facet normal 0.896872742 0.44228869 0
    outer loop
      vertex 11.08655439 -110.407798812 9
      vertex 10.392304845 -109 15
      vertex 11.08655439 -110.407798812 15
    endloop
  endfacet
  facet normal 0.831469612 0.555570233 0
    outer loop
      vertex 10.392304845 -109 9
      vertex 9.520240083 -107.694862852 9
      vertex 9.520240083 -107.694862852 15
    endloop
  endfacet
  facet normal 0.831469612 0.555570233 0
    outer loop
      vertex 10.392304845 -109 9
      vertex 9.520240083 -107.694862852 15
      vertex 10.392304845 -109 15
    endloop
  endfacet
  facet normal 0.751839807 0.659345815 0
    outer loop
      vertex 9.520240083 -107.694862852 9
      vertex 8.485281374 -106.514718626 9
      vertex 8.485281374 -106.514718626 15
    endloop
  endfacet
  facet normal 0.751839807 0.659345815 0
    outer loop
      vertex 9.520240083 -107.694862852 9
      vertex 8.485281374 -106.514718626 15
      vertex 9.520240083 -107.694862852 15
    endloop
  endfacet
  facet normal 0.659345815 0.751839807 0
    outer loop
      vertex 8.485281374 -106.514718626 9
      vertex 7.305137148 -105.479759917 9
      vertex 7.305137148 -105.479759917 15
    endloop
  endfacet
  facet normal 0.659345815 0.751839807 0
    outer loop
      vertex 8.485281374 -106.514718626 9
      vertex 7.305137148 -105.479759917 15
      vertex 8.485281374 -106.514718626 15
    endloop
  endfacet
  facet normal 0.555570233 0.831469612 0
    outer loop
      vertex 7.305137148 -105.479759917 9
      vertex 6 -104.607695155 9
      vertex 6 -104.607695155 15
    endloop
  endfacet
  facet normal 0.555570233 0.831469612 0
    outer loop
      vertex 7.305137148 -105.479759917 9
      vertex 6 -104.607695155 15
      vertex 7.305137148 -105.479759917 15
    endloop
  endfacet
  facet normal 0.44228869 0.896872742 0
    outer loop
      vertex 6 -104.607695155 9
      vertex 4.592201188 -103.91344561 9
      vertex 4.592201188 -103.91344561 15
    endloop
  endfacet
  facet normal 0.44228869 0.896872742 0
    outer loop
      vertex 6 -104.607695155 9
      vertex 4.592201188 -103.91344561 15
      vertex 6 -104.607695155 15
    endloop
  endfacet
  facet normal 0.321439465 0.946930129 0
    outer loop
      vertex 4.592201188 -103.91344561 9
      vertex 3.105828541 -103.408890085 9
      vertex 3.105828541 -103.408890085 15
    endloop
  endfacet
  facet normal 0.321439465 0.946930129 0
    outer loop
      vertex 4.592201188 -103.91344561 9
      vertex 3.105828541 -103.408890085 15
      vertex 4.592201188 -103.91344561 15
    endloop
  endfacet
  facet normal 0.195090322 0.98078528 0
    outer loop
      vertex 3.105828541 -103.408890085 9
      vertex 1.566314307 -103.102661664 9
      vertex 1.566314307 -103.102661664 15
    endloop
  endfacet
  facet normal 0.195090322 0.98078528 0
    outer loop
      vertex 3.105828541 -103.408890085 9
      vertex 1.566314307 -103.102661664 15
      vertex 3.105828541 -103.408890085 15
    endloop
  endfacet
  facet normal 0.065403129 0.997858923 0
    outer loop
      vertex 1.566314307 -103.102661664 9
      vertex 0 -103 9
      vertex 0 -103 15
    endloop
  endfacet
  facet normal 0.065403129 0.997858923 0
    outer loop
      vertex 1.566314307 -103.102661664 9
      vertex 0 -103 15
      vertex 1.566314307 -103.102661664 15
    endloop
  endfacet
  facet normal -0.065403129 0.997858923 0
    outer loop
      vertex 0 -103 9
      vertex -1.566314307 -103.102661664 9
      vertex -1.566314307 -103.102661664 15
    endloop
  endfacet
  facet normal -0.065403129 0.997858923 0
    outer loop
      vertex 0 -103 9
      vertex -1.566314307 -103.102661664 15
      vertex 0 -103 15
    endloop
  endfacet
  facet normal -0.195090322 0.98078528 0
    outer loop
      vertex -1.566314307 -103.102661664 9
      vertex -3.105828541 -103.408890085 9
      vertex -3.105828541 -103.408890085 15
    endloop
  endfacet
  facet normal -0.195090322 0.98078528 0
    outer loop
      vertex -1.566314307 -103.102661664 9
      vertex -3.105828541 -103.408890085 15
      vertex -1.566314307 -103.102661664 15
    endloop
  endfacet
  facet normal -0.321439465 0.946930129 0
    outer loop
      vertex -3.105828541 -103.408890085 9
      vertex -4.592201188 -103.91344561 9
      vertex -4.592201188 -103.91344561 15
    endloop
  endfacet
  facet normal -0.321439465 0.946930129 0
    outer loop
      vertex -3.105828541 -103.408890085 9
      vertex -4.592201188 -103.91344561 15
      vertex -3.105828541 -103.408890085 15
    endloop
  endfacet
  facet normal -0.44228869 0.896872742 0
    outer loop
      vertex -4.592201188 -103.91344561 9
      vertex -6 -104.607695155 9
      vertex -6 -104.607695155 15
    endloop
  endfacet
  facet normal -0.44228869 0.896872742 0
    outer loop
      vertex -4.592201188 -103.91344561 9
      vertex -6 -104.607695155 15
      vertex -4.592201188 -103.91344561 15
    endloop
  endfacet
  facet normal -0.555570233 0.831469612 0
    outer loop
      vertex -6 -104.607695155 9
      vertex -7.305137148 -105.479759917 9
      vertex -7.305137148 -105.479759917 15
    endloop
  endfacet
  facet normal -0.555570233 0.831469612 0
    outer loop
      vertex -6 -104.607695155 9
      vertex -7.305137148 -105.479759917 15
      vertex -6 -104.607695155 15
    endloop
  endfacet
  facet normal -0.659345815 0.751839807 0
    outer loop
      vertex -7.305137148 -105.479759917 9
      vertex -8.485281374 -106.514718626 9
      vertex -8.485281374 -106.514718626 15
    endloop
  endfacet
  facet normal -0.659345815 0.751839807 0
    outer loop
      vertex -7.305137148 -105.479759917 9
      vertex -8.485281374 -106.514718626 15
      vertex -7.305137148 -105.479759917 15
    endloop
  endfacet
  facet normal -0.751839807 0.659345815 0
    outer loop
      vertex -8.485281374 -106.514718626 9
      vertex -9.520240083 -107.694862852 9
      vertex -9.520240083 -107.694862852 15
    endloop
  endfacet
  facet normal -0.751839807 0.659345815 0
    outer loop
      vertex -8.485281374 -106.514718626 9
      vertex -9.520240083 -107.694862852 15
      vertex -8.485281374 -106.514718626 15
    endloop
  endfacet
  facet normal -0.831469612 0.555570233 0
    outer loop
      vertex -9.520240083 -107.694862852 9
      vertex -10.392304845 -109 9
      vertex -10.392304845 -109 15
    endloop
  endfacet
  facet normal -0.831469612 0.555570233 0
    outer loop
      vertex -9.520240083 -107.694862852 9
      vertex -10.392304845 -109 15
      vertex -9.520240083 -107.694862852 15
    endloop
  endfacet
  facet normal -0.896872742 0.44228869 0
    outer loop
      vertex -10.392304845 -109 9
      vertex -11.08655439 -110.407798812 9
      vertex -11.08655439 -110.407798812 15
    endloop
  endfacet
  facet normal -0.896872742 0.44228869 0
    outer loop
      vertex -10.392304845 -109 9
      vertex -11.08655439 -110.407798812 15
      vertex -10.392304845 -109 15
    endloop
  endfacet
  facet normal -0.946930129 0.321439465 0
    outer loop
      vertex -11.08655439 -110.407798812 9
      vertex -11.591109915 -111.894171459 9
      vertex -11.591109915 -111.894171459 15
    endloop
  endfacet
  facet normal -0.946930129 0.321439465 0
    outer loop
      vertex -11.08655439 -110.407798812 9
      vertex -11.591109915 -111.894171459 15
      vertex -11.08655439 -110.407798812 15
    endloop
  endfacet
  facet normal -0.98078528 0.195090322 0
    outer loop
      vertex -11.591109915 -111.894171459 9
      vertex -11.897338336 -113.433685693 9
      vertex -11.897338336 -113.433685693 15
    endloop
  endfacet
  facet normal -0.98078528 0.195090322 0
    outer loop
      vertex -11.591109915 -111.894171459 9
      vertex -11.897338336 -113.433685693 15
      vertex -11.591109915 -111.894171459 15
    endloop
  endfacet
  facet normal -0.997858923 0.065403129 0
    outer loop
      vertex -11.897338336 -113.433685693 9
      vertex -12 -115 9
      vertex -12 -115 15
    endloop
  endfacet
  facet normal -0.997858923 0.065403129 0
    outer loop
      vertex -11.897338336 -113.433685693 9
      vertex -12 -115 15
      vertex -11.897338336 -113.433685693 15
    endloop
  endfacet
  facet normal -0.997858923 -0.065403129 0
    outer loop
      vertex -12 -115 9
      vertex -11.897338336 -116.566314307 9
      vertex -11.897338336 -116.566314307 15
    endloop
  endfacet
  facet normal -0.997858923 -0.065403129 0
    outer loop
      vertex -12 -115 9
      vertex -11.897338336 -116.566314307 15
      vertex -12 -115 15
    endloop
  endfacet
  facet normal -0.98078528 -0.195090322 0
    outer loop
      vertex -11.897338336 -116.566314307 9
      vertex -11.591109915 -118.105828541 9
      vertex -11.591109915 -118.105828541 15
    endloop
  endfacet
  facet normal -0.98078528 -0.195090322 0
    outer loop
      vertex -11.897338336 -116.566314307 9
      vertex -11.591109915 -118.105828541 15
      vertex -11.897338336 -116.566314307 15
    endloop
  endfacet
  facet normal -0.946930129 -0.321439465 0
    outer loop
      vertex -11.591109915 -118.105828541 9
      vertex -11.08655439 -119.592201188 9
      vertex -11.08655439 -119.592201188 15
    endloop
  endfacet
  facet normal -0.946930129 -0.321439465 0
    outer loop
      vertex -11.591109915 -118.105828541 9
      vertex -11.08655439 -119.592201188 15
      vertex -11.591109915 -118.105828541 15
    endloop
  endfacet
  facet normal -0.896872742 -0.44228869 0
    outer loop
      vertex -11.08655439 -119.592201188 9
      vertex -10.392304845 -121 9
      vertex -10.392304845 -121 15
    endloop
  endfacet
  facet normal -0.896872742 -0.44228869 0
    outer loop
      vertex -11.08655439 -119.592201188 9
      vertex -10.392304845 -121 15
      vertex -11.08655439 -119.592201188 15
    endloop
  endfacet
  facet normal -0.831469612 -0.555570233 0
    outer loop
      vertex -10.392304845 -121 9
      vertex -9.520240083 -122.305137148 9
      vertex -9.520240083 -122.305137148 15
    endloop
  endfacet
  facet normal -0.831469612 -0.555570233 0
    outer loop
      vertex -10.392304845 -121 9
      vertex -9.520240083 -122.305137148 15
      vertex -10.392304845 -121 15
    endloop
  endfacet
  facet normal -0.751839807 -0.659345815 0
    outer loop
      vertex -9.520240083 -122.305137148 9
      vertex -8.485281374 -123.485281374 9
      vertex -8.485281374 -123.485281374 15
    endloop
  endfacet
  facet normal -0.751839807 -0.659345815 0
    outer loop
      vertex -9.520240083 -122.305137148 9
      vertex -8.485281374 -123.485281374 15
      vertex -9.520240083 -122.305137148 15
    endloop
  endfacet
  facet normal -0.659345815 -0.751839807 0
    outer loop
      vertex -8.485281374 -123.485281374 9
      vertex -7.305137148 -124.520240083 9
      vertex -7.305137148 -124.520240083 15
    endloop
  endfacet
  facet normal -0.659345815 -0.751839807 0
    outer loop
      vertex -8.485281374 -123.485281374 9
      vertex -7.305137148 -124.520240083 15
      vertex -8.485281374 -123.485281374 15
    endloop
  endfacet
  facet normal -0.555570233 -0.831469612 0
    outer loop
      vertex -7.305137148 -124.520240083 9
      vertex -6 -125.392304845 9
      vertex -6 -125.392304845 15
    endloop
  endfacet
  facet normal -0.555570233 -0.831469612 0
    outer loop
      vertex -7.305137148 -124.520240083 9
      vertex -6 -125.392304845 15
      vertex -7.305137148 -124.520240083 15
    endloop
  endfacet
  facet normal -0.44228869 -0.896872742 0
    outer loop
      vertex -6 -125.392304845 9
      vertex -4.592201188 -126.08655439 9
      vertex -4.592201188 -126.08655439 15
    endloop
  endfacet
  facet normal -0.44228869 -0.896872742 0
    outer loop
      vertex -6 -125.392304845 9
      vertex -4.592201188 -126.08655439 15
      vertex -6 -125.392304845 15
    endloop
  endfacet
  facet normal -0.321439465 -0.946930129 0
    outer loop
      vertex -4.592201188 -126.08655439 9
      vertex -3.105828541 -126.591109915 9
      vertex -3.105828541 -126.591109915 15
    endloop
  endfacet
  facet normal -0.321439465 -0.946930129 0
    outer loop
      vertex -4.592201188 -126.08655439 9
      vertex -3.105828541 -126.591109915 15
      vertex -4.592201188 -126.08655439 15
    endloop
  endfacet
  facet normal -0.195090322 -0.98078528 0
    outer loop
      vertex -3.105828541 -126.591109915 9
      vertex -1.566314307 -126.897338336 9
      vertex -1.566314307 -126.897338336 15
    endloop
  endfacet
  facet normal -0.195090322 -0.98078528 0
    outer loop
      vertex -3.105828541 -126.591109915 9
      vertex -1.566314307 -126.897338336 15
      vertex -3.105828541 -126.591109915 15
    endloop
  endfacet
  facet normal -0.065403129 -0.997858923 0
    outer loop
      vertex -1.566314307 -126.897338336 9
      vertex 0 -127 9
      vertex 0 -127 15
    endloop
  endfacet
  facet normal -0.065403129 -0.997858923 0
    outer loop
      vertex -1.566314307 -126.897338336 9
      vertex 0 -127 15
      vertex -1.566314307 -126.897338336 15
    endloop
  endfacet
  facet normal 0.065403129 -0.997858923 0
    outer loop
      vertex 0 -127 9
      vertex 1.566314307 -126.897338336 9
      vertex 1.566314307 -126.897338336 15
    endloop
  endfacet
  facet normal 0.065403129 -0.997858923 0
    outer loop
      vertex 0 -127 9
      vertex 1.566314307 -126.897338336 15
      vertex 0 -127 15
    endloop
  endfacet
  facet normal 0.195090322 -0.98078528 0
    outer loop
      vertex 1.566314307 -126.897338336 9
      vertex 3.105828541 -126.591109915 9
      vertex 3.105828541 -126.591109915 15
    endloop
  endfacet
  facet normal 0.195090322 -0.98078528 0
    outer loop
      vertex 1.566314307 -126.897338336 9
      vertex 3.105828541 -126.591109915 15
      vertex 1.566314307 -126.897338336 15
    endloop
  endfacet
  facet normal 0.321439465 -0.946930129 0
    outer loop
      vertex 3.105828541 -126.591109915 9
      vertex 4.592201188 -126.08655439 9
      vertex 4.592201188 -126.08655439 15
    endloop
  endfacet
  facet normal 0.321439465 -0.946930129 0
    outer loop
      vertex 3.105828541 -126.591109915 9
      vertex 4.592201188 -126.08655439 15
      vertex 3.105828541 -126.591109915 15
    endloop
  endfacet
  facet normal 0.44228869 -0.896872742 0
    outer loop
      vertex 4.592201188 -126.08655439 9
      vertex 6 -125.392304845 9
      vertex 6 -125.392304845 15
    endloop
  endfacet
  facet normal 0.44228869 -0.896872742 0
    outer loop
      vertex 4.592201188 -126.08655439 9
      vertex 6 -125.392304845 15
      vertex 4.592201188 -126.08655439 15
    endloop
  endfacet
  facet normal 0.555570233 -0.831469612 0
    outer loop
      vertex 6 -125.392304845 9
      vertex 7.305137148 -124.520240083 9
      vertex 7.305137148 -124.520240083 15
    endloop
  endfacet
  facet normal 0.555570233 -0.831469612 0
    outer loop
      vertex 6 -125.392304845 9
      vertex 7.305137148 -124.520240083 15
      vertex 6 -125.392304845 15
    endloop
  endfacet
  facet normal 0.659345815 -0.751839807 0
    outer loop
      vertex 7.305137148 -124.520240083 9
      vertex 8.485281374 -123.485281374 9
      vertex 8.485281374 -123.485281374 15
    endloop
  endfacet
  facet normal 0.659345815 -0.751839807 0
    outer loop
      vertex 7.305137148 -124.520240083 9
      vertex 8.485281374 -123.485281374 15
      vertex 7.305137148 -124.520240083 15
    endloop
  endfacet
  facet normal 0.751839807 -0.659345815 0
    outer loop
      vertex 8.485281374 -123.485281374 9
      vertex 9.520240083 -122.305137148 9
      vertex 9.520240083 -122.305137148 15
    endloop
  endfacet
  facet normal 0.751839807 -0.659345815 0
    outer loop
      vertex 8.485281374 -123.485281374 9
      vertex 9.520240083 -122.305137148 15
      vertex 8.485281374 -123.485281374 15
    endloop
  endfacet
  facet normal 0.831469612 -0.555570233 0
    outer loop
      vertex 9.520240083 -122.305137148 9
      vertex 10.392304845 -121 9
      vertex 10.392304845 -121 15
    endloop
  endfacet
  facet normal 0.831469612 -0.555570233 0
    outer loop
      vertex 9.520240083 -122.305137148 9
      vertex 10.392304845 -121 15
      vertex 9.520240083 -122.305137148 15
    endloop
  endfacet
  facet normal 0.896872742 -0.44228869 0
    outer loop
      vertex 10.392304845 -121 9
      vertex 11.08655439 -119.592201188 9
      vertex 11.08655439 -119.592201188 15
    endloop
  endfacet
  facet normal 0.896872742 -0.44228869 0
    outer loop
      vertex 10.392304845 -121 9
      vertex 11.08655439 -119.592201188 15
      vertex 10.392304845 -121 15
    endloop
  endfacet
  facet normal 0.946930129 -0.321439465 0
    outer loop
      vertex 11.08655439 -119.592201188 9
      vertex 11.591109915 -118.105828541 9
      vertex 11.591109915 -118.105828541 15
    endloop
  endfacet
  facet normal 0.946930129 -0.321439465 0
    outer loop
      vertex 11.08655439 -119.592201188 9
      vertex 11.591109915 -118.105828541 15
      vertex 11.08655439 -119.592201188 15
    endloop
  endfacet
  facet normal 0.98078528 -0.195090322 0
    outer loop
      vertex 11.591109915 -118.105828541 9
      vertex 11.897338336 -116.566314307 9
      vertex 11.897338336 -116.566314307 15
    endloop
  endfacet
  facet normal 0.98078528 -0.195090322 0
    outer loop
      vertex 11.591109915 -118.105828541 9
      vertex 11.897338336 -116.566314307 15
      vertex 11.591109915 -118.105828541 15
    endloop
  endfacet
  facet normal 0 0 1
    outer loop
      vertex 11.591109915 -118.105828541 15
      vertex 11.897338336 -116.566314307 15
      vertex 12 -115 15
    endloop
  endfacet
  facet normal 0 0 1
    outer loop
      vertex 12 -115 15
      vertex 11.897338336 -113.433685693 15
      vertex 11.591109915 -111.894171459 15
    endloop
  endfacet
  facet normal 0 0 1
    outer loop
      vertex 11.591109915 -111.894171459 15
      vertex 11.08655439 -110.407798812 15
      vertex 10.392304845 -109 15
    endloop
  endfacet
  facet normal 0 0 1
    outer loop
      vertex 10.392304845 -109 15
      vertex 9.520240083 -107.694862852 15
      vertex 8.485281374 -106.514718626 15
    endloop
  endfacet
  facet normal 0 0 1
    outer loop
      vertex 8.485281374 -106.514718626 15
      vertex 7.305137148 -105.479759917 15
      vertex 6 -104.607695155 15
    endloop
  endfacet
  facet normal 0 0 1
    outer loop
      vertex 6 -104.607695155 15
      vertex 4.592201188 -103.91344561 15
      vertex 3.105828541 -103.408890085 15
    endloop
  endfacet
  facet normal 0 0 1
    outer loop
      vertex 3.105828541 -103.408890085 15
      vertex 1.566314307 -103.102661664 15
      vertex 0 -103 15
    endloop
  endfacet
  facet normal 0 0 1
    outer loop
      vertex 0 -103 15
      vertex -1.566314307 -103.102661664 15
      vertex -3.105828541 -103.408890085 15
    endloop
  endfacet
  facet normal 0 0 1
    outer loop
      vertex -3.105828541 -103.408890085 15
      vertex -4.592201188 -103.91344561 15
      vertex -6 -104.607695155 15
    endloop
  endfacet
  facet normal 0 0 1
    outer loop
      vertex -6 -104.607695155 15
      vertex -7.305137148 -105.479759917 15
      vertex -8.485281374 -106.514718626 15
    endloop
  endfacet
  facet normal 0 0 1
    outer loop
      vertex -8.485281374 -106.514718626 15
      vertex -9.520240083 -107.694862852 15
      vertex -10.392304845 -109 15
    endloop
  endfacet
  facet normal 0 0 1
    outer loop
      vertex -10.392304845 -109 15
      vertex -11.08655439 -110.407798812 15
      vertex -11.591109915 -111.894171459 15
    endloop
  endfacet
  facet normal 0 0 1
    outer loop
      vertex -11.591109915 -111.894171459 15
      vertex -11.897338336 -113.433685693 15
      vertex -12 -115 15
    endloop
  endfacet
  facet normal 0 0 1
    outer loop
      vertex -12 -115 15
      vertex -11.897338336 -116.566314307 15
      vertex -11.591109915 -118.105828541 15
    endloop
  endfacet
  facet normal 0 0 1
    outer loop
      vertex -11.591109915 -118.105828541 15
      vertex -11.08655439 -119.592201188 15
      vertex -10.392304845 -121 15
    endloop
  endfacet
  facet normal 0 0 1
    outer loop
      vertex -10.392304845 -121 15
      vertex -9.520240083 -122.305137148 15
      vertex -8.485281374 -123.485281374 15
    endloop
  endfacet
  facet normal 0 0 1
    outer loop
      vertex -8.485281374 -123.485281374 15
      vertex -7.305137148 -124.520240083 15
      vertex -6 -125.392304845 15
    endloop
  endfacet
  facet normal 0 0 1
    outer loop
      vertex -6 -125.392304845 15
      vertex -4.592201188 -126.08655439 15
      vertex -3.105828541 -126.591109915 15
    endloop
  endfacet
  facet normal 0 0 1
    outer loop
      vertex -3.105828541 -126.591109915 15
      vertex -1.566314307 -126.897338336 15
      vertex 0 -127 15
    endloop
  endfacet
  facet normal 0 0 1
    outer loop
      vertex 0 -127 15
      vertex 1.566314307 -126.897338336 15
      vertex 3.105828541 -126.591109915 15
    endloop
  endfacet
  facet normal 0 0 1
    outer loop
      vertex 3.105828541 -126.591109915 15
      vertex 4.592201188 -126.08655439 15
      vertex 6 -125.392304845 15
    endloop
  endfacet
  facet normal 0 0 1
    outer loop
      vertex 6 -125.392304845 15
      vertex 7.305137148 -124.520240083 15
      vertex 8.485281374 -123.485281374 15
    endloop
  endfacet
  facet normal 0 0 1
    outer loop
      vertex 8.485281374 -123.485281374 15
      vertex 9.520240083 -122.305137148 15
      vertex 10.392304845 -121 15
    endloop
  endfacet
  facet normal 0 0 1
    outer loop
      vertex 10.392304845 -121 15
      vertex 11.08655439 -119.592201188 15
      vertex 11.591109915 -118.105828541 15
    endloop
  endfacet
  facet normal 0 0 1
    outer loop
      vertex 11.591109915 -118.105828541 15
      vertex 12 -115 15
      vertex 11.591109915 -111.894171459 15
    endloop
  endfacet
  facet normal 0 0 1
    outer loop
      vertex 11.591109915 -111.894171459 15
      vertex 10.392304845 -109 15
      vertex 8.485281374 -106.514718626 15
    endloop
  endfacet
  facet normal 0 0 1
    outer loop
      vertex 8.485281374 -106.514718626 15
      vertex 6 -104.607695155 15
      vertex 3.105828541 -103.408890085 15
    endloop
  endfacet
  facet normal 0 0 1
    outer loop
      vertex 3.105828541 -103.408890085 15
      vertex 0 -103 15
      vertex -3.105828541 -103.408890085 15
    endloop
  endfacet
  facet normal 0 0 1
    outer loop
      vertex -3.105828541 -103.408890085 15
      vertex -6 -104.607695155 15
      vertex -8.485281374 -106.514718626 15
    endloop
  endfacet
  facet normal 0 0 1
    outer loop
      vertex -8.485281374 -106.514718626 15
      vertex -10.392304845 -109 15
      vertex -11.591109915 -111.894171459 15
    endloop
  endfacet
  facet normal 0 0 1
    outer loop
      vertex -11.591109915 -111.894171459 15
      vertex -12 -115 15
      vertex -11.591109915 -118.105828541 15
    endloop
  endfacet
  facet normal 0 0 1
    outer loop
      vertex -11.591109915 -118.105828541 15
      vertex -10.392304845 -121 15
      vertex -8.485281374 -123.485281374 15
    endloop
  endfacet
  facet normal 0 0 1
    outer loop
      vertex -8.485281374 -123.485281374 15
      vertex -6 -125.392304845 15
      vertex -3.105828541 -126.591109915 15
    endloop
  endfacet
  facet normal 0 0 1
    outer loop
      vertex -3.105828541 -126.591109915 15
      vertex 0 -127 15
      vertex 3.105828541 -126.591109915 15
    endloop
  endfacet
  facet normal 0 0 1
    outer loop
      vertex 3.105828541 -126.591109915 15
      vertex 6 -125.392304845 15
      vertex 8.485281374 -123.485281374 15
    endloop
  endfacet
  facet normal 0 0 1
    outer loop
      vertex 8.485281374 -123.485281374 15
      vertex 10.392304845 -121 15
      vertex 11.591109915 -118.105828541 15
    endloop
  endfacet
  facet normal 0 0 1
    outer loop
      vertex 11.591109915 -118.105828541 15
      vertex 11.591109915 -111.894171459 15
      vertex 8.485281374 -106.514718626 15
    endloop
  endfacet
  facet normal 0 0 1
    outer loop
      vertex 8.485281374 -106.514718626 15
      vertex 3.105828541 -103.408890085 15
      vertex -3.105828541 -103.408890085 15
    endloop
  endfacet
  facet normal 0 0 1
    outer loop
      vertex -3.105828541 -103.408890085 15
      vertex -8.485281374 -106.514718626 15
      vertex -11.591109915 -111.894171459 15
    endloop
  endfacet
  facet normal 0 0 1
    outer loop
      vertex -11.591109915 -111.894171459 15
      vertex -11.591109915 -118.105828541 15
      vertex -8.485281374 -123.485281374 15
    endloop
  endfacet
  facet normal 0 0 1
    outer loop
      vertex -8.485281374 -123.485281374 15
      vertex -3.105828541 -126.591109915 15
      vertex 3.105828541 -126.591109915 15
    endloop
  endfacet
  facet normal 0 0 1
    outer loop
      vertex 3.105828541 -126.591109915 15
      vertex 8.485281374 -123.485281374 15
      vertex 11.591109915 -118.105828541 15
    endloop
  endfacet
  facet normal 0 0 1
    outer loop
      vertex 11.591109915 -118.105828541 15
      vertex 8.485281374 -106.514718626 15
      vertex -3.105828541 -103.408890085 15
    endloop
  endfacet
  facet normal 0 0 1
    outer loop
      vertex -3.105828541 -103.408890085 15
      vertex -11.591109915 -111.894171459 15
      vertex -8.485281374 -123.485281374 15
    endloop
  endfacet
  facet normal 0 0 1
    outer loop
      vertex -8.485281374 -123.485281374 15
      vertex 3.105828541 -126.591109915 15
      vertex 11.591109915 -118.105828541 15
    endloop
  endfacet
  facet normal 0 0 1
    outer loop
      vertex 11.591109915 -118.105828541 15
      vertex -3.105828541 -103.408890085 15
      vertex -8.485281374 -123.485281374 15
    endloop
  endfacet
  facet normal 0 0 -1
    outer loop
      vertex 12 -115 9
      vertex 11.897338336 -116.566314307 9
      vertex 11.591109915 -118.105828541 9
    endloop
  endfacet
  facet normal 0 0 -1
    outer loop
      vertex 11.591109915 -111.894171459 9
      vertex 11.897338336 -113.433685693 9
      vertex 12 -115 9
    endloop
  endfacet
  facet normal 0 0 -1
    outer loop
      vertex 10.392304845 -109 9
      vertex 11.08655439 -110.407798812 9
      vertex 11.591109915 -111.894171459 9
    endloop
  endfacet
  facet normal 0 0 -1
    outer loop
      vertex 8.485281374 -106.514718626 9
      vertex 9.520240083 -107.694862852 9
      vertex 10.392304845 -109 9
    endloop
  endfacet
  facet normal 0 0 -1
    outer loop
      vertex 6 -104.607695155 9
      vertex 7.305137148 -105.479759917 9
      vertex 8.485281374 -106.514718626 9
    endloop
  endfacet
  facet normal 0 0 -1
    outer loop
      vertex 3.105828541 -103.408890085 9
      vertex 4.592201188 -103.91344561 9
      vertex 6 -104.607695155 9
    endloop
  endfacet
  facet normal 0 0 -1
    outer loop
      vertex 0 -103 9
      vertex 1.566314307 -103.102661664 9
      vertex 3.105828541 -103.408890085 9
    endloop
  endfacet
  facet normal 0 0 -1
    outer loop
      vertex -3.105828541 -103.408890085 9
      vertex -1.566314307 -103.102661664 9
      vertex 0 -103 9
    endloop
  endfacet
  facet normal 0 0 -1
    outer loop
      vertex -6 -104.607695155 9
      vertex -4.592201188 -103.91344561 9
      vertex -3.105828541 -103.408890085 9
    endloop
  endfacet
  facet normal 0 0 -1
    outer loop
      vertex -8.485281374 -106.514718626 9
      vertex -7.305137148 -105.479759917 9
      vertex -6 -104.607695155 9
    endloop
  endfacet
  facet normal 0 0 -1
    outer loop
      vertex -10.392304845 -109 9
      vertex -9.520240083 -107.694862852 9
      vertex -8.485281374 -106.514718626 9
    endloop
  endfacet
  facet normal 0 0 -1
    outer loop
      vertex -11.591109915 -111.894171459 9
      vertex -11.08655439 -110.407798812 9
      vertex -10.392304845 -109 9
    endloop
  endfacet
  facet normal 0 0 -1
    outer loop
      vertex -12 -115 9
      vertex -11.897338336 -113.433685693 9
      vertex -11.591109915 -111.894171459 9
    endloop
  endfacet
  facet normal 0 0 -1
    outer loop
      vertex -11.591109915 -118.105828541 9
      vertex -11.897338336 -116.566314307 9
      vertex -12 -115 9
    endloop
  endfacet
  facet normal 0 0 -1
    outer loop
      vertex -10.392304845 -121 9
      vertex -11.08655439 -119.592201188 9
      vertex -11.591109915 -118.105828541 9
    endloop
  endfacet
  facet normal 0 0 -1
    outer loop
      vertex -8.485281374 -123.485281374 9
      vertex -9.520240083 -122.305137148 9
      vertex -10.392304845 -121 9
    endloop
  endfacet
  facet normal 0 0 -1
    outer loop
      vertex -6 -125.392304845 9
      vertex -7.305137148 -124.520240083 9
      vertex -8.485281374 -123.485281374 9
    endloop
  endfacet
  facet normal 0 0 -1
    outer loop
      vertex -3.105828541 -126.591109915 9
      vertex -4.592201188 -126.08655439 9
      vertex -6 -125.392304845 9
    endloop
  endfacet
  facet normal 0 0 -1
    outer loop
      vertex 0 -127 9
      vertex -1.566314307 -126.897338336 9
      vertex -3.105828541 -126.591109915 9
    endloop
  endfacet
  facet normal 0 0 -1
    outer loop
      vertex 3.105828541 -126.591109915 9
      vertex 1.566314307 -126.897338336 9
      vertex 0 -127 9
    endloop
  endfacet
  facet normal 0 0 -1
    outer loop
      vertex 6 -125.392304845 9
      vertex 4.592201188 -126.08655439 9
      vertex 3.105828541 -126.591109915 9
    endloop
  endfacet
  facet normal 0 0 -1
    outer loop
      vertex 8.485281374 -123.485281374 9
      vertex 7.305137148 -124.520240083 9
      vertex 6 -125.392304845 9
    endloop
  endfacet
  facet normal 0 0 -1
    outer loop
      vertex 10.392304845 -121 9
      vertex 9.520240083 -122.305137148 9
      vertex 8.485281374 -123.485281374 9
    endloop
  endfacet
  facet normal 0 0 -1
    outer loop
      vertex 11.591109915 -118.105828541 9
      vertex 11.08655439 -119.592201188 9
      vertex 10.392304845 -121 9
    endloop
  endfacet
  facet normal 0 0 -1
    outer loop
      vertex 11.591109915 -111.894171459 9
      vertex 12 -115 9
      vertex 11.591109915 -118.105828541 9
    endloop
  endfacet
  facet normal 0 0 -1
    outer loop
      vertex 8.485281374 -106.514718626 9
      vertex 10.392304845 -109 9
      vertex 11.591109915 -111.894171459 9
    endloop
  endfacet
  facet normal 0 0 -1
    outer loop
      vertex 3.105828541 -103.408890085 9
      vertex 6 -104.607695155 9
      vertex 8.485281374 -106.514718626 9
    endloop
  endfacet
  facet normal 0 0 -1
    outer loop
      vertex -3.105828541 -103.408890085 9
      vertex 0 -103 9
      vertex 3.105828541 -103.408890085 9
    endloop
  endfacet
  facet normal 0 0 -1
    outer loop
      vertex -8.485281374 -106.514718626 9
      vertex -6 -104.607695155 9
      vertex -3.105828541 -103.408890085 9
    endloop
  endfacet
  facet normal 0 0 -1
    outer loop
      vertex -11.591109915 -111.894171459 9
      vertex -10.392304845 -109 9
      vertex -8.485281374 -106.514718626 9
    endloop
  endfacet
  facet normal 0 0 -1
    outer loop
      vertex -11.591109915 -118.105828541 9
      vertex -12 -115 9
      vertex -11.591109915 -111.894171459 9
    endloop
  endfacet
  facet normal 0 0 -1
    outer loop
      vertex -8.485281374 -123.485281374 9
      vertex -10.392304845 -121 9
      vertex -11.591109915 -118.105828541 9
    endloop
  endfacet
  facet normal 0 0 -1
    outer loop
      vertex -3.105828541 -126.591109915 9
      vertex -6 -125.392304845 9
      vertex -8.485281374 -123.485281374 9
    endloop
  endfacet
  facet normal 0 0 -1
    outer loop
      vertex 3.105828541 -126.591109915 9
      vertex 0 -127 9
      vertex -3.105828541 -126.591109915 9
    endloop
  endfacet
  facet normal 0 0 -1
    outer loop
      vertex 8.485281374 -123.485281374 9
      vertex 6 -125.392304845 9
      vertex 3.105828541 -126.591109915 9
    endloop
  endfacet
  facet normal 0 0 -1
    outer loop
      vertex 11.591109915 -118.105828541 9
      vertex 10.392304845 -121 9
      vertex 8.485281374 -123.485281374 9
    endloop
  endfacet
  facet normal 0 0 -1
    outer loop
      vertex 8.485281374 -106.514718626 9
      vertex 11.591109915 -111.894171459 9
      vertex 11.591109915 -118.105828541 9
    endloop
  endfacet
  facet normal 0 0 -1
    outer loop
      vertex -3.105828541 -103.408890085 9
      vertex 3.105828541 -103.408890085 9
      vertex 8.485281374 -106.514718626 9
    endloop
  endfacet
  facet normal 0 0 -1
    outer loop
      vertex -11.591109915 -111.894171459 9
      vertex -8.485281374 -106.514718626 9
      vertex -3.105828541 -103.408890085 9
    endloop
  endfacet
  facet normal 0 0 -1
    outer loop
      vertex -8.485281374 -123.485281374 9
      vertex -11.591109915 -118.105828541 9
      vertex -11.591109915 -111.894171459 9
    endloop
  endfacet
  facet normal 0 0 -1
    outer loop
      vertex 3.105828541 -126.591109915 9
      vertex -3.105828541 -126.591109915 9
      vertex -8.485281374 -123.485281374 9
    endloop
  endfacet
  facet normal 0 0 -1
    outer loop
      vertex 11.591109915 -118.105828541 9
      vertex 8.485281374 -123.485281374 9
      vertex 3.105828541 -126.591109915 9
    endloop
  endfacet
  facet normal 0 0 -1
    outer loop
      vertex -3.105828541 -103.408890085 9
      vertex 8.485281374 -106.514718626 9
      vertex 11.591109915 -118.105828541 9
    endloop
  endfacet
  facet normal 0 0 -1
    outer loop
      vertex -8.485281374 -123.485281374 9
      vertex -11.591109915 -111.894171459 9
      vertex -3.105828541 -103.408890085 9
    endloop
  endfacet
  facet normal 0 0 -1
    outer loop
      vertex 11.591109915 -118.105828541 9
      vertex 3.105828541 -126.591109915 9
      vertex -8.485281374 -123.485281374 9
    endloop
  endfacet
  facet normal 0 0 -1
    outer loop
      vertex -8.485281374 -123.485281374 9
      vertex -3.105828541 -103.408890085 9
      vertex 11.591109915 -118.105828541 9
    endloop
  endfacet
  facet normal -1 0 0
    outer loop
      vertex 52.7 6 6
      vertex 52.7 -6 6
      vertex 52.7 -6 10
    endloop
  endfacet
  facet normal -1 0 0
    outer loop
      vertex 52.7 6 6
      vertex 52.7 -6 10
      vertex 52.7 6 10
    endloop
  endfacet
  facet normal 0 -1 0
    outer loop
      vertex 52.7 -6 6
      vertex 80.7 -6 6
      vertex 80.7 -6 10
    endloop
  endfacet
  facet normal 0 -1 0
    outer loop
      vertex 52.7 -6 6
      vertex 80.7 -6 10
      vertex 52.7 -6 10
    endloop
  endfacet
  facet normal 1 0 0
    outer loop
      vertex 80.7 -6 6
      vertex 80.7 6 6
      vertex 80.7 6 10
    endloop
  endfacet
  facet normal 1 0 0
    outer loop
      vertex 80.7 -6 6
      vertex 80.7 6 10
      vertex 80.7 -6 10
    endloop
  endfacet
  facet normal 0 1 0
    outer loop
      vertex 80.7 6 6
      vertex 52.7 6 6
      vertex 52.7 6 10
    endloop
  endfacet
  facet normal 0 1 0
    outer loop
      vertex 80.7 6 6
      vertex 52.7 6 10
      vertex 80.7 6 10
    endloop
  endfacet
  facet normal 0 0 1
    outer loop
      vertex 80.7 6 10
      vertex 52.7 6 10
      vertex 52.7 -6 10
    endloop
  endfacet
  facet normal 0 0 1
    outer loop
      vertex 52.7 -6 10
      vertex 80.7 -6 10
      vertex 80.7 6 10
    endloop
  endfacet
  facet normal 0 0 -1
    outer loop
      vertex 52.7 -6 6
      vertex 52.7 6 6
      vertex 80.7 6 6
    endloop
  endfacet
  facet normal 0 0 -1
    outer loop
      vertex 80.7 6 6
      vertex 80.7 -6 6
      vertex 52.7 -6 6
    endloop
  endfacet
  facet normal 1 0 0
    outer loop
      vertex -52.7 -6 6
      vertex -52.7 6 6
      vertex -52.7 6 10
    endloop
  endfacet
  facet normal 1 0 0
    outer loop
      vertex -52.7 -6 6
      vertex -52.7 6 10
      vertex -52.7 -6 10
    endloop
  endfacet
  facet normal 0 1 0
    outer loop
      vertex -52.7 6 6
      vertex -80.7 6 6
      vertex -80.7 6 10
    endloop
  endfacet
  facet normal 0 1 0
    outer loop
      vertex -52.7 6 6
      vertex -80.7 6 10
      vertex -52.7 6 10
    endloop
  endfacet
  facet normal -1 0 0
    outer loop
      vertex -80.7 6 6
      vertex -80.7 -6 6
      vertex -80.7 -6 10
    endloop
  endfacet
  facet normal -1 0 0
    outer loop
      vertex -80.7 6 6
      vertex -80.7 -6 10
      vertex -80.7 6 10
    endloop
  endfacet
  facet normal 0 -1 0
    outer loop
      vertex -80.7 -6 6
      vertex -52.7 -6 6
      vertex -52.7 -6 10
    endloop
  endfacet
  facet normal 0 -1 0
    outer loop
      vertex -80.7 -6 6
      vertex -52.7 -6 10
      vertex -80.7 -6 10
    endloop
  endfacet
  facet normal 0 0 1
    outer loop
      vertex -80.7 -6 10
      vertex -52.7 -6 10
      vertex -52.7 6 10
    endloop
  endfacet
  facet normal 0 0 1
    outer loop
      vertex -52.7 6 10
      vertex -80.7 6 10
      vertex -80.7 -6 10
    endloop
  endfacet
  facet normal 0 0 -1
    outer loop
      vertex -52.7 6 6
      vertex -52.7 -6 6
      vertex -80.7 -6 6
    endloop
  endfacet
  facet normal 0 0 -1
    outer loop
      vertex -80.7 -6 6
      vertex -80.7 6 6
      vertex -52.7 6 6
    endloop
  endfacet
  facet normal 0 -1 0
    outer loop
      vertex -6 52.7 6
      vertex 6 52.7 6
      vertex 6 52.7 10
    endloop
  endfacet
  facet normal 0 -1 0
    outer loop
      vertex -6 52.7 6
      vertex 6 52.7 10
      vertex -6 52.7 10
    endloop
  endfacet
  facet normal 1 0 0
    outer loop
      vertex 6 52.7 6
      vertex 6 80.7 6
      vertex 6 80.7 10
    endloop
  endfacet
  facet normal 1 0 0
    outer loop
      vertex 6 52.7 6
      vertex 6 80.7 10
      vertex 6 52.7 10
    endloop
  endfacet
  facet normal 0 1 0
    outer loop
      vertex 6 80.7 6
      vertex -6 80.7 6
      vertex -6 80.7 10
    endloop
  endfacet
  facet normal 0 1 0
    outer loop
      vertex 6 80.7 6
      vertex -6 80.7 10
      vertex 6 80.7 10
    endloop
  endfacet
  facet normal -1 0 0
    outer loop
      vertex -6 80.7 6
      vertex -6 52.7 6
      vertex -6 52.7 10
    endloop
  endfacet
  facet normal -1 0 0
    outer loop
      vertex -6 80.7 6
      vertex -6 52.7 10
      vertex -6 80.7 10
    endloop
  endfacet
  facet normal 0 0 1
    outer loop
      vertex -6 80.7 10
      vertex -6 52.7 10
      vertex 6 52.7 10
    endloop
  endfacet
  facet normal 0 0 1
    outer loop
      vertex 6 52.7 10
      vertex 6 80.7 10
      vertex -6 80.7 10
    endloop
  endfacet
  facet normal 0 0 -1
    outer loop
      vertex 6 52.7 6
      vertex -6 52.7 6
      vertex -6 80.7 6
    endloop
  endfacet
  facet normal 0 0 -1
    outer loop
      vertex -6 80.7 6
      vertex 6 80.7 6
      vertex 6 52.7 6
    endloop
  endfacet
  facet normal 0 1 0
    outer loop
      vertex 6 -52.7 6
      vertex -6 -52.7 6
      vertex -6 -52.7 10
    endloop
  endfacet
  facet normal 0 1 0
    outer loop
      vertex 6 -52.7 6
      vertex -6 -52.7 10
      vertex 6 -52.7 10
    endloop
  endfacet
  facet normal -1 0 0
    outer loop
      vertex -6 -52.7 6
      vertex -6 -80.7 6
      vertex -6 -80.7 10
    endloop
  endfacet
  facet normal -1 0 0
    outer loop
      vertex -6 -52.7 6
      vertex -6 -80.7 10
      vertex -6 -52.7 10
    endloop
  endfacet
  facet normal 0 -1 0
    outer loop
      vertex -6 -80.7 6
      vertex 6 -80.7 6
      vertex 6 -80.7 10
    endloop
  endfacet
  facet normal 0 -1 0
    outer loop
      vertex -6 -80.7 6
      vertex 6 -80.7 10
      vertex -6 -80.7 10
    endloop
  endfacet
  facet normal 1 0 0
    outer loop
      vertex 6 -80.7 6
      vertex 6 -52.7 6
      vertex 6 -52.7 10
    endloop
  endfacet
  facet normal 1 0 0
    outer loop
      vertex 6 -80.7 6
      vertex 6 -52.7 10
      vertex 6 -80.7 10
    endloop
  endfacet
  facet normal 0 0 1
    outer loop
      vertex 6 -80.7 10
      vertex 6 -52.7 10
      vertex -6 -52.7 10
    endloop
  endfacet
  facet normal 0 0 1
    outer loop
      vertex -6 -52.7 10
      vertex -6 -80.7 10
      vertex 6 -80.7 10
    endloop
  endfacet
  facet normal 0 0 -1
    outer loop
      vertex -6 -52.7 6
      vertex 6 -52.7 6
      vertex 6 -80.7 6
    endloop
  endfacet
  facet normal 0 0 -1
    outer loop
      vertex 6 -80.7 6
      vertex -6 -80.7 6
      vertex -6 -52.7 6
    endloop
  endfacet
  facet normal 0.997858923 -0.065403129 0
    outer loop
      vertex 20.478612153 17.673684519 5
      vertex 20.5 18 5
      vertex 20.5 18 15
    endloop
  endfacet
  facet normal 0.997858923 -0.065403129 0
    outer loop
      vertex 20.478612153 17.673684519 5
      vertex 20.5 18 15
      vertex 20.478612153 17.673684519 15
    endloop
  endfacet
  facet normal 0.997858923 0.065403129 0
    outer loop
      vertex 20.5 18 5
      vertex 20.478612153 18.326315481 5
      vertex 20.478612153 18.326315481 15
    endloop
  endfacet
  facet normal 0.997858923 0.065403129 0
    outer loop
      vertex 20.5 18 5
      vertex 20.478612153 18.326315481 15
      vertex 20.5 18 15
    endloop
  endfacet
  facet normal 0.98078528 0.195090322 0
    outer loop
      vertex 20.478612153 18.326315481 5
      vertex 20.414814566 18.647047613 5
      vertex 20.414814566 18.647047613 15
    endloop
  endfacet
  facet normal 0.98078528 0.195090322 0
    outer loop
      vertex 20.478612153 18.326315481 5
      vertex 20.414814566 18.647047613 15
      vertex 20.478612153 18.326315481 15
    endloop
  endfacet
  facet normal 0.946930129 0.321439465 0
    outer loop
      vertex 20.414814566 18.647047613 5
      vertex 20.309698831 18.956708581 5
      vertex 20.309698831 18.956708581 15
    endloop
  endfacet
  facet normal 0.946930129 0.321439465 0
    outer loop
      vertex 20.414814566 18.647047613 5
      vertex 20.309698831 18.956708581 15
      vertex 20.414814566 18.647047613 15
    endloop
  endfacet
  facet normal 0.896872742 0.44228869 0
    outer loop
      vertex 20.309698831 18.956708581 5
      vertex 20.165063509 19.25 5
      vertex 20.165063509 19.25 15
    endloop
  endfacet
  facet normal 0.896872742 0.44228869 0
    outer loop
      vertex 20.309698831 18.956708581 5
      vertex 20.165063509 19.25 15
      vertex 20.309698831 18.956708581 15
    endloop
  endfacet
  facet normal 0.831469612 0.555570233 0
    outer loop
      vertex 20.165063509 19.25 5
      vertex 19.983383351 19.521903573 5
      vertex 19.983383351 19.521903573 15
    endloop
  endfacet
  facet normal 0.831469612 0.555570233 0
    outer loop
      vertex 20.165063509 19.25 5
      vertex 19.983383351 19.521903573 15
      vertex 20.165063509 19.25 15
    endloop
  endfacet
  facet normal 0.751839807 0.659345815 0
    outer loop
      vertex 19.983383351 19.521903573 5
      vertex 19.767766953 19.767766953 5
      vertex 19.767766953 19.767766953 15
    endloop
  endfacet
  facet normal 0.751839807 0.659345815 0
    outer loop
      vertex 19.983383351 19.521903573 5
      vertex 19.767766953 19.767766953 15
      vertex 19.983383351 19.521903573 15
    endloop
  endfacet
  facet normal 0.659345815 0.751839807 0
    outer loop
      vertex 19.767766953 19.767766953 5
      vertex 19.521903573 19.983383351 5
      vertex 19.521903573 19.983383351 15
    endloop
  endfacet
  facet normal 0.659345815 0.751839807 0
    outer loop
      vertex 19.767766953 19.767766953 5
      vertex 19.521903573 19.983383351 15
      vertex 19.767766953 19.767766953 15
    endloop
  endfacet
  facet normal 0.555570233 0.831469612 0
    outer loop
      vertex 19.521903573 19.983383351 5
      vertex 19.25 20.165063509 5
      vertex 19.25 20.165063509 15
    endloop
  endfacet
  facet normal 0.555570233 0.831469612 0
    outer loop
      vertex 19.521903573 19.983383351 5
      vertex 19.25 20.165063509 15
      vertex 19.521903573 19.983383351 15
    endloop
  endfacet
  facet normal 0.44228869 0.896872742 0
    outer loop
      vertex 19.25 20.165063509 5
      vertex 18.956708581 20.309698831 5
      vertex 18.956708581 20.309698831 15
    endloop
  endfacet
  facet normal 0.44228869 0.896872742 0
    outer loop
      vertex 19.25 20.165063509 5
      vertex 18.956708581 20.309698831 15
      vertex 19.25 20.165063509 15
    endloop
  endfacet
  facet normal 0.321439465 0.946930129 0
    outer loop
      vertex 18.956708581 20.309698831 5
      vertex 18.647047613 20.414814566 5
      vertex 18.647047613 20.414814566 15
    endloop
  endfacet
  facet normal 0.321439465 0.946930129 0
    outer loop
      vertex 18.956708581 20.309698831 5
      vertex 18.647047613 20.414814566 15
      vertex 18.956708581 20.309698831 15
    endloop
  endfacet
  facet normal 0.195090322 0.98078528 0
    outer loop
      vertex 18.647047613 20.414814566 5
      vertex 18.326315481 20.478612153 5
      vertex 18.326315481 20.478612153 15
    endloop
  endfacet
  facet normal 0.195090322 0.98078528 0
    outer loop
      vertex 18.647047613 20.414814566 5
      vertex 18.326315481 20.478612153 15
      vertex 18.647047613 20.414814566 15
    endloop
  endfacet
  facet normal 0.065403129 0.997858923 0
    outer loop
      vertex 18.326315481 20.478612153 5
      vertex 18 20.5 5
      vertex 18 20.5 15
    endloop
  endfacet
  facet normal 0.065403129 0.997858923 0
    outer loop
      vertex 18.326315481 20.478612153 5
      vertex 18 20.5 15
      vertex 18.326315481 20.478612153 15
    endloop
  endfacet
  facet normal -0.065403129 0.997858923 0
    outer loop
      vertex 18 20.5 5
      vertex 17.673684519 20.478612153 5
      vertex 17.673684519 20.478612153 15
    endloop
  endfacet
  facet normal -0.065403129 0.997858923 0
    outer loop
      vertex 18 20.5 5
      vertex 17.673684519 20.478612153 15
      vertex 18 20.5 15
    endloop
  endfacet
  facet normal -0.195090322 0.98078528 0
    outer loop
      vertex 17.673684519 20.478612153 5
      vertex 17.352952387 20.414814566 5
      vertex 17.352952387 20.414814566 15
    endloop
  endfacet
  facet normal -0.195090322 0.98078528 0
    outer loop
      vertex 17.673684519 20.478612153 5
      vertex 17.352952387 20.414814566 15
      vertex 17.673684519 20.478612153 15
    endloop
  endfacet
  facet normal -0.321439465 0.946930129 0
    outer loop
      vertex 17.352952387 20.414814566 5
      vertex 17.043291419 20.309698831 5
      vertex 17.043291419 20.309698831 15
    endloop
  endfacet
  facet normal -0.321439465 0.946930129 0
    outer loop
      vertex 17.352952387 20.414814566 5
      vertex 17.043291419 20.309698831 15
      vertex 17.352952387 20.414814566 15
    endloop
  endfacet
  facet normal -0.44228869 0.896872742 0
    outer loop
      vertex 17.043291419 20.309698831 5
      vertex 16.75 20.165063509 5
      vertex 16.75 20.165063509 15
    endloop
  endfacet
  facet normal -0.44228869 0.896872742 0
    outer loop
      vertex 17.043291419 20.309698831 5
      vertex 16.75 20.165063509 15
      vertex 17.043291419 20.309698831 15
    endloop
  endfacet
  facet normal -0.555570233 0.831469612 0
    outer loop
      vertex 16.75 20.165063509 5
      vertex 16.478096427 19.983383351 5
      vertex 16.478096427 19.983383351 15
    endloop
  endfacet
  facet normal -0.555570233 0.831469612 0
    outer loop
      vertex 16.75 20.165063509 5
      vertex 16.478096427 19.983383351 15
      vertex 16.75 20.165063509 15
    endloop
  endfacet
  facet normal -0.659345815 0.751839807 0
    outer loop
      vertex 16.478096427 19.983383351 5
      vertex 16.232233047 19.767766953 5
      vertex 16.232233047 19.767766953 15
    endloop
  endfacet
  facet normal -0.659345815 0.751839807 0
    outer loop
      vertex 16.478096427 19.983383351 5
      vertex 16.232233047 19.767766953 15
      vertex 16.478096427 19.983383351 15
    endloop
  endfacet
  facet normal -0.751839807 0.659345815 0
    outer loop
      vertex 16.232233047 19.767766953 5
      vertex 16.016616649 19.521903573 5
      vertex 16.016616649 19.521903573 15
    endloop
  endfacet
  facet normal -0.751839807 0.659345815 0
    outer loop
      vertex 16.232233047 19.767766953 5
      vertex 16.016616649 19.521903573 15
      vertex 16.232233047 19.767766953 15
    endloop
  endfacet
  facet normal -0.831469612 0.555570233 0
    outer loop
      vertex 16.016616649 19.521903573 5
      vertex 15.834936491 19.25 5
      vertex 15.834936491 19.25 15
    endloop
  endfacet
  facet normal -0.831469612 0.555570233 0
    outer loop
      vertex 16.016616649 19.521903573 5
      vertex 15.834936491 19.25 15
      vertex 16.016616649 19.521903573 15
    endloop
  endfacet
  facet normal -0.896872742 0.44228869 0
    outer loop
      vertex 15.834936491 19.25 5
      vertex 15.690301169 18.956708581 5
      vertex 15.690301169 18.956708581 15
    endloop
  endfacet
  facet normal -0.896872742 0.44228869 0
    outer loop
      vertex 15.834936491 19.25 5
      vertex 15.690301169 18.956708581 15
      vertex 15.834936491 19.25 15
    endloop
  endfacet
  facet normal -0.946930129 0.321439465 0
    outer loop
      vertex 15.690301169 18.956708581 5
      vertex 15.585185434 18.647047613 5
      vertex 15.585185434 18.647047613 15
    endloop
  endfacet
  facet normal -0.946930129 0.321439465 0
    outer loop
      vertex 15.690301169 18.956708581 5
      vertex 15.585185434 18.647047613 15
      vertex 15.690301169 18.956708581 15
    endloop
  endfacet
  facet normal -0.98078528 0.195090322 0
    outer loop
      vertex 15.585185434 18.647047613 5
      vertex 15.521387847 18.326315481 5
      vertex 15.521387847 18.326315481 15
    endloop
  endfacet
  facet normal -0.98078528 0.195090322 0
    outer loop
      vertex 15.585185434 18.647047613 5
      vertex 15.521387847 18.326315481 15
      vertex 15.585185434 18.647047613 15
    endloop
  endfacet
  facet normal -0.997858923 0.065403129 0
    outer loop
      vertex 15.521387847 18.326315481 5
      vertex 15.5 18 5
      vertex 15.5 18 15
    endloop
  endfacet
  facet normal -0.997858923 0.065403129 0
    outer loop
      vertex 15.521387847 18.326315481 5
      vertex 15.5 18 15
      vertex 15.521387847 18.326315481 15
    endloop
  endfacet
  facet normal -0.997858923 -0.065403129 0
    outer loop
      vertex 15.5 18 5
      vertex 15.521387847 17.673684519 5
      vertex 15.521387847 17.673684519 15
    endloop
  endfacet
  facet normal -0.997858923 -0.065403129 0
    outer loop
      vertex 15.5 18 5
      vertex 15.521387847 17.673684519 15
      vertex 15.5 18 15
    endloop
  endfacet
  facet normal -0.98078528 -0.195090322 0
    outer loop
      vertex 15.521387847 17.673684519 5
      vertex 15.585185434 17.352952387 5
      vertex 15.585185434 17.352952387 15
    endloop
  endfacet
  facet normal -0.98078528 -0.195090322 0
    outer loop
      vertex 15.521387847 17.673684519 5
      vertex 15.585185434 17.352952387 15
      vertex 15.521387847 17.673684519 15
    endloop
  endfacet
  facet normal -0.946930129 -0.321439465 0
    outer loop
      vertex 15.585185434 17.352952387 5
      vertex 15.690301169 17.043291419 5
      vertex 15.690301169 17.043291419 15
    endloop
  endfacet
  facet normal -0.946930129 -0.321439465 0
    outer loop
      vertex 15.585185434 17.352952387 5
      vertex 15.690301169 17.043291419 15
      vertex 15.585185434 17.352952387 15
    endloop
  endfacet
  facet normal -0.896872742 -0.44228869 0
    outer loop
      vertex 15.690301169 17.043291419 5
      vertex 15.834936491 16.75 5
      vertex 15.834936491 16.75 15
    endloop
  endfacet
  facet normal -0.896872742 -0.44228869 0
    outer loop
      vertex 15.690301169 17.043291419 5
      vertex 15.834936491 16.75 15
      vertex 15.690301169 17.043291419 15
    endloop
  endfacet
  facet normal -0.831469612 -0.555570233 0
    outer loop
      vertex 15.834936491 16.75 5
      vertex 16.016616649 16.478096427 5
      vertex 16.016616649 16.478096427 15
    endloop
  endfacet
  facet normal -0.831469612 -0.555570233 0
    outer loop
      vertex 15.834936491 16.75 5
      vertex 16.016616649 16.478096427 15
      vertex 15.834936491 16.75 15
    endloop
  endfacet
  facet normal -0.751839807 -0.659345815 0
    outer loop
      vertex 16.016616649 16.478096427 5
      vertex 16.232233047 16.232233047 5
      vertex 16.232233047 16.232233047 15
    endloop
  endfacet
  facet normal -0.751839807 -0.659345815 0
    outer loop
      vertex 16.016616649 16.478096427 5
      vertex 16.232233047 16.232233047 15
      vertex 16.016616649 16.478096427 15
    endloop
  endfacet
  facet normal -0.659345815 -0.751839807 0
    outer loop
      vertex 16.232233047 16.232233047 5
      vertex 16.478096427 16.016616649 5
      vertex 16.478096427 16.016616649 15
    endloop
  endfacet
  facet normal -0.659345815 -0.751839807 0
    outer loop
      vertex 16.232233047 16.232233047 5
      vertex 16.478096427 16.016616649 15
      vertex 16.232233047 16.232233047 15
    endloop
  endfacet
  facet normal -0.555570233 -0.831469612 0
    outer loop
      vertex 16.478096427 16.016616649 5
      vertex 16.75 15.834936491 5
      vertex 16.75 15.834936491 15
    endloop
  endfacet
  facet normal -0.555570233 -0.831469612 0
    outer loop
      vertex 16.478096427 16.016616649 5
      vertex 16.75 15.834936491 15
      vertex 16.478096427 16.016616649 15
    endloop
  endfacet
  facet normal -0.44228869 -0.896872742 0
    outer loop
      vertex 16.75 15.834936491 5
      vertex 17.043291419 15.690301169 5
      vertex 17.043291419 15.690301169 15
    endloop
  endfacet
  facet normal -0.44228869 -0.896872742 0
    outer loop
      vertex 16.75 15.834936491 5
      vertex 17.043291419 15.690301169 15
      vertex 16.75 15.834936491 15
    endloop
  endfacet
  facet normal -0.321439465 -0.946930129 0
    outer loop
      vertex 17.043291419 15.690301169 5
      vertex 17.352952387 15.585185434 5
      vertex 17.352952387 15.585185434 15
    endloop
  endfacet
  facet normal -0.321439465 -0.946930129 0
    outer loop
      vertex 17.043291419 15.690301169 5
      vertex 17.352952387 15.585185434 15
      vertex 17.043291419 15.690301169 15
    endloop
  endfacet
  facet normal -0.195090322 -0.98078528 0
    outer loop
      vertex 17.352952387 15.585185434 5
      vertex 17.673684519 15.521387847 5
      vertex 17.673684519 15.521387847 15
    endloop
  endfacet
  facet normal -0.195090322 -0.98078528 0
    outer loop
      vertex 17.352952387 15.585185434 5
      vertex 17.673684519 15.521387847 15
      vertex 17.352952387 15.585185434 15
    endloop
  endfacet
  facet normal -0.065403129 -0.997858923 0
    outer loop
      vertex 17.673684519 15.521387847 5
      vertex 18 15.5 5
      vertex 18 15.5 15
    endloop
  endfacet
  facet normal -0.065403129 -0.997858923 0
    outer loop
      vertex 17.673684519 15.521387847 5
      vertex 18 15.5 15
      vertex 17.673684519 15.521387847 15
    endloop
  endfacet
  facet normal 0.065403129 -0.997858923 0
    outer loop
      vertex 18 15.5 5
      vertex 18.326315481 15.521387847 5
      vertex 18.326315481 15.521387847 15
    endloop
  endfacet
  facet normal 0.065403129 -0.997858923 0
    outer loop
      vertex 18 15.5 5
      vertex 18.326315481 15.521387847 15
      vertex 18 15.5 15
    endloop
  endfacet
  facet normal 0.195090322 -0.98078528 0
    outer loop
      vertex 18.326315481 15.521387847 5
      vertex 18.647047613 15.585185434 5
      vertex 18.647047613 15.585185434 15
    endloop
  endfacet
  facet normal 0.195090322 -0.98078528 0
    outer loop
      vertex 18.326315481 15.521387847 5
      vertex 18.647047613 15.585185434 15
      vertex 18.326315481 15.521387847 15
    endloop
  endfacet
  facet normal 0.321439465 -0.946930129 0
    outer loop
      vertex 18.647047613 15.585185434 5
      vertex 18.956708581 15.690301169 5
      vertex 18.956708581 15.690301169 15
    endloop
  endfacet
  facet normal 0.321439465 -0.946930129 0
    outer loop
      vertex 18.647047613 15.585185434 5
      vertex 18.956708581 15.690301169 15
      vertex 18.647047613 15.585185434 15
    endloop
  endfacet
  facet normal 0.44228869 -0.896872742 0
    outer loop
      vertex 18.956708581 15.690301169 5
      vertex 19.25 15.834936491 5
      vertex 19.25 15.834936491 15
    endloop
  endfacet
  facet normal 0.44228869 -0.896872742 0
    outer loop
      vertex 18.956708581 15.690301169 5
      vertex 19.25 15.834936491 15
      vertex 18.956708581 15.690301169 15
    endloop
  endfacet
  facet normal 0.555570233 -0.831469612 0
    outer loop
      vertex 19.25 15.834936491 5
      vertex 19.521903573 16.016616649 5
      vertex 19.521903573 16.016616649 15
    endloop
  endfacet
  facet normal 0.555570233 -0.831469612 0
    outer loop
      vertex 19.25 15.834936491 5
      vertex 19.521903573 16.016616649 15
      vertex 19.25 15.834936491 15
    endloop
  endfacet
  facet normal 0.659345815 -0.751839807 0
    outer loop
      vertex 19.521903573 16.016616649 5
      vertex 19.767766953 16.232233047 5
      vertex 19.767766953 16.232233047 15
    endloop
  endfacet
  facet normal 0.659345815 -0.751839807 0
    outer loop
      vertex 19.521903573 16.016616649 5
      vertex 19.767766953 16.232233047 15
      vertex 19.521903573 16.016616649 15
    endloop
  endfacet
  facet normal 0.751839807 -0.659345815 0
    outer loop
      vertex 19.767766953 16.232233047 5
      vertex 19.983383351 16.478096427 5
      vertex 19.983383351 16.478096427 15
    endloop
  endfacet
  facet normal 0.751839807 -0.659345815 0
    outer loop
      vertex 19.767766953 16.232233047 5
      vertex 19.983383351 16.478096427 15
      vertex 19.767766953 16.232233047 15
    endloop
  endfacet
  facet normal 0.831469612 -0.555570233 0
    outer loop
      vertex 19.983383351 16.478096427 5
      vertex 20.165063509 16.75 5
      vertex 20.165063509 16.75 15
    endloop
  endfacet
  facet normal 0.831469612 -0.555570233 0
    outer loop
      vertex 19.983383351 16.478096427 5
      vertex 20.165063509 16.75 15
      vertex 19.983383351 16.478096427 15
    endloop
  endfacet
  facet normal 0.896872742 -0.44228869 0
    outer loop
      vertex 20.165063509 16.75 5
      vertex 20.309698831 17.043291419 5
      vertex 20.309698831 17.043291419 15
    endloop
  endfacet
  facet normal 0.896872742 -0.44228869 0
    outer loop
      vertex 20.165063509 16.75 5
      vertex 20.309698831 17.043291419 15
      vertex 20.165063509 16.75 15
    endloop
  endfacet
  facet normal 0.946930129 -0.321439465 0
    outer loop
      vertex 20.309698831 17.043291419 5
      vertex 20.414814566 17.352952387 5
      vertex 20.414814566 17.352952387 15
    endloop
  endfacet
  facet normal 0.946930129 -0.321439465 0
    outer loop
      vertex 20.309698831 17.043291419 5
      vertex 20.414814566 17.352952387 15
      vertex 20.309698831 17.043291419 15
    endloop
  endfacet
  facet normal 0.98078528 -0.195090322 0
    outer loop
      vertex 20.414814566 17.352952387 5
      vertex 20.478612153 17.673684519 5
      vertex 20.478612153 17.673684519 15
    endloop
  endfacet
  facet normal 0.98078528 -0.195090322 0
    outer loop
      vertex 20.414814566 17.352952387 5
      vertex 20.478612153 17.673684519 15
      vertex 20.414814566 17.352952387 15
    endloop
  endfacet
  facet normal 0 0 1
    outer loop
      vertex 20.414814566 17.352952387 15
      vertex 20.478612153 17.673684519 15
      vertex 20.5 18 15
    endloop
  endfacet
  facet normal 0 0 1
    outer loop
      vertex 20.5 18 15
      vertex 20.478612153 18.326315481 15
      vertex 20.414814566 18.647047613 15
    endloop
  endfacet
  facet normal 0 0 1
    outer loop
      vertex 20.414814566 18.647047613 15
      vertex 20.309698831 18.956708581 15
      vertex 20.165063509 19.25 15
    endloop
  endfacet
  facet normal 0 0 1
    outer loop
      vertex 20.165063509 19.25 15
      vertex 19.983383351 19.521903573 15
      vertex 19.767766953 19.767766953 15
    endloop
  endfacet
  facet normal 0 0 1
    outer loop
      vertex 19.767766953 19.767766953 15
      vertex 19.521903573 19.983383351 15
      vertex 19.25 20.165063509 15
    endloop
  endfacet
  facet normal 0 0 1
    outer loop
      vertex 19.25 20.165063509 15
      vertex 18.956708581 20.309698831 15
      vertex 18.647047613 20.414814566 15
    endloop
  endfacet
  facet normal 0 0 1
    outer loop
      vertex 18.647047613 20.414814566 15
      vertex 18.326315481 20.478612153 15
      vertex 18 20.5 15
    endloop
  endfacet
  facet normal 0 0 1
    outer loop
      vertex 18 20.5 15
      vertex 17.673684519 20.478612153 15
      vertex 17.352952387 20.414814566 15
    endloop
  endfacet
  facet normal 0 0 1
    outer loop
      vertex 17.352952387 20.414814566 15
      vertex 17.043291419 20.309698831 15
      vertex 16.75 20.165063509 15
    endloop
  endfacet
  facet normal 0 0 1
    outer loop
      vertex 16.75 20.165063509 15
      vertex 16.478096427 19.983383351 15
      vertex 16.232233047 19.767766953 15
    endloop
  endfacet
  facet normal 0 0 1
    outer loop
      vertex 16.232233047 19.767766953 15
      vertex 16.016616649 19.521903573 15
      vertex 15.834936491 19.25 15
    endloop
  endfacet
  facet normal 0 0 1
    outer loop
      vertex 15.834936491 19.25 15
      vertex 15.690301169 18.956708581 15
      vertex 15.585185434 18.647047613 15
    endloop
  endfacet
  facet normal 0 0 1
    outer loop
      vertex 15.585185434 18.647047613 15
      vertex 15.521387847 18.326315481 15
      vertex 15.5 18 15
    endloop
  endfacet
  facet normal 0 0 1
    outer loop
      vertex 15.5 18 15
      vertex 15.521387847 17.673684519 15
      vertex 15.585185434 17.352952387 15
    endloop
  endfacet
  facet normal 0 0 1
    outer loop
      vertex 15.585185434 17.352952387 15
      vertex 15.690301169 17.043291419 15
      vertex 15.834936491 16.75 15
    endloop
  endfacet
  facet normal 0 0 1
    outer loop
      vertex 15.834936491 16.75 15
      vertex 16.016616649 16.478096427 15
      vertex 16.232233047 16.232233047 15
    endloop
  endfacet
  facet normal 0 0 1
    outer loop
      vertex 16.232233047 16.232233047 15
      vertex 16.478096427 16.016616649 15
      vertex 16.75 15.834936491 15
    endloop
  endfacet
  facet normal 0 0 1
    outer loop
      vertex 16.75 15.834936491 15
      vertex 17.043291419 15.690301169 15
      vertex 17.352952387 15.585185434 15
    endloop
  endfacet
  facet normal 0 0 1
    outer loop
      vertex 17.352952387 15.585185434 15
      vertex 17.673684519 15.521387847 15
      vertex 18 15.5 15
    endloop
  endfacet
  facet normal 0 0 1
    outer loop
      vertex 18 15.5 15
      vertex 18.326315481 15.521387847 15
      vertex 18.647047613 15.585185434 15
    endloop
  endfacet
  facet normal 0 0 1
    outer loop
      vertex 18.647047613 15.585185434 15
      vertex 18.956708581 15.690301169 15
      vertex 19.25 15.834936491 15
    endloop
  endfacet
  facet normal 0 0 1
    outer loop
      vertex 19.25 15.834936491 15
      vertex 19.521903573 16.016616649 15
      vertex 19.767766953 16.232233047 15
    endloop
  endfacet
  facet normal 0 0 1
    outer loop
      vertex 19.767766953 16.232233047 15
      vertex 19.983383351 16.478096427 15
      vertex 20.165063509 16.75 15
    endloop
  endfacet
  facet normal 0 0 1
    outer loop
      vertex 20.165063509 16.75 15
      vertex 20.309698831 17.043291419 15
      vertex 20.414814566 17.352952387 15
    endloop
  endfacet
  facet normal 0 0 1
    outer loop
      vertex 20.414814566 17.352952387 15
      vertex 20.5 18 15
      vertex 20.414814566 18.647047613 15
    endloop
  endfacet
  facet normal 0 0 1
    outer loop
      vertex 20.414814566 18.647047613 15
      vertex 20.165063509 19.25 15
      vertex 19.767766953 19.767766953 15
    endloop
  endfacet
  facet normal 0 0 1
    outer loop
      vertex 19.767766953 19.767766953 15
      vertex 19.25 20.165063509 15
      vertex 18.647047613 20.414814566 15
    endloop
  endfacet
  facet normal 0 0 1
    outer loop
      vertex 18.647047613 20.414814566 15
      vertex 18 20.5 15
      vertex 17.352952387 20.414814566 15
    endloop
  endfacet
  facet normal 0 0 1
    outer loop
      vertex 17.352952387 20.414814566 15
      vertex 16.75 20.165063509 15
      vertex 16.232233047 19.767766953 15
    endloop
  endfacet
  facet normal 0 0 1
    outer loop
      vertex 16.232233047 19.767766953 15
      vertex 15.834936491 19.25 15
      vertex 15.585185434 18.647047613 15
    endloop
  endfacet
  facet normal 0 0 1
    outer loop
      vertex 15.585185434 18.647047613 15
      vertex 15.5 18 15
      vertex 15.585185434 17.352952387 15
    endloop
  endfacet
  facet normal 0 0 1
    outer loop
      vertex 15.585185434 17.352952387 15
      vertex 15.834936491 16.75 15
      vertex 16.232233047 16.232233047 15
    endloop
  endfacet
  facet normal 0 0 1
    outer loop
      vertex 16.232233047 16.232233047 15
      vertex 16.75 15.834936491 15
      vertex 17.352952387 15.585185434 15
    endloop
  endfacet
  facet normal 0 0 1
    outer loop
      vertex 17.352952387 15.585185434 15
      vertex 18 15.5 15
      vertex 18.647047613 15.585185434 15
    endloop
  endfacet
  facet normal 0 0 1
    outer loop
      vertex 18.647047613 15.585185434 15
      vertex 19.25 15.834936491 15
      vertex 19.767766953 16.232233047 15
    endloop
  endfacet
  facet normal 0 0 1
    outer loop
      vertex 19.767766953 16.232233047 15
      vertex 20.165063509 16.75 15
      vertex 20.414814566 17.352952387 15
    endloop
  endfacet
  facet normal 0 0 1
    outer loop
      vertex 20.414814566 17.352952387 15
      vertex 20.414814566 18.647047613 15
      vertex 19.767766953 19.767766953 15
    endloop
  endfacet
  facet normal 0 0 1
    outer loop
      vertex 19.767766953 19.767766953 15
      vertex 18.647047613 20.414814566 15
      vertex 17.352952387 20.414814566 15
    endloop
  endfacet
  facet normal 0 0 1
    outer loop
      vertex 17.352952387 20.414814566 15
      vertex 16.232233047 19.767766953 15
      vertex 15.585185434 18.647047613 15
    endloop
  endfacet
  facet normal 0 0 1
    outer loop
      vertex 15.585185434 18.647047613 15
      vertex 15.585185434 17.352952387 15
      vertex 16.232233047 16.232233047 15
    endloop
  endfacet
  facet normal 0 0 1
    outer loop
      vertex 16.232233047 16.232233047 15
      vertex 17.352952387 15.585185434 15
      vertex 18.647047613 15.585185434 15
    endloop
  endfacet
  facet normal 0 0 1
    outer loop
      vertex 18.647047613 15.585185434 15
      vertex 19.767766953 16.232233047 15
      vertex 20.414814566 17.352952387 15
    endloop
  endfacet
  facet normal 0 0 1
    outer loop
      vertex 20.414814566 17.352952387 15
      vertex 19.767766953 19.767766953 15
      vertex 17.352952387 20.414814566 15
    endloop
  endfacet
  facet normal 0 0 1
    outer loop
      vertex 17.352952387 20.414814566 15
      vertex 15.585185434 18.647047613 15
      vertex 16.232233047 16.232233047 15
    endloop
  endfacet
  facet normal 0 0 1
    outer loop
      vertex 16.232233047 16.232233047 15
      vertex 18.647047613 15.585185434 15
      vertex 20.414814566 17.352952387 15
    endloop
  endfacet
  facet normal 0 0 1
    outer loop
      vertex 20.414814566 17.352952387 15
      vertex 17.352952387 20.414814566 15
      vertex 16.232233047 16.232233047 15
    endloop
  endfacet
  facet normal 0 0 -1
    outer loop
      vertex 20.5 18 5
      vertex 20.478612153 17.673684519 5
      vertex 20.414814566 17.352952387 5
    endloop
  endfacet
  facet normal 0 0 -1
    outer loop
      vertex 20.414814566 18.647047613 5
      vertex 20.478612153 18.326315481 5
      vertex 20.5 18 5
    endloop
  endfacet
  facet normal 0 0 -1
    outer loop
      vertex 20.165063509 19.25 5
      vertex 20.309698831 18.956708581 5
      vertex 20.414814566 18.647047613 5
    endloop
  endfacet
  facet normal 0 0 -1
    outer loop
      vertex 19.767766953 19.767766953 5
      vertex 19.983383351 19.521903573 5
      vertex 20.165063509 19.25 5
    endloop
  endfacet
  facet normal 0 0 -1
    outer loop
      vertex 19.25 20.165063509 5
      vertex 19.521903573 19.983383351 5
      vertex 19.767766953 19.767766953 5
    endloop
  endfacet
  facet normal 0 0 -1
    outer loop
      vertex 18.647047613 20.414814566 5
      vertex 18.956708581 20.309698831 5
      vertex 19.25 20.165063509 5
    endloop
  endfacet
  facet normal 0 0 -1
    outer loop
      vertex 18 20.5 5
      vertex 18.326315481 20.478612153 5
      vertex 18.647047613 20.414814566 5
    endloop
  endfacet
  facet normal 0 0 -1
    outer loop
      vertex 17.352952387 20.414814566 5
      vertex 17.673684519 20.478612153 5
      vertex 18 20.5 5
    endloop
  endfacet
  facet normal 0 0 -1
    outer loop
      vertex 16.75 20.165063509 5
      vertex 17.043291419 20.309698831 5
      vertex 17.352952387 20.414814566 5
    endloop
  endfacet
  facet normal 0 0 -1
    outer loop
      vertex 16.232233047 19.767766953 5
      vertex 16.478096427 19.983383351 5
      vertex 16.75 20.165063509 5
    endloop
  endfacet
  facet normal 0 0 -1
    outer loop
      vertex 15.834936491 19.25 5
      vertex 16.016616649 19.521903573 5
      vertex 16.232233047 19.767766953 5
    endloop
  endfacet
  facet normal 0 0 -1
    outer loop
      vertex 15.585185434 18.647047613 5
      vertex 15.690301169 18.956708581 5
      vertex 15.834936491 19.25 5
    endloop
  endfacet
  facet normal 0 0 -1
    outer loop
      vertex 15.5 18 5
      vertex 15.521387847 18.326315481 5
      vertex 15.585185434 18.647047613 5
    endloop
  endfacet
  facet normal 0 0 -1
    outer loop
      vertex 15.585185434 17.352952387 5
      vertex 15.521387847 17.673684519 5
      vertex 15.5 18 5
    endloop
  endfacet
  facet normal 0 0 -1
    outer loop
      vertex 15.834936491 16.75 5
      vertex 15.690301169 17.043291419 5
      vertex 15.585185434 17.352952387 5
    endloop
  endfacet
  facet normal 0 0 -1
    outer loop
      vertex 16.232233047 16.232233047 5
      vertex 16.016616649 16.478096427 5
      vertex 15.834936491 16.75 5
    endloop
  endfacet
  facet normal 0 0 -1
    outer loop
      vertex 16.75 15.834936491 5
      vertex 16.478096427 16.016616649 5
      vertex 16.232233047 16.232233047 5
    endloop
  endfacet
  facet normal 0 0 -1
    outer loop
      vertex 17.352952387 15.585185434 5
      vertex 17.043291419 15.690301169 5
      vertex 16.75 15.834936491 5
    endloop
  endfacet
  facet normal 0 0 -1
    outer loop
      vertex 18 15.5 5
      vertex 17.673684519 15.521387847 5
      vertex 17.352952387 15.585185434 5
    endloop
  endfacet
  facet normal 0 0 -1
    outer loop
      vertex 18.647047613 15.585185434 5
      vertex 18.326315481 15.521387847 5
      vertex 18 15.5 5
    endloop
  endfacet
  facet normal 0 0 -1
    outer loop
      vertex 19.25 15.834936491 5
      vertex 18.956708581 15.690301169 5
      vertex 18.647047613 15.585185434 5
    endloop
  endfacet
  facet normal 0 0 -1
    outer loop
      vertex 19.767766953 16.232233047 5
      vertex 19.521903573 16.016616649 5
      vertex 19.25 15.834936491 5
    endloop
  endfacet
  facet normal 0 0 -1
    outer loop
      vertex 20.165063509 16.75 5
      vertex 19.983383351 16.478096427 5
      vertex 19.767766953 16.232233047 5
    endloop
  endfacet
  facet normal 0 0 -1
    outer loop
      vertex 20.414814566 17.352952387 5
      vertex 20.309698831 17.043291419 5
      vertex 20.165063509 16.75 5
    endloop
  endfacet
  facet normal 0 0 -1
    outer loop
      vertex 20.414814566 18.647047613 5
      vertex 20.5 18 5
      vertex 20.414814566 17.352952387 5
    endloop
  endfacet
  facet normal 0 0 -1
    outer loop
      vertex 19.767766953 19.767766953 5
      vertex 20.165063509 19.25 5
      vertex 20.414814566 18.647047613 5
    endloop
  endfacet
  facet normal 0 0 -1
    outer loop
      vertex 18.647047613 20.414814566 5
      vertex 19.25 20.165063509 5
      vertex 19.767766953 19.767766953 5
    endloop
  endfacet
  facet normal 0 0 -1
    outer loop
      vertex 17.352952387 20.414814566 5
      vertex 18 20.5 5
      vertex 18.647047613 20.414814566 5
    endloop
  endfacet
  facet normal 0 0 -1
    outer loop
      vertex 16.232233047 19.767766953 5
      vertex 16.75 20.165063509 5
      vertex 17.352952387 20.414814566 5
    endloop
  endfacet
  facet normal 0 0 -1
    outer loop
      vertex 15.585185434 18.647047613 5
      vertex 15.834936491 19.25 5
      vertex 16.232233047 19.767766953 5
    endloop
  endfacet
  facet normal 0 0 -1
    outer loop
      vertex 15.585185434 17.352952387 5
      vertex 15.5 18 5
      vertex 15.585185434 18.647047613 5
    endloop
  endfacet
  facet normal 0 0 -1
    outer loop
      vertex 16.232233047 16.232233047 5
      vertex 15.834936491 16.75 5
      vertex 15.585185434 17.352952387 5
    endloop
  endfacet
  facet normal 0 0 -1
    outer loop
      vertex 17.352952387 15.585185434 5
      vertex 16.75 15.834936491 5
      vertex 16.232233047 16.232233047 5
    endloop
  endfacet
  facet normal 0 0 -1
    outer loop
      vertex 18.647047613 15.585185434 5
      vertex 18 15.5 5
      vertex 17.352952387 15.585185434 5
    endloop
  endfacet
  facet normal 0 0 -1
    outer loop
      vertex 19.767766953 16.232233047 5
      vertex 19.25 15.834936491 5
      vertex 18.647047613 15.585185434 5
    endloop
  endfacet
  facet normal 0 0 -1
    outer loop
      vertex 20.414814566 17.352952387 5
      vertex 20.165063509 16.75 5
      vertex 19.767766953 16.232233047 5
    endloop
  endfacet
  facet normal 0 0 -1
    outer loop
      vertex 19.767766953 19.767766953 5
      vertex 20.414814566 18.647047613 5
      vertex 20.414814566 17.352952387 5
    endloop
  endfacet
  facet normal 0 0 -1
    outer loop
      vertex 17.352952387 20.414814566 5
      vertex 18.647047613 20.414814566 5
      vertex 19.767766953 19.767766953 5
    endloop
  endfacet
  facet normal 0 0 -1
    outer loop
      vertex 15.585185434 18.647047613 5
      vertex 16.232233047 19.767766953 5
      vertex 17.352952387 20.414814566 5
    endloop
  endfacet
  facet normal 0 0 -1
    outer loop
      vertex 16.232233047 16.232233047 5
      vertex 15.585185434 17.352952387 5
      vertex 15.585185434 18.647047613 5
    endloop
  endfacet
  facet normal 0 0 -1
    outer loop
      vertex 18.647047613 15.585185434 5
      vertex 17.352952387 15.585185434 5
      vertex 16.232233047 16.232233047 5
    endloop
  endfacet
  facet normal 0 0 -1
    outer loop
      vertex 20.414814566 17.352952387 5
      vertex 19.767766953 16.232233047 5
      vertex 18.647047613 15.585185434 5
    endloop
  endfacet
  facet normal 0 0 -1
    outer loop
      vertex 17.352952387 20.414814566 5
      vertex 19.767766953 19.767766953 5
      vertex 20.414814566 17.352952387 5
    endloop
  endfacet
  facet normal 0 0 -1
    outer loop
      vertex 16.232233047 16.232233047 5
      vertex 15.585185434 18.647047613 5
      vertex 17.352952387 20.414814566 5
    endloop
  endfacet
  facet normal 0 0 -1
    outer loop
      vertex 20.414814566 17.352952387 5
      vertex 18.647047613 15.585185434 5
      vertex 16.232233047 16.232233047 5
    endloop
  endfacet
  facet normal 0 0 -1
    outer loop
      vertex 16.232233047 16.232233047 5
      vertex 17.352952387 20.414814566 5
      vertex 20.414814566 17.352952387 5
    endloop
  endfacet
  facet normal 0.997858923 -0.065403129 0
    outer loop
      vertex -15.521387847 17.673684519 5
      vertex -15.5 18 5
      vertex -15.5 18 15
    endloop
  endfacet
  facet normal 0.997858923 -0.065403129 0
    outer loop
      vertex -15.521387847 17.673684519 5
      vertex -15.5 18 15
      vertex -15.521387847 17.673684519 15
    endloop
  endfacet
  facet normal 0.997858923 0.065403129 0
    outer loop
      vertex -15.5 18 5
      vertex -15.521387847 18.326315481 5
      vertex -15.521387847 18.326315481 15
    endloop
  endfacet
  facet normal 0.997858923 0.065403129 0
    outer loop
      vertex -15.5 18 5
      vertex -15.521387847 18.326315481 15
      vertex -15.5 18 15
    endloop
  endfacet
  facet normal 0.98078528 0.195090322 0
    outer loop
      vertex -15.521387847 18.326315481 5
      vertex -15.585185434 18.647047613 5
      vertex -15.585185434 18.647047613 15
    endloop
  endfacet
  facet normal 0.98078528 0.195090322 0
    outer loop
      vertex -15.521387847 18.326315481 5
      vertex -15.585185434 18.647047613 15
      vertex -15.521387847 18.326315481 15
    endloop
  endfacet
  facet normal 0.946930129 0.321439465 0
    outer loop
      vertex -15.585185434 18.647047613 5
      vertex -15.690301169 18.956708581 5
      vertex -15.690301169 18.956708581 15
    endloop
  endfacet
  facet normal 0.946930129 0.321439465 0
    outer loop
      vertex -15.585185434 18.647047613 5
      vertex -15.690301169 18.956708581 15
      vertex -15.585185434 18.647047613 15
    endloop
  endfacet
  facet normal 0.896872742 0.44228869 0
    outer loop
      vertex -15.690301169 18.956708581 5
      vertex -15.834936491 19.25 5
      vertex -15.834936491 19.25 15
    endloop
  endfacet
  facet normal 0.896872742 0.44228869 0
    outer loop
      vertex -15.690301169 18.956708581 5
      vertex -15.834936491 19.25 15
      vertex -15.690301169 18.956708581 15
    endloop
  endfacet
  facet normal 0.831469612 0.555570233 0
    outer loop
      vertex -15.834936491 19.25 5
      vertex -16.016616649 19.521903573 5
      vertex -16.016616649 19.521903573 15
    endloop
  endfacet
  facet normal 0.831469612 0.555570233 0
    outer loop
      vertex -15.834936491 19.25 5
      vertex -16.016616649 19.521903573 15
      vertex -15.834936491 19.25 15
    endloop
  endfacet
  facet normal 0.751839807 0.659345815 0
    outer loop
      vertex -16.016616649 19.521903573 5
      vertex -16.232233047 19.767766953 5
      vertex -16.232233047 19.767766953 15
    endloop
  endfacet
  facet normal 0.751839807 0.659345815 0
    outer loop
      vertex -16.016616649 19.521903573 5
      vertex -16.232233047 19.767766953 15
      vertex -16.016616649 19.521903573 15
    endloop
  endfacet
  facet normal 0.659345815 0.751839807 0
    outer loop
      vertex -16.232233047 19.767766953 5
      vertex -16.478096427 19.983383351 5
      vertex -16.478096427 19.983383351 15
    endloop
  endfacet
  facet normal 0.659345815 0.751839807 0
    outer loop
      vertex -16.232233047 19.767766953 5
      vertex -16.478096427 19.983383351 15
      vertex -16.232233047 19.767766953 15
    endloop
  endfacet
  facet normal 0.555570233 0.831469612 0
    outer loop
      vertex -16.478096427 19.983383351 5
      vertex -16.75 20.165063509 5
      vertex -16.75 20.165063509 15
    endloop
  endfacet
  facet normal 0.555570233 0.831469612 0
    outer loop
      vertex -16.478096427 19.983383351 5
      vertex -16.75 20.165063509 15
      vertex -16.478096427 19.983383351 15
    endloop
  endfacet
  facet normal 0.44228869 0.896872742 0
    outer loop
      vertex -16.75 20.165063509 5
      vertex -17.043291419 20.309698831 5
      vertex -17.043291419 20.309698831 15
    endloop
  endfacet
  facet normal 0.44228869 0.896872742 0
    outer loop
      vertex -16.75 20.165063509 5
      vertex -17.043291419 20.309698831 15
      vertex -16.75 20.165063509 15
    endloop
  endfacet
  facet normal 0.321439465 0.946930129 0
    outer loop
      vertex -17.043291419 20.309698831 5
      vertex -17.352952387 20.414814566 5
      vertex -17.352952387 20.414814566 15
    endloop
  endfacet
  facet normal 0.321439465 0.946930129 0
    outer loop
      vertex -17.043291419 20.309698831 5
      vertex -17.352952387 20.414814566 15
      vertex -17.043291419 20.309698831 15
    endloop
  endfacet
  facet normal 0.195090322 0.98078528 0
    outer loop
      vertex -17.352952387 20.414814566 5
      vertex -17.673684519 20.478612153 5
      vertex -17.673684519 20.478612153 15
    endloop
  endfacet
  facet normal 0.195090322 0.98078528 0
    outer loop
      vertex -17.352952387 20.414814566 5
      vertex -17.673684519 20.478612153 15
      vertex -17.352952387 20.414814566 15
    endloop
  endfacet
  facet normal 0.065403129 0.997858923 0
    outer loop
      vertex -17.673684519 20.478612153 5
      vertex -18 20.5 5
      vertex -18 20.5 15
    endloop
  endfacet
  facet normal 0.065403129 0.997858923 0
    outer loop
      vertex -17.673684519 20.478612153 5
      vertex -18 20.5 15
      vertex -17.673684519 20.478612153 15
    endloop
  endfacet
  facet normal -0.065403129 0.997858923 0
    outer loop
      vertex -18 20.5 5
      vertex -18.326315481 20.478612153 5
      vertex -18.326315481 20.478612153 15
    endloop
  endfacet
  facet normal -0.065403129 0.997858923 0
    outer loop
      vertex -18 20.5 5
      vertex -18.326315481 20.478612153 15
      vertex -18 20.5 15
    endloop
  endfacet
  facet normal -0.195090322 0.98078528 0
    outer loop
      vertex -18.326315481 20.478612153 5
      vertex -18.647047613 20.414814566 5
      vertex -18.647047613 20.414814566 15
    endloop
  endfacet
  facet normal -0.195090322 0.98078528 0
    outer loop
      vertex -18.326315481 20.478612153 5
      vertex -18.647047613 20.414814566 15
      vertex -18.326315481 20.478612153 15
    endloop
  endfacet
  facet normal -0.321439465 0.946930129 0
    outer loop
      vertex -18.647047613 20.414814566 5
      vertex -18.956708581 20.309698831 5
      vertex -18.956708581 20.309698831 15
    endloop
  endfacet
  facet normal -0.321439465 0.946930129 0
    outer loop
      vertex -18.647047613 20.414814566 5
      vertex -18.956708581 20.309698831 15
      vertex -18.647047613 20.414814566 15
    endloop
  endfacet
  facet normal -0.44228869 0.896872742 0
    outer loop
      vertex -18.956708581 20.309698831 5
      vertex -19.25 20.165063509 5
      vertex -19.25 20.165063509 15
    endloop
  endfacet
  facet normal -0.44228869 0.896872742 0
    outer loop
      vertex -18.956708581 20.309698831 5
      vertex -19.25 20.165063509 15
      vertex -18.956708581 20.309698831 15
    endloop
  endfacet
  facet normal -0.555570233 0.831469612 0
    outer loop
      vertex -19.25 20.165063509 5
      vertex -19.521903573 19.983383351 5
      vertex -19.521903573 19.983383351 15
    endloop
  endfacet
  facet normal -0.555570233 0.831469612 0
    outer loop
      vertex -19.25 20.165063509 5
      vertex -19.521903573 19.983383351 15
      vertex -19.25 20.165063509 15
    endloop
  endfacet
  facet normal -0.659345815 0.751839807 0
    outer loop
      vertex -19.521903573 19.983383351 5
      vertex -19.767766953 19.767766953 5
      vertex -19.767766953 19.767766953 15
    endloop
  endfacet
  facet normal -0.659345815 0.751839807 0
    outer loop
      vertex -19.521903573 19.983383351 5
      vertex -19.767766953 19.767766953 15
      vertex -19.521903573 19.983383351 15
    endloop
  endfacet
  facet normal -0.751839807 0.659345815 0
    outer loop
      vertex -19.767766953 19.767766953 5
      vertex -19.983383351 19.521903573 5
      vertex -19.983383351 19.521903573 15
    endloop
  endfacet
  facet normal -0.751839807 0.659345815 0
    outer loop
      vertex -19.767766953 19.767766953 5
      vertex -19.983383351 19.521903573 15
      vertex -19.767766953 19.767766953 15
    endloop
  endfacet
  facet normal -0.831469612 0.555570233 0
    outer loop
      vertex -19.983383351 19.521903573 5
      vertex -20.165063509 19.25 5
      vertex -20.165063509 19.25 15
    endloop
  endfacet
  facet normal -0.831469612 0.555570233 0
    outer loop
      vertex -19.983383351 19.521903573 5
      vertex -20.165063509 19.25 15
      vertex -19.983383351 19.521903573 15
    endloop
  endfacet
  facet normal -0.896872742 0.44228869 0
    outer loop
      vertex -20.165063509 19.25 5
      vertex -20.309698831 18.956708581 5
      vertex -20.309698831 18.956708581 15
    endloop
  endfacet
  facet normal -0.896872742 0.44228869 0
    outer loop
      vertex -20.165063509 19.25 5
      vertex -20.309698831 18.956708581 15
      vertex -20.165063509 19.25 15
    endloop
  endfacet
  facet normal -0.946930129 0.321439465 0
    outer loop
      vertex -20.309698831 18.956708581 5
      vertex -20.414814566 18.647047613 5
      vertex -20.414814566 18.647047613 15
    endloop
  endfacet
  facet normal -0.946930129 0.321439465 0
    outer loop
      vertex -20.309698831 18.956708581 5
      vertex -20.414814566 18.647047613 15
      vertex -20.309698831 18.956708581 15
    endloop
  endfacet
  facet normal -0.98078528 0.195090322 0
    outer loop
      vertex -20.414814566 18.647047613 5
      vertex -20.478612153 18.326315481 5
      vertex -20.478612153 18.326315481 15
    endloop
  endfacet
  facet normal -0.98078528 0.195090322 0
    outer loop
      vertex -20.414814566 18.647047613 5
      vertex -20.478612153 18.326315481 15
      vertex -20.414814566 18.647047613 15
    endloop
  endfacet
  facet normal -0.997858923 0.065403129 0
    outer loop
      vertex -20.478612153 18.326315481 5
      vertex -20.5 18 5
      vertex -20.5 18 15
    endloop
  endfacet
  facet normal -0.997858923 0.065403129 0
    outer loop
      vertex -20.478612153 18.326315481 5
      vertex -20.5 18 15
      vertex -20.478612153 18.326315481 15
    endloop
  endfacet
  facet normal -0.997858923 -0.065403129 0
    outer loop
      vertex -20.5 18 5
      vertex -20.478612153 17.673684519 5
      vertex -20.478612153 17.673684519 15
    endloop
  endfacet
  facet normal -0.997858923 -0.065403129 0
    outer loop
      vertex -20.5 18 5
      vertex -20.478612153 17.673684519 15
      vertex -20.5 18 15
    endloop
  endfacet
  facet normal -0.98078528 -0.195090322 0
    outer loop
      vertex -20.478612153 17.673684519 5
      vertex -20.414814566 17.352952387 5
      vertex -20.414814566 17.352952387 15
    endloop
  endfacet
  facet normal -0.98078528 -0.195090322 0
    outer loop
      vertex -20.478612153 17.673684519 5
      vertex -20.414814566 17.352952387 15
      vertex -20.478612153 17.673684519 15
    endloop
  endfacet
  facet normal -0.946930129 -0.321439465 0
    outer loop
      vertex -20.414814566 17.352952387 5
      vertex -20.309698831 17.043291419 5
      vertex -20.309698831 17.043291419 15
    endloop
  endfacet
  facet normal -0.946930129 -0.321439465 0
    outer loop
      vertex -20.414814566 17.352952387 5
      vertex -20.309698831 17.043291419 15
      vertex -20.414814566 17.352952387 15
    endloop
  endfacet
  facet normal -0.896872742 -0.44228869 0
    outer loop
      vertex -20.309698831 17.043291419 5
      vertex -20.165063509 16.75 5
      vertex -20.165063509 16.75 15
    endloop
  endfacet
  facet normal -0.896872742 -0.44228869 0
    outer loop
      vertex -20.309698831 17.043291419 5
      vertex -20.165063509 16.75 15
      vertex -20.309698831 17.043291419 15
    endloop
  endfacet
  facet normal -0.831469612 -0.555570233 0
    outer loop
      vertex -20.165063509 16.75 5
      vertex -19.983383351 16.478096427 5
      vertex -19.983383351 16.478096427 15
    endloop
  endfacet
  facet normal -0.831469612 -0.555570233 0
    outer loop
      vertex -20.165063509 16.75 5
      vertex -19.983383351 16.478096427 15
      vertex -20.165063509 16.75 15
    endloop
  endfacet
  facet normal -0.751839807 -0.659345815 0
    outer loop
      vertex -19.983383351 16.478096427 5
      vertex -19.767766953 16.232233047 5
      vertex -19.767766953 16.232233047 15
    endloop
  endfacet
  facet normal -0.751839807 -0.659345815 0
    outer loop
      vertex -19.983383351 16.478096427 5
      vertex -19.767766953 16.232233047 15
      vertex -19.983383351 16.478096427 15
    endloop
  endfacet
  facet normal -0.659345815 -0.751839807 0
    outer loop
      vertex -19.767766953 16.232233047 5
      vertex -19.521903573 16.016616649 5
      vertex -19.521903573 16.016616649 15
    endloop
  endfacet
  facet normal -0.659345815 -0.751839807 0
    outer loop
      vertex -19.767766953 16.232233047 5
      vertex -19.521903573 16.016616649 15
      vertex -19.767766953 16.232233047 15
    endloop
  endfacet
  facet normal -0.555570233 -0.831469612 0
    outer loop
      vertex -19.521903573 16.016616649 5
      vertex -19.25 15.834936491 5
      vertex -19.25 15.834936491 15
    endloop
  endfacet
  facet normal -0.555570233 -0.831469612 0
    outer loop
      vertex -19.521903573 16.016616649 5
      vertex -19.25 15.834936491 15
      vertex -19.521903573 16.016616649 15
    endloop
  endfacet
  facet normal -0.44228869 -0.896872742 0
    outer loop
      vertex -19.25 15.834936491 5
      vertex -18.956708581 15.690301169 5
      vertex -18.956708581 15.690301169 15
    endloop
  endfacet
  facet normal -0.44228869 -0.896872742 0
    outer loop
      vertex -19.25 15.834936491 5
      vertex -18.956708581 15.690301169 15
      vertex -19.25 15.834936491 15
    endloop
  endfacet
  facet normal -0.321439465 -0.946930129 0
    outer loop
      vertex -18.956708581 15.690301169 5
      vertex -18.647047613 15.585185434 5
      vertex -18.647047613 15.585185434 15
    endloop
  endfacet
  facet normal -0.321439465 -0.946930129 0
    outer loop
      vertex -18.956708581 15.690301169 5
      vertex -18.647047613 15.585185434 15
      vertex -18.956708581 15.690301169 15
    endloop
  endfacet
  facet normal -0.195090322 -0.98078528 0
    outer loop
      vertex -18.647047613 15.585185434 5
      vertex -18.326315481 15.521387847 5
      vertex -18.326315481 15.521387847 15
    endloop
  endfacet
  facet normal -0.195090322 -0.98078528 0
    outer loop
      vertex -18.647047613 15.585185434 5
      vertex -18.326315481 15.521387847 15
      vertex -18.647047613 15.585185434 15
    endloop
  endfacet
  facet normal -0.065403129 -0.997858923 0
    outer loop
      vertex -18.326315481 15.521387847 5
      vertex -18 15.5 5
      vertex -18 15.5 15
    endloop
  endfacet
  facet normal -0.065403129 -0.997858923 0
    outer loop
      vertex -18.326315481 15.521387847 5
      vertex -18 15.5 15
      vertex -18.326315481 15.521387847 15
    endloop
  endfacet
  facet normal 0.065403129 -0.997858923 0
    outer loop
      vertex -18 15.5 5
      vertex -17.673684519 15.521387847 5
      vertex -17.673684519 15.521387847 15
    endloop
  endfacet
  facet normal 0.065403129 -0.997858923 0
    outer loop
      vertex -18 15.5 5
      vertex -17.673684519 15.521387847 15
      vertex -18 15.5 15
    endloop
  endfacet
  facet normal 0.195090322 -0.98078528 0
    outer loop
      vertex -17.673684519 15.521387847 5
      vertex -17.352952387 15.585185434 5
      vertex -17.352952387 15.585185434 15
    endloop
  endfacet
  facet normal 0.195090322 -0.98078528 0
    outer loop
      vertex -17.673684519 15.521387847 5
      vertex -17.352952387 15.585185434 15
      vertex -17.673684519 15.521387847 15
    endloop
  endfacet
  facet normal 0.321439465 -0.946930129 0
    outer loop
      vertex -17.352952387 15.585185434 5
      vertex -17.043291419 15.690301169 5
      vertex -17.043291419 15.690301169 15
    endloop
  endfacet
  facet normal 0.321439465 -0.946930129 0
    outer loop
      vertex -17.352952387 15.585185434 5
      vertex -17.043291419 15.690301169 15
      vertex -17.352952387 15.585185434 15
    endloop
  endfacet
  facet normal 0.44228869 -0.896872742 0
    outer loop
      vertex -17.043291419 15.690301169 5
      vertex -16.75 15.834936491 5
      vertex -16.75 15.834936491 15
    endloop
  endfacet
  facet normal 0.44228869 -0.896872742 0
    outer loop
      vertex -17.043291419 15.690301169 5
      vertex -16.75 15.834936491 15
      vertex -17.043291419 15.690301169 15
    endloop
  endfacet
  facet normal 0.555570233 -0.831469612 0
    outer loop
      vertex -16.75 15.834936491 5
      vertex -16.478096427 16.016616649 5
      vertex -16.478096427 16.016616649 15
    endloop
  endfacet
  facet normal 0.555570233 -0.831469612 0
    outer loop
      vertex -16.75 15.834936491 5
      vertex -16.478096427 16.016616649 15
      vertex -16.75 15.834936491 15
    endloop
  endfacet
  facet normal 0.659345815 -0.751839807 0
    outer loop
      vertex -16.478096427 16.016616649 5
      vertex -16.232233047 16.232233047 5
      vertex -16.232233047 16.232233047 15
    endloop
  endfacet
  facet normal 0.659345815 -0.751839807 0
    outer loop
      vertex -16.478096427 16.016616649 5
      vertex -16.232233047 16.232233047 15
      vertex -16.478096427 16.016616649 15
    endloop
  endfacet
  facet normal 0.751839807 -0.659345815 0
    outer loop
      vertex -16.232233047 16.232233047 5
      vertex -16.016616649 16.478096427 5
      vertex -16.016616649 16.478096427 15
    endloop
  endfacet
  facet normal 0.751839807 -0.659345815 0
    outer loop
      vertex -16.232233047 16.232233047 5
      vertex -16.016616649 16.478096427 15
      vertex -16.232233047 16.232233047 15
    endloop
  endfacet
  facet normal 0.831469612 -0.555570233 0
    outer loop
      vertex -16.016616649 16.478096427 5
      vertex -15.834936491 16.75 5
      vertex -15.834936491 16.75 15
    endloop
  endfacet
  facet normal 0.831469612 -0.555570233 0
    outer loop
      vertex -16.016616649 16.478096427 5
      vertex -15.834936491 16.75 15
      vertex -16.016616649 16.478096427 15
    endloop
  endfacet
  facet normal 0.896872742 -0.44228869 0
    outer loop
      vertex -15.834936491 16.75 5
      vertex -15.690301169 17.043291419 5
      vertex -15.690301169 17.043291419 15
    endloop
  endfacet
  facet normal 0.896872742 -0.44228869 0
    outer loop
      vertex -15.834936491 16.75 5
      vertex -15.690301169 17.043291419 15
      vertex -15.834936491 16.75 15
    endloop
  endfacet
  facet normal 0.946930129 -0.321439465 0
    outer loop
      vertex -15.690301169 17.043291419 5
      vertex -15.585185434 17.352952387 5
      vertex -15.585185434 17.352952387 15
    endloop
  endfacet
  facet normal 0.946930129 -0.321439465 0
    outer loop
      vertex -15.690301169 17.043291419 5
      vertex -15.585185434 17.352952387 15
      vertex -15.690301169 17.043291419 15
    endloop
  endfacet
  facet normal 0.98078528 -0.195090322 0
    outer loop
      vertex -15.585185434 17.352952387 5
      vertex -15.521387847 17.673684519 5
      vertex -15.521387847 17.673684519 15
    endloop
  endfacet
  facet normal 0.98078528 -0.195090322 0
    outer loop
      vertex -15.585185434 17.352952387 5
      vertex -15.521387847 17.673684519 15
      vertex -15.585185434 17.352952387 15
    endloop
  endfacet
  facet normal 0 0 1
    outer loop
      vertex -15.585185434 17.352952387 15
      vertex -15.521387847 17.673684519 15
      vertex -15.5 18 15
    endloop
  endfacet
  facet normal 0 0 1
    outer loop
      vertex -15.5 18 15
      vertex -15.521387847 18.326315481 15
      vertex -15.585185434 18.647047613 15
    endloop
  endfacet
  facet normal 0 0 1
    outer loop
      vertex -15.585185434 18.647047613 15
      vertex -15.690301169 18.956708581 15
      vertex -15.834936491 19.25 15
    endloop
  endfacet
  facet normal 0 0 1
    outer loop
      vertex -15.834936491 19.25 15
      vertex -16.016616649 19.521903573 15
      vertex -16.232233047 19.767766953 15
    endloop
  endfacet
  facet normal 0 0 1
    outer loop
      vertex -16.232233047 19.767766953 15
      vertex -16.478096427 19.983383351 15
      vertex -16.75 20.165063509 15
    endloop
  endfacet
  facet normal 0 0 1
    outer loop
      vertex -16.75 20.165063509 15
      vertex -17.043291419 20.309698831 15
      vertex -17.352952387 20.414814566 15
    endloop
  endfacet
  facet normal 0 0 1
    outer loop
      vertex -17.352952387 20.414814566 15
      vertex -17.673684519 20.478612153 15
      vertex -18 20.5 15
    endloop
  endfacet
  facet normal 0 0 1
    outer loop
      vertex -18 20.5 15
      vertex -18.326315481 20.478612153 15
      vertex -18.647047613 20.414814566 15
    endloop
  endfacet
  facet normal 0 0 1
    outer loop
      vertex -18.647047613 20.414814566 15
      vertex -18.956708581 20.309698831 15
      vertex -19.25 20.165063509 15
    endloop
  endfacet
  facet normal 0 0 1
    outer loop
      vertex -19.25 20.165063509 15
      vertex -19.521903573 19.983383351 15
      vertex -19.767766953 19.767766953 15
    endloop
  endfacet
  facet normal 0 0 1
    outer loop
      vertex -19.767766953 19.767766953 15
      vertex -19.983383351 19.521903573 15
      vertex -20.165063509 19.25 15
    endloop
  endfacet
  facet normal 0 0 1
    outer loop
      vertex -20.165063509 19.25 15
      vertex -20.309698831 18.956708581 15
      vertex -20.414814566 18.647047613 15
    endloop
  endfacet
  facet normal 0 0 1
    outer loop
      vertex -20.414814566 18.647047613 15
      vertex -20.478612153 18.326315481 15
      vertex -20.5 18 15
    endloop
  endfacet
  facet normal 0 0 1
    outer loop
      vertex -20.5 18 15
      vertex -20.478612153 17.673684519 15
      vertex -20.414814566 17.352952387 15
    endloop
  endfacet
  facet normal 0 0 1
    outer loop
      vertex -20.414814566 17.352952387 15
      vertex -20.309698831 17.043291419 15
      vertex -20.165063509 16.75 15
    endloop
  endfacet
  facet normal 0 0 1
    outer loop
      vertex -20.165063509 16.75 15
      vertex -19.983383351 16.478096427 15
      vertex -19.767766953 16.232233047 15
    endloop
  endfacet
  facet normal 0 0 1
    outer loop
      vertex -19.767766953 16.232233047 15
      vertex -19.521903573 16.016616649 15
      vertex -19.25 15.834936491 15
    endloop
  endfacet
  facet normal 0 0 1
    outer loop
      vertex -19.25 15.834936491 15
      vertex -18.956708581 15.690301169 15
      vertex -18.647047613 15.585185434 15
    endloop
  endfacet
  facet normal 0 0 1
    outer loop
      vertex -18.647047613 15.585185434 15
      vertex -18.326315481 15.521387847 15
      vertex -18 15.5 15
    endloop
  endfacet
  facet normal 0 0 1
    outer loop
      vertex -18 15.5 15
      vertex -17.673684519 15.521387847 15
      vertex -17.352952387 15.585185434 15
    endloop
  endfacet
  facet normal 0 0 1
    outer loop
      vertex -17.352952387 15.585185434 15
      vertex -17.043291419 15.690301169 15
      vertex -16.75 15.834936491 15
    endloop
  endfacet
  facet normal 0 0 1
    outer loop
      vertex -16.75 15.834936491 15
      vertex -16.478096427 16.016616649 15
      vertex -16.232233047 16.232233047 15
    endloop
  endfacet
  facet normal 0 0 1
    outer loop
      vertex -16.232233047 16.232233047 15
      vertex -16.016616649 16.478096427 15
      vertex -15.834936491 16.75 15
    endloop
  endfacet
  facet normal 0 0 1
    outer loop
      vertex -15.834936491 16.75 15
      vertex -15.690301169 17.043291419 15
      vertex -15.585185434 17.352952387 15
    endloop
  endfacet
  facet normal 0 0 1
    outer loop
      vertex -15.585185434 17.352952387 15
      vertex -15.5 18 15
      vertex -15.585185434 18.647047613 15
    endloop
  endfacet
  facet normal 0 0 1
    outer loop
      vertex -15.585185434 18.647047613 15
      vertex -15.834936491 19.25 15
      vertex -16.232233047 19.767766953 15
    endloop
  endfacet
  facet normal 0 0 1
    outer loop
      vertex -16.232233047 19.767766953 15
      vertex -16.75 20.165063509 15
      vertex -17.352952387 20.414814566 15
    endloop
  endfacet
  facet normal 0 0 1
    outer loop
      vertex -17.352952387 20.414814566 15
      vertex -18 20.5 15
      vertex -18.647047613 20.414814566 15
    endloop
  endfacet
  facet normal 0 0 1
    outer loop
      vertex -18.647047613 20.414814566 15
      vertex -19.25 20.165063509 15
      vertex -19.767766953 19.767766953 15
    endloop
  endfacet
  facet normal 0 0 1
    outer loop
      vertex -19.767766953 19.767766953 15
      vertex -20.165063509 19.25 15
      vertex -20.414814566 18.647047613 15
    endloop
  endfacet
  facet normal 0 0 1
    outer loop
      vertex -20.414814566 18.647047613 15
      vertex -20.5 18 15
      vertex -20.414814566 17.352952387 15
    endloop
  endfacet
  facet normal 0 0 1
    outer loop
      vertex -20.414814566 17.352952387 15
      vertex -20.165063509 16.75 15
      vertex -19.767766953 16.232233047 15
    endloop
  endfacet
  facet normal 0 0 1
    outer loop
      vertex -19.767766953 16.232233047 15
      vertex -19.25 15.834936491 15
      vertex -18.647047613 15.585185434 15
    endloop
  endfacet
  facet normal 0 0 1
    outer loop
      vertex -18.647047613 15.585185434 15
      vertex -18 15.5 15
      vertex -17.352952387 15.585185434 15
    endloop
  endfacet
  facet normal 0 0 1
    outer loop
      vertex -17.352952387 15.585185434 15
      vertex -16.75 15.834936491 15
      vertex -16.232233047 16.232233047 15
    endloop
  endfacet
  facet normal 0 0 1
    outer loop
      vertex -16.232233047 16.232233047 15
      vertex -15.834936491 16.75 15
      vertex -15.585185434 17.352952387 15
    endloop
  endfacet
  facet normal 0 0 1
    outer loop
      vertex -15.585185434 17.352952387 15
      vertex -15.585185434 18.647047613 15
      vertex -16.232233047 19.767766953 15
    endloop
  endfacet
  facet normal 0 0 1
    outer loop
      vertex -16.232233047 19.767766953 15
      vertex -17.352952387 20.414814566 15
      vertex -18.647047613 20.414814566 15
    endloop
  endfacet
  facet normal 0 0 1
    outer loop
      vertex -18.647047613 20.414814566 15
      vertex -19.767766953 19.767766953 15
      vertex -20.414814566 18.647047613 15
    endloop
  endfacet
  facet normal 0 0 1
    outer loop
      vertex -20.414814566 18.647047613 15
      vertex -20.414814566 17.352952387 15
      vertex -19.767766953 16.232233047 15
    endloop
  endfacet
  facet normal 0 0 1
    outer loop
      vertex -19.767766953 16.232233047 15
      vertex -18.647047613 15.585185434 15
      vertex -17.352952387 15.585185434 15
    endloop
  endfacet
  facet normal 0 0 1
    outer loop
      vertex -17.352952387 15.585185434 15
      vertex -16.232233047 16.232233047 15
      vertex -15.585185434 17.352952387 15
    endloop
  endfacet
  facet normal 0 0 1
    outer loop
      vertex -15.585185434 17.352952387 15
      vertex -16.232233047 19.767766953 15
      vertex -18.647047613 20.414814566 15
    endloop
  endfacet
  facet normal 0 0 1
    outer loop
      vertex -18.647047613 20.414814566 15
      vertex -20.414814566 18.647047613 15
      vertex -19.767766953 16.232233047 15
    endloop
  endfacet
  facet normal 0 0 1
    outer loop
      vertex -19.767766953 16.232233047 15
      vertex -17.352952387 15.585185434 15
      vertex -15.585185434 17.352952387 15
    endloop
  endfacet
  facet normal 0 0 1
    outer loop
      vertex -15.585185434 17.352952387 15
      vertex -18.647047613 20.414814566 15
      vertex -19.767766953 16.232233047 15
    endloop
  endfacet
  facet normal 0 0 -1
    outer loop
      vertex -15.5 18 5
      vertex -15.521387847 17.673684519 5
      vertex -15.585185434 17.352952387 5
    endloop
  endfacet
  facet normal 0 0 -1
    outer loop
      vertex -15.585185434 18.647047613 5
      vertex -15.521387847 18.326315481 5
      vertex -15.5 18 5
    endloop
  endfacet
  facet normal 0 0 -1
    outer loop
      vertex -15.834936491 19.25 5
      vertex -15.690301169 18.956708581 5
      vertex -15.585185434 18.647047613 5
    endloop
  endfacet
  facet normal 0 0 -1
    outer loop
      vertex -16.232233047 19.767766953 5
      vertex -16.016616649 19.521903573 5
      vertex -15.834936491 19.25 5
    endloop
  endfacet
  facet normal 0 0 -1
    outer loop
      vertex -16.75 20.165063509 5
      vertex -16.478096427 19.983383351 5
      vertex -16.232233047 19.767766953 5
    endloop
  endfacet
  facet normal 0 0 -1
    outer loop
      vertex -17.352952387 20.414814566 5
      vertex -17.043291419 20.309698831 5
      vertex -16.75 20.165063509 5
    endloop
  endfacet
  facet normal 0 0 -1
    outer loop
      vertex -18 20.5 5
      vertex -17.673684519 20.478612153 5
      vertex -17.352952387 20.414814566 5
    endloop
  endfacet
  facet normal 0 0 -1
    outer loop
      vertex -18.647047613 20.414814566 5
      vertex -18.326315481 20.478612153 5
      vertex -18 20.5 5
    endloop
  endfacet
  facet normal 0 0 -1
    outer loop
      vertex -19.25 20.165063509 5
      vertex -18.956708581 20.309698831 5
      vertex -18.647047613 20.414814566 5
    endloop
  endfacet
  facet normal 0 0 -1
    outer loop
      vertex -19.767766953 19.767766953 5
      vertex -19.521903573 19.983383351 5
      vertex -19.25 20.165063509 5
    endloop
  endfacet
  facet normal 0 0 -1
    outer loop
      vertex -20.165063509 19.25 5
      vertex -19.983383351 19.521903573 5
      vertex -19.767766953 19.767766953 5
    endloop
  endfacet
  facet normal 0 0 -1
    outer loop
      vertex -20.414814566 18.647047613 5
      vertex -20.309698831 18.956708581 5
      vertex -20.165063509 19.25 5
    endloop
  endfacet
  facet normal 0 0 -1
    outer loop
      vertex -20.5 18 5
      vertex -20.478612153 18.326315481 5
      vertex -20.414814566 18.647047613 5
    endloop
  endfacet
  facet normal 0 0 -1
    outer loop
      vertex -20.414814566 17.352952387 5
      vertex -20.478612153 17.673684519 5
      vertex -20.5 18 5
    endloop
  endfacet
  facet normal 0 0 -1
    outer loop
      vertex -20.165063509 16.75 5
      vertex -20.309698831 17.043291419 5
      vertex -20.414814566 17.352952387 5
    endloop
  endfacet
  facet normal 0 0 -1
    outer loop
      vertex -19.767766953 16.232233047 5
      vertex -19.983383351 16.478096427 5
      vertex -20.165063509 16.75 5
    endloop
  endfacet
  facet normal 0 0 -1
    outer loop
      vertex -19.25 15.834936491 5
      vertex -19.521903573 16.016616649 5
      vertex -19.767766953 16.232233047 5
    endloop
  endfacet
  facet normal 0 0 -1
    outer loop
      vertex -18.647047613 15.585185434 5
      vertex -18.956708581 15.690301169 5
      vertex -19.25 15.834936491 5
    endloop
  endfacet
  facet normal 0 0 -1
    outer loop
      vertex -18 15.5 5
      vertex -18.326315481 15.521387847 5
      vertex -18.647047613 15.585185434 5
    endloop
  endfacet
  facet normal 0 0 -1
    outer loop
      vertex -17.352952387 15.585185434 5
      vertex -17.673684519 15.521387847 5
      vertex -18 15.5 5
    endloop
  endfacet
  facet normal 0 0 -1
    outer loop
      vertex -16.75 15.834936491 5
      vertex -17.043291419 15.690301169 5
      vertex -17.352952387 15.585185434 5
    endloop
  endfacet
  facet normal 0 0 -1
    outer loop
      vertex -16.232233047 16.232233047 5
      vertex -16.478096427 16.016616649 5
      vertex -16.75 15.834936491 5
    endloop
  endfacet
  facet normal 0 0 -1
    outer loop
      vertex -15.834936491 16.75 5
      vertex -16.016616649 16.478096427 5
      vertex -16.232233047 16.232233047 5
    endloop
  endfacet
  facet normal 0 0 -1
    outer loop
      vertex -15.585185434 17.352952387 5
      vertex -15.690301169 17.043291419 5
      vertex -15.834936491 16.75 5
    endloop
  endfacet
  facet normal 0 0 -1
    outer loop
      vertex -15.585185434 18.647047613 5
      vertex -15.5 18 5
      vertex -15.585185434 17.352952387 5
    endloop
  endfacet
  facet normal 0 0 -1
    outer loop
      vertex -16.232233047 19.767766953 5
      vertex -15.834936491 19.25 5
      vertex -15.585185434 18.647047613 5
    endloop
  endfacet
  facet normal 0 0 -1
    outer loop
      vertex -17.352952387 20.414814566 5
      vertex -16.75 20.165063509 5
      vertex -16.232233047 19.767766953 5
    endloop
  endfacet
  facet normal 0 0 -1
    outer loop
      vertex -18.647047613 20.414814566 5
      vertex -18 20.5 5
      vertex -17.352952387 20.414814566 5
    endloop
  endfacet
  facet normal 0 0 -1
    outer loop
      vertex -19.767766953 19.767766953 5
      vertex -19.25 20.165063509 5
      vertex -18.647047613 20.414814566 5
    endloop
  endfacet
  facet normal 0 0 -1
    outer loop
      vertex -20.414814566 18.647047613 5
      vertex -20.165063509 19.25 5
      vertex -19.767766953 19.767766953 5
    endloop
  endfacet
  facet normal 0 0 -1
    outer loop
      vertex -20.414814566 17.352952387 5
      vertex -20.5 18 5
      vertex -20.414814566 18.647047613 5
    endloop
  endfacet
  facet normal 0 0 -1
    outer loop
      vertex -19.767766953 16.232233047 5
      vertex -20.165063509 16.75 5
      vertex -20.414814566 17.352952387 5
    endloop
  endfacet
  facet normal 0 0 -1
    outer loop
      vertex -18.647047613 15.585185434 5
      vertex -19.25 15.834936491 5
      vertex -19.767766953 16.232233047 5
    endloop
  endfacet
  facet normal 0 0 -1
    outer loop
      vertex -17.352952387 15.585185434 5
      vertex -18 15.5 5
      vertex -18.647047613 15.585185434 5
    endloop
  endfacet
  facet normal 0 0 -1
    outer loop
      vertex -16.232233047 16.232233047 5
      vertex -16.75 15.834936491 5
      vertex -17.352952387 15.585185434 5
    endloop
  endfacet
  facet normal 0 0 -1
    outer loop
      vertex -15.585185434 17.352952387 5
      vertex -15.834936491 16.75 5
      vertex -16.232233047 16.232233047 5
    endloop
  endfacet
  facet normal 0 0 -1
    outer loop
      vertex -16.232233047 19.767766953 5
      vertex -15.585185434 18.647047613 5
      vertex -15.585185434 17.352952387 5
    endloop
  endfacet
  facet normal 0 0 -1
    outer loop
      vertex -18.647047613 20.414814566 5
      vertex -17.352952387 20.414814566 5
      vertex -16.232233047 19.767766953 5
    endloop
  endfacet
  facet normal 0 0 -1
    outer loop
      vertex -20.414814566 18.647047613 5
      vertex -19.767766953 19.767766953 5
      vertex -18.647047613 20.414814566 5
    endloop
  endfacet
  facet normal 0 0 -1
    outer loop
      vertex -19.767766953 16.232233047 5
      vertex -20.414814566 17.352952387 5
      vertex -20.414814566 18.647047613 5
    endloop
  endfacet
  facet normal 0 0 -1
    outer loop
      vertex -17.352952387 15.585185434 5
      vertex -18.647047613 15.585185434 5
      vertex -19.767766953 16.232233047 5
    endloop
  endfacet
  facet normal 0 0 -1
    outer loop
      vertex -15.585185434 17.352952387 5
      vertex -16.232233047 16.232233047 5
      vertex -17.352952387 15.585185434 5
    endloop
  endfacet
  facet normal 0 0 -1
    outer loop
      vertex -18.647047613 20.414814566 5
      vertex -16.232233047 19.767766953 5
      vertex -15.585185434 17.352952387 5
    endloop
  endfacet
  facet normal 0 0 -1
    outer loop
      vertex -19.767766953 16.232233047 5
      vertex -20.414814566 18.647047613 5
      vertex -18.647047613 20.414814566 5
    endloop
  endfacet
  facet normal 0 0 -1
    outer loop
      vertex -15.585185434 17.352952387 5
      vertex -17.352952387 15.585185434 5
      vertex -19.767766953 16.232233047 5
    endloop
  endfacet
  facet normal 0 0 -1
    outer loop
      vertex -19.767766953 16.232233047 5
      vertex -18.647047613 20.414814566 5
      vertex -15.585185434 17.352952387 5
    endloop
  endfacet
  facet normal 0.997858923 -0.065403129 0
    outer loop
      vertex 20.478612153 -18.326315481 5
      vertex 20.5 -18 5
      vertex 20.5 -18 15
    endloop
  endfacet
  facet normal 0.997858923 -0.065403129 0
    outer loop
      vertex 20.478612153 -18.326315481 5
      vertex 20.5 -18 15
      vertex 20.478612153 -18.326315481 15
    endloop
  endfacet
  facet normal 0.997858923 0.065403129 0
    outer loop
      vertex 20.5 -18 5
      vertex 20.478612153 -17.673684519 5
      vertex 20.478612153 -17.673684519 15
    endloop
  endfacet
  facet normal 0.997858923 0.065403129 0
    outer loop
      vertex 20.5 -18 5
      vertex 20.478612153 -17.673684519 15
      vertex 20.5 -18 15
    endloop
  endfacet
  facet normal 0.98078528 0.195090322 0
    outer loop
      vertex 20.478612153 -17.673684519 5
      vertex 20.414814566 -17.352952387 5
      vertex 20.414814566 -17.352952387 15
    endloop
  endfacet
  facet normal 0.98078528 0.195090322 0
    outer loop
      vertex 20.478612153 -17.673684519 5
      vertex 20.414814566 -17.352952387 15
      vertex 20.478612153 -17.673684519 15
    endloop
  endfacet
  facet normal 0.946930129 0.321439465 0
    outer loop
      vertex 20.414814566 -17.352952387 5
      vertex 20.309698831 -17.043291419 5
      vertex 20.309698831 -17.043291419 15
    endloop
  endfacet
  facet normal 0.946930129 0.321439465 0
    outer loop
      vertex 20.414814566 -17.352952387 5
      vertex 20.309698831 -17.043291419 15
      vertex 20.414814566 -17.352952387 15
    endloop
  endfacet
  facet normal 0.896872742 0.44228869 0
    outer loop
      vertex 20.309698831 -17.043291419 5
      vertex 20.165063509 -16.75 5
      vertex 20.165063509 -16.75 15
    endloop
  endfacet
  facet normal 0.896872742 0.44228869 0
    outer loop
      vertex 20.309698831 -17.043291419 5
      vertex 20.165063509 -16.75 15
      vertex 20.309698831 -17.043291419 15
    endloop
  endfacet
  facet normal 0.831469612 0.555570233 0
    outer loop
      vertex 20.165063509 -16.75 5
      vertex 19.983383351 -16.478096427 5
      vertex 19.983383351 -16.478096427 15
    endloop
  endfacet
  facet normal 0.831469612 0.555570233 0
    outer loop
      vertex 20.165063509 -16.75 5
      vertex 19.983383351 -16.478096427 15
      vertex 20.165063509 -16.75 15
    endloop
  endfacet
  facet normal 0.751839807 0.659345815 0
    outer loop
      vertex 19.983383351 -16.478096427 5
      vertex 19.767766953 -16.232233047 5
      vertex 19.767766953 -16.232233047 15
    endloop
  endfacet
  facet normal 0.751839807 0.659345815 0
    outer loop
      vertex 19.983383351 -16.478096427 5
      vertex 19.767766953 -16.232233047 15
      vertex 19.983383351 -16.478096427 15
    endloop
  endfacet
  facet normal 0.659345815 0.751839807 0
    outer loop
      vertex 19.767766953 -16.232233047 5
      vertex 19.521903573 -16.016616649 5
      vertex 19.521903573 -16.016616649 15
    endloop
  endfacet
  facet normal 0.659345815 0.751839807 0
    outer loop
      vertex 19.767766953 -16.232233047 5
      vertex 19.521903573 -16.016616649 15
      vertex 19.767766953 -16.232233047 15
    endloop
  endfacet
  facet normal 0.555570233 0.831469612 0
    outer loop
      vertex 19.521903573 -16.016616649 5
      vertex 19.25 -15.834936491 5
      vertex 19.25 -15.834936491 15
    endloop
  endfacet
  facet normal 0.555570233 0.831469612 0
    outer loop
      vertex 19.521903573 -16.016616649 5
      vertex 19.25 -15.834936491 15
      vertex 19.521903573 -16.016616649 15
    endloop
  endfacet
  facet normal 0.44228869 0.896872742 0
    outer loop
      vertex 19.25 -15.834936491 5
      vertex 18.956708581 -15.690301169 5
      vertex 18.956708581 -15.690301169 15
    endloop
  endfacet
  facet normal 0.44228869 0.896872742 0
    outer loop
      vertex 19.25 -15.834936491 5
      vertex 18.956708581 -15.690301169 15
      vertex 19.25 -15.834936491 15
    endloop
  endfacet
  facet normal 0.321439465 0.946930129 0
    outer loop
      vertex 18.956708581 -15.690301169 5
      vertex 18.647047613 -15.585185434 5
      vertex 18.647047613 -15.585185434 15
    endloop
  endfacet
  facet normal 0.321439465 0.946930129 0
    outer loop
      vertex 18.956708581 -15.690301169 5
      vertex 18.647047613 -15.585185434 15
      vertex 18.956708581 -15.690301169 15
    endloop
  endfacet
  facet normal 0.195090322 0.98078528 0
    outer loop
      vertex 18.647047613 -15.585185434 5
      vertex 18.326315481 -15.521387847 5
      vertex 18.326315481 -15.521387847 15
    endloop
  endfacet
  facet normal 0.195090322 0.98078528 0
    outer loop
      vertex 18.647047613 -15.585185434 5
      vertex 18.326315481 -15.521387847 15
      vertex 18.647047613 -15.585185434 15
    endloop
  endfacet
  facet normal 0.065403129 0.997858923 0
    outer loop
      vertex 18.326315481 -15.521387847 5
      vertex 18 -15.5 5
      vertex 18 -15.5 15
    endloop
  endfacet
  facet normal 0.065403129 0.997858923 0
    outer loop
      vertex 18.326315481 -15.521387847 5
      vertex 18 -15.5 15
      vertex 18.326315481 -15.521387847 15
    endloop
  endfacet
  facet normal -0.065403129 0.997858923 0
    outer loop
      vertex 18 -15.5 5
      vertex 17.673684519 -15.521387847 5
      vertex 17.673684519 -15.521387847 15
    endloop
  endfacet
  facet normal -0.065403129 0.997858923 0
    outer loop
      vertex 18 -15.5 5
      vertex 17.673684519 -15.521387847 15
      vertex 18 -15.5 15
    endloop
  endfacet
  facet normal -0.195090322 0.98078528 0
    outer loop
      vertex 17.673684519 -15.521387847 5
      vertex 17.352952387 -15.585185434 5
      vertex 17.352952387 -15.585185434 15
    endloop
  endfacet
  facet normal -0.195090322 0.98078528 0
    outer loop
      vertex 17.673684519 -15.521387847 5
      vertex 17.352952387 -15.585185434 15
      vertex 17.673684519 -15.521387847 15
    endloop
  endfacet
  facet normal -0.321439465 0.946930129 0
    outer loop
      vertex 17.352952387 -15.585185434 5
      vertex 17.043291419 -15.690301169 5
      vertex 17.043291419 -15.690301169 15
    endloop
  endfacet
  facet normal -0.321439465 0.946930129 0
    outer loop
      vertex 17.352952387 -15.585185434 5
      vertex 17.043291419 -15.690301169 15
      vertex 17.352952387 -15.585185434 15
    endloop
  endfacet
  facet normal -0.44228869 0.896872742 0
    outer loop
      vertex 17.043291419 -15.690301169 5
      vertex 16.75 -15.834936491 5
      vertex 16.75 -15.834936491 15
    endloop
  endfacet
  facet normal -0.44228869 0.896872742 0
    outer loop
      vertex 17.043291419 -15.690301169 5
      vertex 16.75 -15.834936491 15
      vertex 17.043291419 -15.690301169 15
    endloop
  endfacet
  facet normal -0.555570233 0.831469612 0
    outer loop
      vertex 16.75 -15.834936491 5
      vertex 16.478096427 -16.016616649 5
      vertex 16.478096427 -16.016616649 15
    endloop
  endfacet
  facet normal -0.555570233 0.831469612 0
    outer loop
      vertex 16.75 -15.834936491 5
      vertex 16.478096427 -16.016616649 15
      vertex 16.75 -15.834936491 15
    endloop
  endfacet
  facet normal -0.659345815 0.751839807 0
    outer loop
      vertex 16.478096427 -16.016616649 5
      vertex 16.232233047 -16.232233047 5
      vertex 16.232233047 -16.232233047 15
    endloop
  endfacet
  facet normal -0.659345815 0.751839807 0
    outer loop
      vertex 16.478096427 -16.016616649 5
      vertex 16.232233047 -16.232233047 15
      vertex 16.478096427 -16.016616649 15
    endloop
  endfacet
  facet normal -0.751839807 0.659345815 0
    outer loop
      vertex 16.232233047 -16.232233047 5
      vertex 16.016616649 -16.478096427 5
      vertex 16.016616649 -16.478096427 15
    endloop
  endfacet
  facet normal -0.751839807 0.659345815 0
    outer loop
      vertex 16.232233047 -16.232233047 5
      vertex 16.016616649 -16.478096427 15
      vertex 16.232233047 -16.232233047 15
    endloop
  endfacet
  facet normal -0.831469612 0.555570233 0
    outer loop
      vertex 16.016616649 -16.478096427 5
      vertex 15.834936491 -16.75 5
      vertex 15.834936491 -16.75 15
    endloop
  endfacet
  facet normal -0.831469612 0.555570233 0
    outer loop
      vertex 16.016616649 -16.478096427 5
      vertex 15.834936491 -16.75 15
      vertex 16.016616649 -16.478096427 15
    endloop
  endfacet
  facet normal -0.896872742 0.44228869 0
    outer loop
      vertex 15.834936491 -16.75 5
      vertex 15.690301169 -17.043291419 5
      vertex 15.690301169 -17.043291419 15
    endloop
  endfacet
  facet normal -0.896872742 0.44228869 0
    outer loop
      vertex 15.834936491 -16.75 5
      vertex 15.690301169 -17.043291419 15
      vertex 15.834936491 -16.75 15
    endloop
  endfacet
  facet normal -0.946930129 0.321439465 0
    outer loop
      vertex 15.690301169 -17.043291419 5
      vertex 15.585185434 -17.352952387 5
      vertex 15.585185434 -17.352952387 15
    endloop
  endfacet
  facet normal -0.946930129 0.321439465 0
    outer loop
      vertex 15.690301169 -17.043291419 5
      vertex 15.585185434 -17.352952387 15
      vertex 15.690301169 -17.043291419 15
    endloop
  endfacet
  facet normal -0.98078528 0.195090322 0
    outer loop
      vertex 15.585185434 -17.352952387 5
      vertex 15.521387847 -17.673684519 5
      vertex 15.521387847 -17.673684519 15
    endloop
  endfacet
  facet normal -0.98078528 0.195090322 0
    outer loop
      vertex 15.585185434 -17.352952387 5
      vertex 15.521387847 -17.673684519 15
      vertex 15.585185434 -17.352952387 15
    endloop
  endfacet
  facet normal -0.997858923 0.065403129 0
    outer loop
      vertex 15.521387847 -17.673684519 5
      vertex 15.5 -18 5
      vertex 15.5 -18 15
    endloop
  endfacet
  facet normal -0.997858923 0.065403129 0
    outer loop
      vertex 15.521387847 -17.673684519 5
      vertex 15.5 -18 15
      vertex 15.521387847 -17.673684519 15
    endloop
  endfacet
  facet normal -0.997858923 -0.065403129 0
    outer loop
      vertex 15.5 -18 5
      vertex 15.521387847 -18.326315481 5
      vertex 15.521387847 -18.326315481 15
    endloop
  endfacet
  facet normal -0.997858923 -0.065403129 0
    outer loop
      vertex 15.5 -18 5
      vertex 15.521387847 -18.326315481 15
      vertex 15.5 -18 15
    endloop
  endfacet
  facet normal -0.98078528 -0.195090322 0
    outer loop
      vertex 15.521387847 -18.326315481 5
      vertex 15.585185434 -18.647047613 5
      vertex 15.585185434 -18.647047613 15
    endloop
  endfacet
  facet normal -0.98078528 -0.195090322 0
    outer loop
      vertex 15.521387847 -18.326315481 5
      vertex 15.585185434 -18.647047613 15
      vertex 15.521387847 -18.326315481 15
    endloop
  endfacet
  facet normal -0.946930129 -0.321439465 0
    outer loop
      vertex 15.585185434 -18.647047613 5
      vertex 15.690301169 -18.956708581 5
      vertex 15.690301169 -18.956708581 15
    endloop
  endfacet
  facet normal -0.946930129 -0.321439465 0
    outer loop
      vertex 15.585185434 -18.647047613 5
      vertex 15.690301169 -18.956708581 15
      vertex 15.585185434 -18.647047613 15
    endloop
  endfacet
  facet normal -0.896872742 -0.44228869 0
    outer loop
      vertex 15.690301169 -18.956708581 5
      vertex 15.834936491 -19.25 5
      vertex 15.834936491 -19.25 15
    endloop
  endfacet
  facet normal -0.896872742 -0.44228869 0
    outer loop
      vertex 15.690301169 -18.956708581 5
      vertex 15.834936491 -19.25 15
      vertex 15.690301169 -18.956708581 15
    endloop
  endfacet
  facet normal -0.831469612 -0.555570233 0
    outer loop
      vertex 15.834936491 -19.25 5
      vertex 16.016616649 -19.521903573 5
      vertex 16.016616649 -19.521903573 15
    endloop
  endfacet
  facet normal -0.831469612 -0.555570233 0
    outer loop
      vertex 15.834936491 -19.25 5
      vertex 16.016616649 -19.521903573 15
      vertex 15.834936491 -19.25 15
    endloop
  endfacet
  facet normal -0.751839807 -0.659345815 0
    outer loop
      vertex 16.016616649 -19.521903573 5
      vertex 16.232233047 -19.767766953 5
      vertex 16.232233047 -19.767766953 15
    endloop
  endfacet
  facet normal -0.751839807 -0.659345815 0
    outer loop
      vertex 16.016616649 -19.521903573 5
      vertex 16.232233047 -19.767766953 15
      vertex 16.016616649 -19.521903573 15
    endloop
  endfacet
  facet normal -0.659345815 -0.751839807 0
    outer loop
      vertex 16.232233047 -19.767766953 5
      vertex 16.478096427 -19.983383351 5
      vertex 16.478096427 -19.983383351 15
    endloop
  endfacet
  facet normal -0.659345815 -0.751839807 0
    outer loop
      vertex 16.232233047 -19.767766953 5
      vertex 16.478096427 -19.983383351 15
      vertex 16.232233047 -19.767766953 15
    endloop
  endfacet
  facet normal -0.555570233 -0.831469612 0
    outer loop
      vertex 16.478096427 -19.983383351 5
      vertex 16.75 -20.165063509 5
      vertex 16.75 -20.165063509 15
    endloop
  endfacet
  facet normal -0.555570233 -0.831469612 0
    outer loop
      vertex 16.478096427 -19.983383351 5
      vertex 16.75 -20.165063509 15
      vertex 16.478096427 -19.983383351 15
    endloop
  endfacet
  facet normal -0.44228869 -0.896872742 0
    outer loop
      vertex 16.75 -20.165063509 5
      vertex 17.043291419 -20.309698831 5
      vertex 17.043291419 -20.309698831 15
    endloop
  endfacet
  facet normal -0.44228869 -0.896872742 0
    outer loop
      vertex 16.75 -20.165063509 5
      vertex 17.043291419 -20.309698831 15
      vertex 16.75 -20.165063509 15
    endloop
  endfacet
  facet normal -0.321439465 -0.946930129 0
    outer loop
      vertex 17.043291419 -20.309698831 5
      vertex 17.352952387 -20.414814566 5
      vertex 17.352952387 -20.414814566 15
    endloop
  endfacet
  facet normal -0.321439465 -0.946930129 0
    outer loop
      vertex 17.043291419 -20.309698831 5
      vertex 17.352952387 -20.414814566 15
      vertex 17.043291419 -20.309698831 15
    endloop
  endfacet
  facet normal -0.195090322 -0.98078528 0
    outer loop
      vertex 17.352952387 -20.414814566 5
      vertex 17.673684519 -20.478612153 5
      vertex 17.673684519 -20.478612153 15
    endloop
  endfacet
  facet normal -0.195090322 -0.98078528 0
    outer loop
      vertex 17.352952387 -20.414814566 5
      vertex 17.673684519 -20.478612153 15
      vertex 17.352952387 -20.414814566 15
    endloop
  endfacet
  facet normal -0.065403129 -0.997858923 0
    outer loop
      vertex 17.673684519 -20.478612153 5
      vertex 18 -20.5 5
      vertex 18 -20.5 15
    endloop
  endfacet
  facet normal -0.065403129 -0.997858923 0
    outer loop
      vertex 17.673684519 -20.478612153 5
      vertex 18 -20.5 15
      vertex 17.673684519 -20.478612153 15
    endloop
  endfacet
  facet normal 0.065403129 -0.997858923 0
    outer loop
      vertex 18 -20.5 5
      vertex 18.326315481 -20.478612153 5
      vertex 18.326315481 -20.478612153 15
    endloop
  endfacet
  facet normal 0.065403129 -0.997858923 0
    outer loop
      vertex 18 -20.5 5
      vertex 18.326315481 -20.478612153 15
      vertex 18 -20.5 15
    endloop
  endfacet
  facet normal 0.195090322 -0.98078528 0
    outer loop
      vertex 18.326315481 -20.478612153 5
      vertex 18.647047613 -20.414814566 5
      vertex 18.647047613 -20.414814566 15
    endloop
  endfacet
  facet normal 0.195090322 -0.98078528 0
    outer loop
      vertex 18.326315481 -20.478612153 5
      vertex 18.647047613 -20.414814566 15
      vertex 18.326315481 -20.478612153 15
    endloop
  endfacet
  facet normal 0.321439465 -0.946930129 0
    outer loop
      vertex 18.647047613 -20.414814566 5
      vertex 18.956708581 -20.309698831 5
      vertex 18.956708581 -20.309698831 15
    endloop
  endfacet
  facet normal 0.321439465 -0.946930129 0
    outer loop
      vertex 18.647047613 -20.414814566 5
      vertex 18.956708581 -20.309698831 15
      vertex 18.647047613 -20.414814566 15
    endloop
  endfacet
  facet normal 0.44228869 -0.896872742 0
    outer loop
      vertex 18.956708581 -20.309698831 5
      vertex 19.25 -20.165063509 5
      vertex 19.25 -20.165063509 15
    endloop
  endfacet
  facet normal 0.44228869 -0.896872742 0
    outer loop
      vertex 18.956708581 -20.309698831 5
      vertex 19.25 -20.165063509 15
      vertex 18.956708581 -20.309698831 15
    endloop
  endfacet
  facet normal 0.555570233 -0.831469612 0
    outer loop
      vertex 19.25 -20.165063509 5
      vertex 19.521903573 -19.983383351 5
      vertex 19.521903573 -19.983383351 15
    endloop
  endfacet
  facet normal 0.555570233 -0.831469612 0
    outer loop
      vertex 19.25 -20.165063509 5
      vertex 19.521903573 -19.983383351 15
      vertex 19.25 -20.165063509 15
    endloop
  endfacet
  facet normal 0.659345815 -0.751839807 0
    outer loop
      vertex 19.521903573 -19.983383351 5
      vertex 19.767766953 -19.767766953 5
      vertex 19.767766953 -19.767766953 15
    endloop
  endfacet
  facet normal 0.659345815 -0.751839807 0
    outer loop
      vertex 19.521903573 -19.983383351 5
      vertex 19.767766953 -19.767766953 15
      vertex 19.521903573 -19.983383351 15
    endloop
  endfacet
  facet normal 0.751839807 -0.659345815 0
    outer loop
      vertex 19.767766953 -19.767766953 5
      vertex 19.983383351 -19.521903573 5
      vertex 19.983383351 -19.521903573 15
    endloop
  endfacet
  facet normal 0.751839807 -0.659345815 0
    outer loop
      vertex 19.767766953 -19.767766953 5
      vertex 19.983383351 -19.521903573 15
      vertex 19.767766953 -19.767766953 15
    endloop
  endfacet
  facet normal 0.831469612 -0.555570233 0
    outer loop
      vertex 19.983383351 -19.521903573 5
      vertex 20.165063509 -19.25 5
      vertex 20.165063509 -19.25 15
    endloop
  endfacet
  facet normal 0.831469612 -0.555570233 0
    outer loop
      vertex 19.983383351 -19.521903573 5
      vertex 20.165063509 -19.25 15
      vertex 19.983383351 -19.521903573 15
    endloop
  endfacet
  facet normal 0.896872742 -0.44228869 0
    outer loop
      vertex 20.165063509 -19.25 5
      vertex 20.309698831 -18.956708581 5
      vertex 20.309698831 -18.956708581 15
    endloop
  endfacet
  facet normal 0.896872742 -0.44228869 0
    outer loop
      vertex 20.165063509 -19.25 5
      vertex 20.309698831 -18.956708581 15
      vertex 20.165063509 -19.25 15
    endloop
  endfacet
  facet normal 0.946930129 -0.321439465 0
    outer loop
      vertex 20.309698831 -18.956708581 5
      vertex 20.414814566 -18.647047613 5
      vertex 20.414814566 -18.647047613 15
    endloop
  endfacet
  facet normal 0.946930129 -0.321439465 0
    outer loop
      vertex 20.309698831 -18.956708581 5
      vertex 20.414814566 -18.647047613 15
      vertex 20.309698831 -18.956708581 15
    endloop
  endfacet
  facet normal 0.98078528 -0.195090322 0
    outer loop
      vertex 20.414814566 -18.647047613 5
      vertex 20.478612153 -18.326315481 5
      vertex 20.478612153 -18.326315481 15
    endloop
  endfacet
  facet normal 0.98078528 -0.195090322 0
    outer loop
      vertex 20.414814566 -18.647047613 5
      vertex 20.478612153 -18.326315481 15
      vertex 20.414814566 -18.647047613 15
    endloop
  endfacet
  facet normal 0 0 1
    outer loop
      vertex 20.414814566 -18.647047613 15
      vertex 20.478612153 -18.326315481 15
      vertex 20.5 -18 15
    endloop
  endfacet
  facet normal 0 0 1
    outer loop
      vertex 20.5 -18 15
      vertex 20.478612153 -17.673684519 15
      vertex 20.414814566 -17.352952387 15
    endloop
  endfacet
  facet normal 0 0 1
    outer loop
      vertex 20.414814566 -17.352952387 15
      vertex 20.309698831 -17.043291419 15
      vertex 20.165063509 -16.75 15
    endloop
  endfacet
  facet normal 0 0 1
    outer loop
      vertex 20.165063509 -16.75 15
      vertex 19.983383351 -16.478096427 15
      vertex 19.767766953 -16.232233047 15
    endloop
  endfacet
  facet normal 0 0 1
    outer loop
      vertex 19.767766953 -16.232233047 15
      vertex 19.521903573 -16.016616649 15
      vertex 19.25 -15.834936491 15
    endloop
  endfacet
  facet normal 0 0 1
    outer loop
      vertex 19.25 -15.834936491 15
      vertex 18.956708581 -15.690301169 15
      vertex 18.647047613 -15.585185434 15
    endloop
  endfacet
  facet normal 0 0 1
    outer loop
      vertex 18.647047613 -15.585185434 15
      vertex 18.326315481 -15.521387847 15
      vertex 18 -15.5 15
    endloop
  endfacet
  facet normal 0 0 1
    outer loop
      vertex 18 -15.5 15
      vertex 17.673684519 -15.521387847 15
      vertex 17.352952387 -15.585185434 15
    endloop
  endfacet
  facet normal 0 0 1
    outer loop
      vertex 17.352952387 -15.585185434 15
      vertex 17.043291419 -15.690301169 15
      vertex 16.75 -15.834936491 15
    endloop
  endfacet
  facet normal 0 0 1
    outer loop
      vertex 16.75 -15.834936491 15
      vertex 16.478096427 -16.016616649 15
      vertex 16.232233047 -16.232233047 15
    endloop
  endfacet
  facet normal 0 0 1
    outer loop
      vertex 16.232233047 -16.232233047 15
      vertex 16.016616649 -16.478096427 15
      vertex 15.834936491 -16.75 15
    endloop
  endfacet
  facet normal 0 0 1
    outer loop
      vertex 15.834936491 -16.75 15
      vertex 15.690301169 -17.043291419 15
      vertex 15.585185434 -17.352952387 15
    endloop
  endfacet
  facet normal 0 0 1
    outer loop
      vertex 15.585185434 -17.352952387 15
      vertex 15.521387847 -17.673684519 15
      vertex 15.5 -18 15
    endloop
  endfacet
  facet normal 0 0 1
    outer loop
      vertex 15.5 -18 15
      vertex 15.521387847 -18.326315481 15
      vertex 15.585185434 -18.647047613 15
    endloop
  endfacet
  facet normal 0 0 1
    outer loop
      vertex 15.585185434 -18.647047613 15
      vertex 15.690301169 -18.956708581 15
      vertex 15.834936491 -19.25 15
    endloop
  endfacet
  facet normal 0 0 1
    outer loop
      vertex 15.834936491 -19.25 15
      vertex 16.016616649 -19.521903573 15
      vertex 16.232233047 -19.767766953 15
    endloop
  endfacet
  facet normal 0 0 1
    outer loop
      vertex 16.232233047 -19.767766953 15
      vertex 16.478096427 -19.983383351 15
      vertex 16.75 -20.165063509 15
    endloop
  endfacet
  facet normal 0 0 1
    outer loop
      vertex 16.75 -20.165063509 15
      vertex 17.043291419 -20.309698831 15
      vertex 17.352952387 -20.414814566 15
    endloop
  endfacet
  facet normal 0 0 1
    outer loop
      vertex 17.352952387 -20.414814566 15
      vertex 17.673684519 -20.478612153 15
      vertex 18 -20.5 15
    endloop
  endfacet
  facet normal 0 0 1
    outer loop
      vertex 18 -20.5 15
      vertex 18.326315481 -20.478612153 15
      vertex 18.647047613 -20.414814566 15
    endloop
  endfacet
  facet normal 0 0 1
    outer loop
      vertex 18.647047613 -20.414814566 15
      vertex 18.956708581 -20.309698831 15
      vertex 19.25 -20.165063509 15
    endloop
  endfacet
  facet normal 0 0 1
    outer loop
      vertex 19.25 -20.165063509 15
      vertex 19.521903573 -19.983383351 15
      vertex 19.767766953 -19.767766953 15
    endloop
  endfacet
  facet normal 0 0 1
    outer loop
      vertex 19.767766953 -19.767766953 15
      vertex 19.983383351 -19.521903573 15
      vertex 20.165063509 -19.25 15
    endloop
  endfacet
  facet normal 0 0 1
    outer loop
      vertex 20.165063509 -19.25 15
      vertex 20.309698831 -18.956708581 15
      vertex 20.414814566 -18.647047613 15
    endloop
  endfacet
  facet normal 0 0 1
    outer loop
      vertex 20.414814566 -18.647047613 15
      vertex 20.5 -18 15
      vertex 20.414814566 -17.352952387 15
    endloop
  endfacet
  facet normal 0 0 1
    outer loop
      vertex 20.414814566 -17.352952387 15
      vertex 20.165063509 -16.75 15
      vertex 19.767766953 -16.232233047 15
    endloop
  endfacet
  facet normal 0 0 1
    outer loop
      vertex 19.767766953 -16.232233047 15
      vertex 19.25 -15.834936491 15
      vertex 18.647047613 -15.585185434 15
    endloop
  endfacet
  facet normal 0 0 1
    outer loop
      vertex 18.647047613 -15.585185434 15
      vertex 18 -15.5 15
      vertex 17.352952387 -15.585185434 15
    endloop
  endfacet
  facet normal 0 0 1
    outer loop
      vertex 17.352952387 -15.585185434 15
      vertex 16.75 -15.834936491 15
      vertex 16.232233047 -16.232233047 15
    endloop
  endfacet
  facet normal 0 0 1
    outer loop
      vertex 16.232233047 -16.232233047 15
      vertex 15.834936491 -16.75 15
      vertex 15.585185434 -17.352952387 15
    endloop
  endfacet
  facet normal 0 0 1
    outer loop
      vertex 15.585185434 -17.352952387 15
      vertex 15.5 -18 15
      vertex 15.585185434 -18.647047613 15
    endloop
  endfacet
  facet normal 0 0 1
    outer loop
      vertex 15.585185434 -18.647047613 15
      vertex 15.834936491 -19.25 15
      vertex 16.232233047 -19.767766953 15
    endloop
  endfacet
  facet normal 0 0 1
    outer loop
      vertex 16.232233047 -19.767766953 15
      vertex 16.75 -20.165063509 15
      vertex 17.352952387 -20.414814566 15
    endloop
  endfacet
  facet normal 0 0 1
    outer loop
      vertex 17.352952387 -20.414814566 15
      vertex 18 -20.5 15
      vertex 18.647047613 -20.414814566 15
    endloop
  endfacet
  facet normal 0 0 1
    outer loop
      vertex 18.647047613 -20.414814566 15
      vertex 19.25 -20.165063509 15
      vertex 19.767766953 -19.767766953 15
    endloop
  endfacet
  facet normal 0 0 1
    outer loop
      vertex 19.767766953 -19.767766953 15
      vertex 20.165063509 -19.25 15
      vertex 20.414814566 -18.647047613 15
    endloop
  endfacet
  facet normal 0 0 1
    outer loop
      vertex 20.414814566 -18.647047613 15
      vertex 20.414814566 -17.352952387 15
      vertex 19.767766953 -16.232233047 15
    endloop
  endfacet
  facet normal 0 0 1
    outer loop
      vertex 19.767766953 -16.232233047 15
      vertex 18.647047613 -15.585185434 15
      vertex 17.352952387 -15.585185434 15
    endloop
  endfacet
  facet normal 0 0 1
    outer loop
      vertex 17.352952387 -15.585185434 15
      vertex 16.232233047 -16.232233047 15
      vertex 15.585185434 -17.352952387 15
    endloop
  endfacet
  facet normal 0 0 1
    outer loop
      vertex 15.585185434 -17.352952387 15
      vertex 15.585185434 -18.647047613 15
      vertex 16.232233047 -19.767766953 15
    endloop
  endfacet
  facet normal 0 0 1
    outer loop
      vertex 16.232233047 -19.767766953 15
      vertex 17.352952387 -20.414814566 15
      vertex 18.647047613 -20.414814566 15
    endloop
  endfacet
  facet normal 0 0 1
    outer loop
      vertex 18.647047613 -20.414814566 15
      vertex 19.767766953 -19.767766953 15
      vertex 20.414814566 -18.647047613 15
    endloop
  endfacet
  facet normal 0 0 1
    outer loop
      vertex 20.414814566 -18.647047613 15
      vertex 19.767766953 -16.232233047 15
      vertex 17.352952387 -15.585185434 15
    endloop
  endfacet
  facet normal 0 0 1
    outer loop
      vertex 17.352952387 -15.585185434 15
      vertex 15.585185434 -17.352952387 15
      vertex 16.232233047 -19.767766953 15
    endloop
  endfacet
  facet normal 0 0 1
    outer loop
      vertex 16.232233047 -19.767766953 15
      vertex 18.647047613 -20.414814566 15
      vertex 20.414814566 -18.647047613 15
    endloop
  endfacet
  facet normal 0 0 1
    outer loop
      vertex 20.414814566 -18.647047613 15
      vertex 17.352952387 -15.585185434 15
      vertex 16.232233047 -19.767766953 15
    endloop
  endfacet
  facet normal 0 0 -1
    outer loop
      vertex 20.5 -18 5
      vertex 20.478612153 -18.326315481 5
      vertex 20.414814566 -18.647047613 5
    endloop
  endfacet
  facet normal 0 0 -1
    outer loop
      vertex 20.414814566 -17.352952387 5
      vertex 20.478612153 -17.673684519 5
      vertex 20.5 -18 5
    endloop
  endfacet
  facet normal 0 0 -1
    outer loop
      vertex 20.165063509 -16.75 5
      vertex 20.309698831 -17.043291419 5
      vertex 20.414814566 -17.352952387 5
    endloop
  endfacet
  facet normal 0 0 -1
    outer loop
      vertex 19.767766953 -16.232233047 5
      vertex 19.983383351 -16.478096427 5
      vertex 20.165063509 -16.75 5
    endloop
  endfacet
  facet normal 0 0 -1
    outer loop
      vertex 19.25 -15.834936491 5
      vertex 19.521903573 -16.016616649 5
      vertex 19.767766953 -16.232233047 5
    endloop
  endfacet
  facet normal 0 0 -1
    outer loop
      vertex 18.647047613 -15.585185434 5
      vertex 18.956708581 -15.690301169 5
      vertex 19.25 -15.834936491 5
    endloop
  endfacet
  facet normal 0 0 -1
    outer loop
      vertex 18 -15.5 5
      vertex 18.326315481 -15.521387847 5
      vertex 18.647047613 -15.585185434 5
    endloop
  endfacet
  facet normal 0 0 -1
    outer loop
      vertex 17.352952387 -15.585185434 5
      vertex 17.673684519 -15.521387847 5
      vertex 18 -15.5 5
    endloop
  endfacet
  facet normal 0 0 -1
    outer loop
      vertex 16.75 -15.834936491 5
      vertex 17.043291419 -15.690301169 5
      vertex 17.352952387 -15.585185434 5
    endloop
  endfacet
  facet normal 0 0 -1
    outer loop
      vertex 16.232233047 -16.232233047 5
      vertex 16.478096427 -16.016616649 5
      vertex 16.75 -15.834936491 5
    endloop
  endfacet
  facet normal 0 0 -1
    outer loop
      vertex 15.834936491 -16.75 5
      vertex 16.016616649 -16.478096427 5
      vertex 16.232233047 -16.232233047 5
    endloop
  endfacet
  facet normal 0 0 -1
    outer loop
      vertex 15.585185434 -17.352952387 5
      vertex 15.690301169 -17.043291419 5
      vertex 15.834936491 -16.75 5
    endloop
  endfacet
  facet normal 0 0 -1
    outer loop
      vertex 15.5 -18 5
      vertex 15.521387847 -17.673684519 5
      vertex 15.585185434 -17.352952387 5
    endloop
  endfacet
  facet normal 0 0 -1
    outer loop
      vertex 15.585185434 -18.647047613 5
      vertex 15.521387847 -18.326315481 5
      vertex 15.5 -18 5
    endloop
  endfacet
  facet normal 0 0 -1
    outer loop
      vertex 15.834936491 -19.25 5
      vertex 15.690301169 -18.956708581 5
      vertex 15.585185434 -18.647047613 5
    endloop
  endfacet
  facet normal 0 0 -1
    outer loop
      vertex 16.232233047 -19.767766953 5
      vertex 16.016616649 -19.521903573 5
      vertex 15.834936491 -19.25 5
    endloop
  endfacet
  facet normal 0 0 -1
    outer loop
      vertex 16.75 -20.165063509 5
      vertex 16.478096427 -19.983383351 5
      vertex 16.232233047 -19.767766953 5
    endloop
  endfacet
  facet normal 0 0 -1
    outer loop
      vertex 17.352952387 -20.414814566 5
      vertex 17.043291419 -20.309698831 5
      vertex 16.75 -20.165063509 5
    endloop
  endfacet
  facet normal 0 0 -1
    outer loop
      vertex 18 -20.5 5
      vertex 17.673684519 -20.478612153 5
      vertex 17.352952387 -20.414814566 5
    endloop
  endfacet
  facet normal 0 0 -1
    outer loop
      vertex 18.647047613 -20.414814566 5
      vertex 18.326315481 -20.478612153 5
      vertex 18 -20.5 5
    endloop
  endfacet
  facet normal 0 0 -1
    outer loop
      vertex 19.25 -20.165063509 5
      vertex 18.956708581 -20.309698831 5
      vertex 18.647047613 -20.414814566 5
    endloop
  endfacet
  facet normal 0 0 -1
    outer loop
      vertex 19.767766953 -19.767766953 5
      vertex 19.521903573 -19.983383351 5
      vertex 19.25 -20.165063509 5
    endloop
  endfacet
  facet normal 0 0 -1
    outer loop
      vertex 20.165063509 -19.25 5
      vertex 19.983383351 -19.521903573 5
      vertex 19.767766953 -19.767766953 5
    endloop
  endfacet
  facet normal 0 0 -1
    outer loop
      vertex 20.414814566 -18.647047613 5
      vertex 20.309698831 -18.956708581 5
      vertex 20.165063509 -19.25 5
    endloop
  endfacet
  facet normal 0 0 -1
    outer loop
      vertex 20.414814566 -17.352952387 5
      vertex 20.5 -18 5
      vertex 20.414814566 -18.647047613 5
    endloop
  endfacet
  facet normal 0 0 -1
    outer loop
      vertex 19.767766953 -16.232233047 5
      vertex 20.165063509 -16.75 5
      vertex 20.414814566 -17.352952387 5
    endloop
  endfacet
  facet normal 0 0 -1
    outer loop
      vertex 18.647047613 -15.585185434 5
      vertex 19.25 -15.834936491 5
      vertex 19.767766953 -16.232233047 5
    endloop
  endfacet
  facet normal 0 0 -1
    outer loop
      vertex 17.352952387 -15.585185434 5
      vertex 18 -15.5 5
      vertex 18.647047613 -15.585185434 5
    endloop
  endfacet
  facet normal 0 0 -1
    outer loop
      vertex 16.232233047 -16.232233047 5
      vertex 16.75 -15.834936491 5
      vertex 17.352952387 -15.585185434 5
    endloop
  endfacet
  facet normal 0 0 -1
    outer loop
      vertex 15.585185434 -17.352952387 5
      vertex 15.834936491 -16.75 5
      vertex 16.232233047 -16.232233047 5
    endloop
  endfacet
  facet normal 0 0 -1
    outer loop
      vertex 15.585185434 -18.647047613 5
      vertex 15.5 -18 5
      vertex 15.585185434 -17.352952387 5
    endloop
  endfacet
  facet normal 0 0 -1
    outer loop
      vertex 16.232233047 -19.767766953 5
      vertex 15.834936491 -19.25 5
      vertex 15.585185434 -18.647047613 5
    endloop
  endfacet
  facet normal 0 0 -1
    outer loop
      vertex 17.352952387 -20.414814566 5
      vertex 16.75 -20.165063509 5
      vertex 16.232233047 -19.767766953 5
    endloop
  endfacet
  facet normal 0 0 -1
    outer loop
      vertex 18.647047613 -20.414814566 5
      vertex 18 -20.5 5
      vertex 17.352952387 -20.414814566 5
    endloop
  endfacet
  facet normal 0 0 -1
    outer loop
      vertex 19.767766953 -19.767766953 5
      vertex 19.25 -20.165063509 5
      vertex 18.647047613 -20.414814566 5
    endloop
  endfacet
  facet normal 0 0 -1
    outer loop
      vertex 20.414814566 -18.647047613 5
      vertex 20.165063509 -19.25 5
      vertex 19.767766953 -19.767766953 5
    endloop
  endfacet
  facet normal 0 0 -1
    outer loop
      vertex 19.767766953 -16.232233047 5
      vertex 20.414814566 -17.352952387 5
      vertex 20.414814566 -18.647047613 5
    endloop
  endfacet
  facet normal 0 0 -1
    outer loop
      vertex 17.352952387 -15.585185434 5
      vertex 18.647047613 -15.585185434 5
      vertex 19.767766953 -16.232233047 5
    endloop
  endfacet
  facet normal 0 0 -1
    outer loop
      vertex 15.585185434 -17.352952387 5
      vertex 16.232233047 -16.232233047 5
      vertex 17.352952387 -15.585185434 5
    endloop
  endfacet
  facet normal 0 0 -1
    outer loop
      vertex 16.232233047 -19.767766953 5
      vertex 15.585185434 -18.647047613 5
      vertex 15.585185434 -17.352952387 5
    endloop
  endfacet
  facet normal 0 0 -1
    outer loop
      vertex 18.647047613 -20.414814566 5
      vertex 17.352952387 -20.414814566 5
      vertex 16.232233047 -19.767766953 5
    endloop
  endfacet
  facet normal 0 0 -1
    outer loop
      vertex 20.414814566 -18.647047613 5
      vertex 19.767766953 -19.767766953 5
      vertex 18.647047613 -20.414814566 5
    endloop
  endfacet
  facet normal 0 0 -1
    outer loop
      vertex 17.352952387 -15.585185434 5
      vertex 19.767766953 -16.232233047 5
      vertex 20.414814566 -18.647047613 5
    endloop
  endfacet
  facet normal 0 0 -1
    outer loop
      vertex 16.232233047 -19.767766953 5
      vertex 15.585185434 -17.352952387 5
      vertex 17.352952387 -15.585185434 5
    endloop
  endfacet
  facet normal 0 0 -1
    outer loop
      vertex 20.414814566 -18.647047613 5
      vertex 18.647047613 -20.414814566 5
      vertex 16.232233047 -19.767766953 5
    endloop
  endfacet
  facet normal 0 0 -1
    outer loop
      vertex 16.232233047 -19.767766953 5
      vertex 17.352952387 -15.585185434 5
      vertex 20.414814566 -18.647047613 5
    endloop
  endfacet
  facet normal 0.997858923 -0.065403129 0
    outer loop
      vertex -15.521387847 -18.326315481 5
      vertex -15.5 -18 5
      vertex -15.5 -18 15
    endloop
  endfacet
  facet normal 0.997858923 -0.065403129 0
    outer loop
      vertex -15.521387847 -18.326315481 5
      vertex -15.5 -18 15
      vertex -15.521387847 -18.326315481 15
    endloop
  endfacet
  facet normal 0.997858923 0.065403129 0
    outer loop
      vertex -15.5 -18 5
      vertex -15.521387847 -17.673684519 5
      vertex -15.521387847 -17.673684519 15
    endloop
  endfacet
  facet normal 0.997858923 0.065403129 0
    outer loop
      vertex -15.5 -18 5
      vertex -15.521387847 -17.673684519 15
      vertex -15.5 -18 15
    endloop
  endfacet
  facet normal 0.98078528 0.195090322 0
    outer loop
      vertex -15.521387847 -17.673684519 5
      vertex -15.585185434 -17.352952387 5
      vertex -15.585185434 -17.352952387 15
    endloop
  endfacet
  facet normal 0.98078528 0.195090322 0
    outer loop
      vertex -15.521387847 -17.673684519 5
      vertex -15.585185434 -17.352952387 15
      vertex -15.521387847 -17.673684519 15
    endloop
  endfacet
  facet normal 0.946930129 0.321439465 0
    outer loop
      vertex -15.585185434 -17.352952387 5
      vertex -15.690301169 -17.043291419 5
      vertex -15.690301169 -17.043291419 15
    endloop
  endfacet
  facet normal 0.946930129 0.321439465 0
    outer loop
      vertex -15.585185434 -17.352952387 5
      vertex -15.690301169 -17.043291419 15
      vertex -15.585185434 -17.352952387 15
    endloop
  endfacet
  facet normal 0.896872742 0.44228869 0
    outer loop
      vertex -15.690301169 -17.043291419 5
      vertex -15.834936491 -16.75 5
      vertex -15.834936491 -16.75 15
    endloop
  endfacet
  facet normal 0.896872742 0.44228869 0
    outer loop
      vertex -15.690301169 -17.043291419 5
      vertex -15.834936491 -16.75 15
      vertex -15.690301169 -17.043291419 15
    endloop
  endfacet
  facet normal 0.831469612 0.555570233 0
    outer loop
      vertex -15.834936491 -16.75 5
      vertex -16.016616649 -16.478096427 5
      vertex -16.016616649 -16.478096427 15
    endloop
  endfacet
  facet normal 0.831469612 0.555570233 0
    outer loop
      vertex -15.834936491 -16.75 5
      vertex -16.016616649 -16.478096427 15
      vertex -15.834936491 -16.75 15
    endloop
  endfacet
  facet normal 0.751839807 0.659345815 0
    outer loop
      vertex -16.016616649 -16.478096427 5
      vertex -16.232233047 -16.232233047 5
      vertex -16.232233047 -16.232233047 15
    endloop
  endfacet
  facet normal 0.751839807 0.659345815 0
    outer loop
      vertex -16.016616649 -16.478096427 5
      vertex -16.232233047 -16.232233047 15
      vertex -16.016616649 -16.478096427 15
    endloop
  endfacet
  facet normal 0.659345815 0.751839807 0
    outer loop
      vertex -16.232233047 -16.232233047 5
      vertex -16.478096427 -16.016616649 5
      vertex -16.478096427 -16.016616649 15
    endloop
  endfacet
  facet normal 0.659345815 0.751839807 0
    outer loop
      vertex -16.232233047 -16.232233047 5
      vertex -16.478096427 -16.016616649 15
      vertex -16.232233047 -16.232233047 15
    endloop
  endfacet
  facet normal 0.555570233 0.831469612 0
    outer loop
      vertex -16.478096427 -16.016616649 5
      vertex -16.75 -15.834936491 5
      vertex -16.75 -15.834936491 15
    endloop
  endfacet
  facet normal 0.555570233 0.831469612 0
    outer loop
      vertex -16.478096427 -16.016616649 5
      vertex -16.75 -15.834936491 15
      vertex -16.478096427 -16.016616649 15
    endloop
  endfacet
  facet normal 0.44228869 0.896872742 0
    outer loop
      vertex -16.75 -15.834936491 5
      vertex -17.043291419 -15.690301169 5
      vertex -17.043291419 -15.690301169 15
    endloop
  endfacet
  facet normal 0.44228869 0.896872742 0
    outer loop
      vertex -16.75 -15.834936491 5
      vertex -17.043291419 -15.690301169 15
      vertex -16.75 -15.834936491 15
    endloop
  endfacet
  facet normal 0.321439465 0.946930129 0
    outer loop
      vertex -17.043291419 -15.690301169 5
      vertex -17.352952387 -15.585185434 5
      vertex -17.352952387 -15.585185434 15
    endloop
  endfacet
  facet normal 0.321439465 0.946930129 0
    outer loop
      vertex -17.043291419 -15.690301169 5
      vertex -17.352952387 -15.585185434 15
      vertex -17.043291419 -15.690301169 15
    endloop
  endfacet
  facet normal 0.195090322 0.98078528 0
    outer loop
      vertex -17.352952387 -15.585185434 5
      vertex -17.673684519 -15.521387847 5
      vertex -17.673684519 -15.521387847 15
    endloop
  endfacet
  facet normal 0.195090322 0.98078528 0
    outer loop
      vertex -17.352952387 -15.585185434 5
      vertex -17.673684519 -15.521387847 15
      vertex -17.352952387 -15.585185434 15
    endloop
  endfacet
  facet normal 0.065403129 0.997858923 0
    outer loop
      vertex -17.673684519 -15.521387847 5
      vertex -18 -15.5 5
      vertex -18 -15.5 15
    endloop
  endfacet
  facet normal 0.065403129 0.997858923 0
    outer loop
      vertex -17.673684519 -15.521387847 5
      vertex -18 -15.5 15
      vertex -17.673684519 -15.521387847 15
    endloop
  endfacet
  facet normal -0.065403129 0.997858923 0
    outer loop
      vertex -18 -15.5 5
      vertex -18.326315481 -15.521387847 5
      vertex -18.326315481 -15.521387847 15
    endloop
  endfacet
  facet normal -0.065403129 0.997858923 0
    outer loop
      vertex -18 -15.5 5
      vertex -18.326315481 -15.521387847 15
      vertex -18 -15.5 15
    endloop
  endfacet
  facet normal -0.195090322 0.98078528 0
    outer loop
      vertex -18.326315481 -15.521387847 5
      vertex -18.647047613 -15.585185434 5
      vertex -18.647047613 -15.585185434 15
    endloop
  endfacet
  facet normal -0.195090322 0.98078528 0
    outer loop
      vertex -18.326315481 -15.521387847 5
      vertex -18.647047613 -15.585185434 15
      vertex -18.326315481 -15.521387847 15
    endloop
  endfacet
  facet normal -0.321439465 0.946930129 0
    outer loop
      vertex -18.647047613 -15.585185434 5
      vertex -18.956708581 -15.690301169 5
      vertex -18.956708581 -15.690301169 15
    endloop
  endfacet
  facet normal -0.321439465 0.946930129 0
    outer loop
      vertex -18.647047613 -15.585185434 5
      vertex -18.956708581 -15.690301169 15
      vertex -18.647047613 -15.585185434 15
    endloop
  endfacet
  facet normal -0.44228869 0.896872742 0
    outer loop
      vertex -18.956708581 -15.690301169 5
      vertex -19.25 -15.834936491 5
      vertex -19.25 -15.834936491 15
    endloop
  endfacet
  facet normal -0.44228869 0.896872742 0
    outer loop
      vertex -18.956708581 -15.690301169 5
      vertex -19.25 -15.834936491 15
      vertex -18.956708581 -15.690301169 15
    endloop
  endfacet
  facet normal -0.555570233 0.831469612 0
    outer loop
      vertex -19.25 -15.834936491 5
      vertex -19.521903573 -16.016616649 5
      vertex -19.521903573 -16.016616649 15
    endloop
  endfacet
  facet normal -0.555570233 0.831469612 0
    outer loop
      vertex -19.25 -15.834936491 5
      vertex -19.521903573 -16.016616649 15
      vertex -19.25 -15.834936491 15
    endloop
  endfacet
  facet normal -0.659345815 0.751839807 0
    outer loop
      vertex -19.521903573 -16.016616649 5
      vertex -19.767766953 -16.232233047 5
      vertex -19.767766953 -16.232233047 15
    endloop
  endfacet
  facet normal -0.659345815 0.751839807 0
    outer loop
      vertex -19.521903573 -16.016616649 5
      vertex -19.767766953 -16.232233047 15
      vertex -19.521903573 -16.016616649 15
    endloop
  endfacet
  facet normal -0.751839807 0.659345815 0
    outer loop
      vertex -19.767766953 -16.232233047 5
      vertex -19.983383351 -16.478096427 5
      vertex -19.983383351 -16.478096427 15
    endloop
  endfacet
  facet normal -0.751839807 0.659345815 0
    outer loop
      vertex -19.767766953 -16.232233047 5
      vertex -19.983383351 -16.478096427 15
      vertex -19.767766953 -16.232233047 15
    endloop
  endfacet
  facet normal -0.831469612 0.555570233 0
    outer loop
      vertex -19.983383351 -16.478096427 5
      vertex -20.165063509 -16.75 5
      vertex -20.165063509 -16.75 15
    endloop
  endfacet
  facet normal -0.831469612 0.555570233 0
    outer loop
      vertex -19.983383351 -16.478096427 5
      vertex -20.165063509 -16.75 15
      vertex -19.983383351 -16.478096427 15
    endloop
  endfacet
  facet normal -0.896872742 0.44228869 0
    outer loop
      vertex -20.165063509 -16.75 5
      vertex -20.309698831 -17.043291419 5
      vertex -20.309698831 -17.043291419 15
    endloop
  endfacet
  facet normal -0.896872742 0.44228869 0
    outer loop
      vertex -20.165063509 -16.75 5
      vertex -20.309698831 -17.043291419 15
      vertex -20.165063509 -16.75 15
    endloop
  endfacet
  facet normal -0.946930129 0.321439465 0
    outer loop
      vertex -20.309698831 -17.043291419 5
      vertex -20.414814566 -17.352952387 5
      vertex -20.414814566 -17.352952387 15
    endloop
  endfacet
  facet normal -0.946930129 0.321439465 0
    outer loop
      vertex -20.309698831 -17.043291419 5
      vertex -20.414814566 -17.352952387 15
      vertex -20.309698831 -17.043291419 15
    endloop
  endfacet
  facet normal -0.98078528 0.195090322 0
    outer loop
      vertex -20.414814566 -17.352952387 5
      vertex -20.478612153 -17.673684519 5
      vertex -20.478612153 -17.673684519 15
    endloop
  endfacet
  facet normal -0.98078528 0.195090322 0
    outer loop
      vertex -20.414814566 -17.352952387 5
      vertex -20.478612153 -17.673684519 15
      vertex -20.414814566 -17.352952387 15
    endloop
  endfacet
  facet normal -0.997858923 0.065403129 0
    outer loop
      vertex -20.478612153 -17.673684519 5
      vertex -20.5 -18 5
      vertex -20.5 -18 15
    endloop
  endfacet
  facet normal -0.997858923 0.065403129 0
    outer loop
      vertex -20.478612153 -17.673684519 5
      vertex -20.5 -18 15
      vertex -20.478612153 -17.673684519 15
    endloop
  endfacet
  facet normal -0.997858923 -0.065403129 0
    outer loop
      vertex -20.5 -18 5
      vertex -20.478612153 -18.326315481 5
      vertex -20.478612153 -18.326315481 15
    endloop
  endfacet
  facet normal -0.997858923 -0.065403129 0
    outer loop
      vertex -20.5 -18 5
      vertex -20.478612153 -18.326315481 15
      vertex -20.5 -18 15
    endloop
  endfacet
  facet normal -0.98078528 -0.195090322 0
    outer loop
      vertex -20.478612153 -18.326315481 5
      vertex -20.414814566 -18.647047613 5
      vertex -20.414814566 -18.647047613 15
    endloop
  endfacet
  facet normal -0.98078528 -0.195090322 0
    outer loop
      vertex -20.478612153 -18.326315481 5
      vertex -20.414814566 -18.647047613 15
      vertex -20.478612153 -18.326315481 15
    endloop
  endfacet
  facet normal -0.946930129 -0.321439465 0
    outer loop
      vertex -20.414814566 -18.647047613 5
      vertex -20.309698831 -18.956708581 5
      vertex -20.309698831 -18.956708581 15
    endloop
  endfacet
  facet normal -0.946930129 -0.321439465 0
    outer loop
      vertex -20.414814566 -18.647047613 5
      vertex -20.309698831 -18.956708581 15
      vertex -20.414814566 -18.647047613 15
    endloop
  endfacet
  facet normal -0.896872742 -0.44228869 0
    outer loop
      vertex -20.309698831 -18.956708581 5
      vertex -20.165063509 -19.25 5
      vertex -20.165063509 -19.25 15
    endloop
  endfacet
  facet normal -0.896872742 -0.44228869 0
    outer loop
      vertex -20.309698831 -18.956708581 5
      vertex -20.165063509 -19.25 15
      vertex -20.309698831 -18.956708581 15
    endloop
  endfacet
  facet normal -0.831469612 -0.555570233 0
    outer loop
      vertex -20.165063509 -19.25 5
      vertex -19.983383351 -19.521903573 5
      vertex -19.983383351 -19.521903573 15
    endloop
  endfacet
  facet normal -0.831469612 -0.555570233 0
    outer loop
      vertex -20.165063509 -19.25 5
      vertex -19.983383351 -19.521903573 15
      vertex -20.165063509 -19.25 15
    endloop
  endfacet
  facet normal -0.751839807 -0.659345815 0
    outer loop
      vertex -19.983383351 -19.521903573 5
      vertex -19.767766953 -19.767766953 5
      vertex -19.767766953 -19.767766953 15
    endloop
  endfacet
  facet normal -0.751839807 -0.659345815 0
    outer loop
      vertex -19.983383351 -19.521903573 5
      vertex -19.767766953 -19.767766953 15
      vertex -19.983383351 -19.521903573 15
    endloop
  endfacet
  facet normal -0.659345815 -0.751839807 0
    outer loop
      vertex -19.767766953 -19.767766953 5
      vertex -19.521903573 -19.983383351 5
      vertex -19.521903573 -19.983383351 15
    endloop
  endfacet
  facet normal -0.659345815 -0.751839807 0
    outer loop
      vertex -19.767766953 -19.767766953 5
      vertex -19.521903573 -19.983383351 15
      vertex -19.767766953 -19.767766953 15
    endloop
  endfacet
  facet normal -0.555570233 -0.831469612 0
    outer loop
      vertex -19.521903573 -19.983383351 5
      vertex -19.25 -20.165063509 5
      vertex -19.25 -20.165063509 15
    endloop
  endfacet
  facet normal -0.555570233 -0.831469612 0
    outer loop
      vertex -19.521903573 -19.983383351 5
      vertex -19.25 -20.165063509 15
      vertex -19.521903573 -19.983383351 15
    endloop
  endfacet
  facet normal -0.44228869 -0.896872742 0
    outer loop
      vertex -19.25 -20.165063509 5
      vertex -18.956708581 -20.309698831 5
      vertex -18.956708581 -20.309698831 15
    endloop
  endfacet
  facet normal -0.44228869 -0.896872742 0
    outer loop
      vertex -19.25 -20.165063509 5
      vertex -18.956708581 -20.309698831 15
      vertex -19.25 -20.165063509 15
    endloop
  endfacet
  facet normal -0.321439465 -0.946930129 0
    outer loop
      vertex -18.956708581 -20.309698831 5
      vertex -18.647047613 -20.414814566 5
      vertex -18.647047613 -20.414814566 15
    endloop
  endfacet
  facet normal -0.321439465 -0.946930129 0
    outer loop
      vertex -18.956708581 -20.309698831 5
      vertex -18.647047613 -20.414814566 15
      vertex -18.956708581 -20.309698831 15
    endloop
  endfacet
  facet normal -0.195090322 -0.98078528 0
    outer loop
      vertex -18.647047613 -20.414814566 5
      vertex -18.326315481 -20.478612153 5
      vertex -18.326315481 -20.478612153 15
    endloop
  endfacet
  facet normal -0.195090322 -0.98078528 0
    outer loop
      vertex -18.647047613 -20.414814566 5
      vertex -18.326315481 -20.478612153 15
      vertex -18.647047613 -20.414814566 15
    endloop
  endfacet
  facet normal -0.065403129 -0.997858923 0
    outer loop
      vertex -18.326315481 -20.478612153 5
      vertex -18 -20.5 5
      vertex -18 -20.5 15
    endloop
  endfacet
  facet normal -0.065403129 -0.997858923 0
    outer loop
      vertex -18.326315481 -20.478612153 5
      vertex -18 -20.5 15
      vertex -18.326315481 -20.478612153 15
    endloop
  endfacet
  facet normal 0.065403129 -0.997858923 0
    outer loop
      vertex -18 -20.5 5
      vertex -17.673684519 -20.478612153 5
      vertex -17.673684519 -20.478612153 15
    endloop
  endfacet
  facet normal 0.065403129 -0.997858923 0
    outer loop
      vertex -18 -20.5 5
      vertex -17.673684519 -20.478612153 15
      vertex -18 -20.5 15
    endloop
  endfacet
  facet normal 0.195090322 -0.98078528 0
    outer loop
      vertex -17.673684519 -20.478612153 5
      vertex -17.352952387 -20.414814566 5
      vertex -17.352952387 -20.414814566 15
    endloop
  endfacet
  facet normal 0.195090322 -0.98078528 0
    outer loop
      vertex -17.673684519 -20.478612153 5
      vertex -17.352952387 -20.414814566 15
      vertex -17.673684519 -20.478612153 15
    endloop
  endfacet
  facet normal 0.321439465 -0.946930129 0
    outer loop
      vertex -17.352952387 -20.414814566 5
      vertex -17.043291419 -20.309698831 5
      vertex -17.043291419 -20.309698831 15
    endloop
  endfacet
  facet normal 0.321439465 -0.946930129 0
    outer loop
      vertex -17.352952387 -20.414814566 5
      vertex -17.043291419 -20.309698831 15
      vertex -17.352952387 -20.414814566 15
    endloop
  endfacet
  facet normal 0.44228869 -0.896872742 0
    outer loop
      vertex -17.043291419 -20.309698831 5
      vertex -16.75 -20.165063509 5
      vertex -16.75 -20.165063509 15
    endloop
  endfacet
  facet normal 0.44228869 -0.896872742 0
    outer loop
      vertex -17.043291419 -20.309698831 5
      vertex -16.75 -20.165063509 15
      vertex -17.043291419 -20.309698831 15
    endloop
  endfacet
  facet normal 0.555570233 -0.831469612 0
    outer loop
      vertex -16.75 -20.165063509 5
      vertex -16.478096427 -19.983383351 5
      vertex -16.478096427 -19.983383351 15
    endloop
  endfacet
  facet normal 0.555570233 -0.831469612 0
    outer loop
      vertex -16.75 -20.165063509 5
      vertex -16.478096427 -19.983383351 15
      vertex -16.75 -20.165063509 15
    endloop
  endfacet
  facet normal 0.659345815 -0.751839807 0
    outer loop
      vertex -16.478096427 -19.983383351 5
      vertex -16.232233047 -19.767766953 5
      vertex -16.232233047 -19.767766953 15
    endloop
  endfacet
  facet normal 0.659345815 -0.751839807 0
    outer loop
      vertex -16.478096427 -19.983383351 5
      vertex -16.232233047 -19.767766953 15
      vertex -16.478096427 -19.983383351 15
    endloop
  endfacet
  facet normal 0.751839807 -0.659345815 0
    outer loop
      vertex -16.232233047 -19.767766953 5
      vertex -16.016616649 -19.521903573 5
      vertex -16.016616649 -19.521903573 15
    endloop
  endfacet
  facet normal 0.751839807 -0.659345815 0
    outer loop
      vertex -16.232233047 -19.767766953 5
      vertex -16.016616649 -19.521903573 15
      vertex -16.232233047 -19.767766953 15
    endloop
  endfacet
  facet normal 0.831469612 -0.555570233 0
    outer loop
      vertex -16.016616649 -19.521903573 5
      vertex -15.834936491 -19.25 5
      vertex -15.834936491 -19.25 15
    endloop
  endfacet
  facet normal 0.831469612 -0.555570233 0
    outer loop
      vertex -16.016616649 -19.521903573 5
      vertex -15.834936491 -19.25 15
      vertex -16.016616649 -19.521903573 15
    endloop
  endfacet
  facet normal 0.896872742 -0.44228869 0
    outer loop
      vertex -15.834936491 -19.25 5
      vertex -15.690301169 -18.956708581 5
      vertex -15.690301169 -18.956708581 15
    endloop
  endfacet
  facet normal 0.896872742 -0.44228869 0
    outer loop
      vertex -15.834936491 -19.25 5
      vertex -15.690301169 -18.956708581 15
      vertex -15.834936491 -19.25 15
    endloop
  endfacet
  facet normal 0.946930129 -0.321439465 0
    outer loop
      vertex -15.690301169 -18.956708581 5
      vertex -15.585185434 -18.647047613 5
      vertex -15.585185434 -18.647047613 15
    endloop
  endfacet
  facet normal 0.946930129 -0.321439465 0
    outer loop
      vertex -15.690301169 -18.956708581 5
      vertex -15.585185434 -18.647047613 15
      vertex -15.690301169 -18.956708581 15
    endloop
  endfacet
  facet normal 0.98078528 -0.195090322 0
    outer loop
      vertex -15.585185434 -18.647047613 5
      vertex -15.521387847 -18.326315481 5
      vertex -15.521387847 -18.326315481 15
    endloop
  endfacet
  facet normal 0.98078528 -0.195090322 0
    outer loop
      vertex -15.585185434 -18.647047613 5
      vertex -15.521387847 -18.326315481 15
      vertex -15.585185434 -18.647047613 15
    endloop
  endfacet
  facet normal 0 0 1
    outer loop
      vertex -15.585185434 -18.647047613 15
      vertex -15.521387847 -18.326315481 15
      vertex -15.5 -18 15
    endloop
  endfacet
  facet normal 0 0 1
    outer loop
      vertex -15.5 -18 15
      vertex -15.521387847 -17.673684519 15
      vertex -15.585185434 -17.352952387 15
    endloop
  endfacet
  facet normal 0 0 1
    outer loop
      vertex -15.585185434 -17.352952387 15
      vertex -15.690301169 -17.043291419 15
      vertex -15.834936491 -16.75 15
    endloop
  endfacet
  facet normal 0 0 1
    outer loop
      vertex -15.834936491 -16.75 15
      vertex -16.016616649 -16.478096427 15
      vertex -16.232233047 -16.232233047 15
    endloop
  endfacet
  facet normal 0 0 1
    outer loop
      vertex -16.232233047 -16.232233047 15
      vertex -16.478096427 -16.016616649 15
      vertex -16.75 -15.834936491 15
    endloop
  endfacet
  facet normal 0 0 1
    outer loop
      vertex -16.75 -15.834936491 15
      vertex -17.043291419 -15.690301169 15
      vertex -17.352952387 -15.585185434 15
    endloop
  endfacet
  facet normal 0 0 1
    outer loop
      vertex -17.352952387 -15.585185434 15
      vertex -17.673684519 -15.521387847 15
      vertex -18 -15.5 15
    endloop
  endfacet
  facet normal 0 0 1
    outer loop
      vertex -18 -15.5 15
      vertex -18.326315481 -15.521387847 15
      vertex -18.647047613 -15.585185434 15
    endloop
  endfacet
  facet normal 0 0 1
    outer loop
      vertex -18.647047613 -15.585185434 15
      vertex -18.956708581 -15.690301169 15
      vertex -19.25 -15.834936491 15
    endloop
  endfacet
  facet normal 0 0 1
    outer loop
      vertex -19.25 -15.834936491 15
      vertex -19.521903573 -16.016616649 15
      vertex -19.767766953 -16.232233047 15
    endloop
  endfacet
  facet normal 0 0 1
    outer loop
      vertex -19.767766953 -16.232233047 15
      vertex -19.983383351 -16.478096427 15
      vertex -20.165063509 -16.75 15
    endloop
  endfacet
  facet normal 0 0 1
    outer loop
      vertex -20.165063509 -16.75 15
      vertex -20.309698831 -17.043291419 15
      vertex -20.414814566 -17.352952387 15
    endloop
  endfacet
  facet normal 0 0 1
    outer loop
      vertex -20.414814566 -17.352952387 15
      vertex -20.478612153 -17.673684519 15
      vertex -20.5 -18 15
    endloop
  endfacet
  facet normal 0 0 1
    outer loop
      vertex -20.5 -18 15
      vertex -20.478612153 -18.326315481 15
      vertex -20.414814566 -18.647047613 15
    endloop
  endfacet
  facet normal 0 0 1
    outer loop
      vertex -20.414814566 -18.647047613 15
      vertex -20.309698831 -18.956708581 15
      vertex -20.165063509 -19.25 15
    endloop
  endfacet
  facet normal 0 0 1
    outer loop
      vertex -20.165063509 -19.25 15
      vertex -19.983383351 -19.521903573 15
      vertex -19.767766953 -19.767766953 15
    endloop
  endfacet
  facet normal 0 0 1
    outer loop
      vertex -19.767766953 -19.767766953 15
      vertex -19.521903573 -19.983383351 15
      vertex -19.25 -20.165063509 15
    endloop
  endfacet
  facet normal 0 0 1
    outer loop
      vertex -19.25 -20.165063509 15
      vertex -18.956708581 -20.309698831 15
      vertex -18.647047613 -20.414814566 15
    endloop
  endfacet
  facet normal 0 0 1
    outer loop
      vertex -18.647047613 -20.414814566 15
      vertex -18.326315481 -20.478612153 15
      vertex -18 -20.5 15
    endloop
  endfacet
  facet normal 0 0 1
    outer loop
      vertex -18 -20.5 15
      vertex -17.673684519 -20.478612153 15
      vertex -17.352952387 -20.414814566 15
    endloop
  endfacet
  facet normal 0 0 1
    outer loop
      vertex -17.352952387 -20.414814566 15
      vertex -17.043291419 -20.309698831 15
      vertex -16.75 -20.165063509 15
    endloop
  endfacet
  facet normal 0 0 1
    outer loop
      vertex -16.75 -20.165063509 15
      vertex -16.478096427 -19.983383351 15
      vertex -16.232233047 -19.767766953 15
    endloop
  endfacet
  facet normal 0 0 1
    outer loop
      vertex -16.232233047 -19.767766953 15
      vertex -16.016616649 -19.521903573 15
      vertex -15.834936491 -19.25 15
    endloop
  endfacet
  facet normal 0 0 1
    outer loop
      vertex -15.834936491 -19.25 15
      vertex -15.690301169 -18.956708581 15
      vertex -15.585185434 -18.647047613 15
    endloop
  endfacet
  facet normal 0 0 1
    outer loop
      vertex -15.585185434 -18.647047613 15
      vertex -15.5 -18 15
      vertex -15.585185434 -17.352952387 15
    endloop
  endfacet
  facet normal 0 0 1
    outer loop
      vertex -15.585185434 -17.352952387 15
      vertex -15.834936491 -16.75 15
      vertex -16.232233047 -16.232233047 15
    endloop
  endfacet
  facet normal 0 0 1
    outer loop
      vertex -16.232233047 -16.232233047 15
      vertex -16.75 -15.834936491 15
      vertex -17.352952387 -15.585185434 15
    endloop
  endfacet
  facet normal 0 0 1
    outer loop
      vertex -17.352952387 -15.585185434 15
      vertex -18 -15.5 15
      vertex -18.647047613 -15.585185434 15
    endloop
  endfacet
  facet normal 0 0 1
    outer loop
      vertex -18.647047613 -15.585185434 15
      vertex -19.25 -15.834936491 15
      vertex -19.767766953 -16.232233047 15
    endloop
  endfacet
  facet normal 0 0 1
    outer loop
      vertex -19.767766953 -16.232233047 15
      vertex -20.165063509 -16.75 15
      vertex -20.414814566 -17.352952387 15
    endloop
  endfacet
  facet normal 0 0 1
    outer loop
      vertex -20.414814566 -17.352952387 15
      vertex -20.5 -18 15
      vertex -20.414814566 -18.647047613 15
    endloop
  endfacet
  facet normal 0 0 1
    outer loop
      vertex -20.414814566 -18.647047613 15
      vertex -20.165063509 -19.25 15
      vertex -19.767766953 -19.767766953 15
    endloop
  endfacet
  facet normal 0 0 1
    outer loop
      vertex -19.767766953 -19.767766953 15
      vertex -19.25 -20.165063509 15
      vertex -18.647047613 -20.414814566 15
    endloop
  endfacet
  facet normal 0 0 1
    outer loop
      vertex -18.647047613 -20.414814566 15
      vertex -18 -20.5 15
      vertex -17.352952387 -20.414814566 15
    endloop
  endfacet
  facet normal 0 0 1
    outer loop
      vertex -17.352952387 -20.414814566 15
      vertex -16.75 -20.165063509 15
      vertex -16.232233047 -19.767766953 15
    endloop
  endfacet
  facet normal 0 0 1
    outer loop
      vertex -16.232233047 -19.767766953 15
      vertex -15.834936491 -19.25 15
      vertex -15.585185434 -18.647047613 15
    endloop
  endfacet
  facet normal 0 0 1
    outer loop
      vertex -15.585185434 -18.647047613 15
      vertex -15.585185434 -17.352952387 15
      vertex -16.232233047 -16.232233047 15
    endloop
  endfacet
  facet normal 0 0 1
    outer loop
      vertex -16.232233047 -16.232233047 15
      vertex -17.352952387 -15.585185434 15
      vertex -18.647047613 -15.585185434 15
    endloop
  endfacet
  facet normal 0 0 1
    outer loop
      vertex -18.647047613 -15.585185434 15
      vertex -19.767766953 -16.232233047 15
      vertex -20.414814566 -17.352952387 15
    endloop
  endfacet
  facet normal 0 0 1
    outer loop
      vertex -20.414814566 -17.352952387 15
      vertex -20.414814566 -18.647047613 15
      vertex -19.767766953 -19.767766953 15
    endloop
  endfacet
  facet normal 0 0 1
    outer loop
      vertex -19.767766953 -19.767766953 15
      vertex -18.647047613 -20.414814566 15
      vertex -17.352952387 -20.414814566 15
    endloop
  endfacet
  facet normal 0 0 1
    outer loop
      vertex -17.352952387 -20.414814566 15
      vertex -16.232233047 -19.767766953 15
      vertex -15.585185434 -18.647047613 15
    endloop
  endfacet
  facet normal 0 0 1
    outer loop
      vertex -15.585185434 -18.647047613 15
      vertex -16.232233047 -16.232233047 15
      vertex -18.647047613 -15.585185434 15
    endloop
  endfacet
  facet normal 0 0 1
    outer loop
      vertex -18.647047613 -15.585185434 15
      vertex -20.414814566 -17.352952387 15
      vertex -19.767766953 -19.767766953 15
    endloop
  endfacet
  facet normal 0 0 1
    outer loop
      vertex -19.767766953 -19.767766953 15
      vertex -17.352952387 -20.414814566 15
      vertex -15.585185434 -18.647047613 15
    endloop
  endfacet
  facet normal 0 0 1
    outer loop
      vertex -15.585185434 -18.647047613 15
      vertex -18.647047613 -15.585185434 15
      vertex -19.767766953 -19.767766953 15
    endloop
  endfacet
  facet normal 0 0 -1
    outer loop
      vertex -15.5 -18 5
      vertex -15.521387847 -18.326315481 5
      vertex -15.585185434 -18.647047613 5
    endloop
  endfacet
  facet normal 0 0 -1
    outer loop
      vertex -15.585185434 -17.352952387 5
      vertex -15.521387847 -17.673684519 5
      vertex -15.5 -18 5
    endloop
  endfacet
  facet normal 0 0 -1
    outer loop
      vertex -15.834936491 -16.75 5
      vertex -15.690301169 -17.043291419 5
      vertex -15.585185434 -17.352952387 5
    endloop
  endfacet
  facet normal 0 0 -1
    outer loop
      vertex -16.232233047 -16.232233047 5
      vertex -16.016616649 -16.478096427 5
      vertex -15.834936491 -16.75 5
    endloop
  endfacet
  facet normal 0 0 -1
    outer loop
      vertex -16.75 -15.834936491 5
      vertex -16.478096427 -16.016616649 5
      vertex -16.232233047 -16.232233047 5
    endloop
  endfacet
  facet normal 0 0 -1
    outer loop
      vertex -17.352952387 -15.585185434 5
      vertex -17.043291419 -15.690301169 5
      vertex -16.75 -15.834936491 5
    endloop
  endfacet
  facet normal 0 0 -1
    outer loop
      vertex -18 -15.5 5
      vertex -17.673684519 -15.521387847 5
      vertex -17.352952387 -15.585185434 5
    endloop
  endfacet
  facet normal 0 0 -1
    outer loop
      vertex -18.647047613 -15.585185434 5
      vertex -18.326315481 -15.521387847 5
      vertex -18 -15.5 5
    endloop
  endfacet
  facet normal 0 0 -1
    outer loop
      vertex -19.25 -15.834936491 5
      vertex -18.956708581 -15.690301169 5
      vertex -18.647047613 -15.585185434 5
    endloop
  endfacet
  facet normal 0 0 -1
    outer loop
      vertex -19.767766953 -16.232233047 5
      vertex -19.521903573 -16.016616649 5
      vertex -19.25 -15.834936491 5
    endloop
  endfacet
  facet normal 0 0 -1
    outer loop
      vertex -20.165063509 -16.75 5
      vertex -19.983383351 -16.478096427 5
      vertex -19.767766953 -16.232233047 5
    endloop
  endfacet
  facet normal 0 0 -1
    outer loop
      vertex -20.414814566 -17.352952387 5
      vertex -20.309698831 -17.043291419 5
      vertex -20.165063509 -16.75 5
    endloop
  endfacet
  facet normal 0 0 -1
    outer loop
      vertex -20.5 -18 5
      vertex -20.478612153 -17.673684519 5
      vertex -20.414814566 -17.352952387 5
    endloop
  endfacet
  facet normal 0 0 -1
    outer loop
      vertex -20.414814566 -18.647047613 5
      vertex -20.478612153 -18.326315481 5
      vertex -20.5 -18 5
    endloop
  endfacet
  facet normal 0 0 -1
    outer loop
      vertex -20.165063509 -19.25 5
      vertex -20.309698831 -18.956708581 5
      vertex -20.414814566 -18.647047613 5
    endloop
  endfacet
  facet normal 0 0 -1
    outer loop
      vertex -19.767766953 -19.767766953 5
      vertex -19.983383351 -19.521903573 5
      vertex -20.165063509 -19.25 5
    endloop
  endfacet
  facet normal 0 0 -1
    outer loop
      vertex -19.25 -20.165063509 5
      vertex -19.521903573 -19.983383351 5
      vertex -19.767766953 -19.767766953 5
    endloop
  endfacet
  facet normal 0 0 -1
    outer loop
      vertex -18.647047613 -20.414814566 5
      vertex -18.956708581 -20.309698831 5
      vertex -19.25 -20.165063509 5
    endloop
  endfacet
  facet normal 0 0 -1
    outer loop
      vertex -18 -20.5 5
      vertex -18.326315481 -20.478612153 5
      vertex -18.647047613 -20.414814566 5
    endloop
  endfacet
  facet normal 0 0 -1
    outer loop
      vertex -17.352952387 -20.414814566 5
      vertex -17.673684519 -20.478612153 5
      vertex -18 -20.5 5
    endloop
  endfacet
  facet normal 0 0 -1
    outer loop
      vertex -16.75 -20.165063509 5
      vertex -17.043291419 -20.309698831 5
      vertex -17.352952387 -20.414814566 5
    endloop
  endfacet
  facet normal 0 0 -1
    outer loop
      vertex -16.232233047 -19.767766953 5
      vertex -16.478096427 -19.983383351 5
      vertex -16.75 -20.165063509 5
    endloop
  endfacet
  facet normal 0 0 -1
    outer loop
      vertex -15.834936491 -19.25 5
      vertex -16.016616649 -19.521903573 5
      vertex -16.232233047 -19.767766953 5
    endloop
  endfacet
  facet normal 0 0 -1
    outer loop
      vertex -15.585185434 -18.647047613 5
      vertex -15.690301169 -18.956708581 5
      vertex -15.834936491 -19.25 5
    endloop
  endfacet
  facet normal 0 0 -1
    outer loop
      vertex -15.585185434 -17.352952387 5
      vertex -15.5 -18 5
      vertex -15.585185434 -18.647047613 5
    endloop
  endfacet
  facet normal 0 0 -1
    outer loop
      vertex -16.232233047 -16.232233047 5
      vertex -15.834936491 -16.75 5
      vertex -15.585185434 -17.352952387 5
    endloop
  endfacet
  facet normal 0 0 -1
    outer loop
      vertex -17.352952387 -15.585185434 5
      vertex -16.75 -15.834936491 5
      vertex -16.232233047 -16.232233047 5
    endloop
  endfacet
  facet normal 0 0 -1
    outer loop
      vertex -18.647047613 -15.585185434 5
      vertex -18 -15.5 5
      vertex -17.352952387 -15.585185434 5
    endloop
  endfacet
  facet normal 0 0 -1
    outer loop
      vertex -19.767766953 -16.232233047 5
      vertex -19.25 -15.834936491 5
      vertex -18.647047613 -15.585185434 5
    endloop
  endfacet
  facet normal 0 0 -1
    outer loop
      vertex -20.414814566 -17.352952387 5
      vertex -20.165063509 -16.75 5
      vertex -19.767766953 -16.232233047 5
    endloop
  endfacet
  facet normal 0 0 -1
    outer loop
      vertex -20.414814566 -18.647047613 5
      vertex -20.5 -18 5
      vertex -20.414814566 -17.352952387 5
    endloop
  endfacet
  facet normal 0 0 -1
    outer loop
      vertex -19.767766953 -19.767766953 5
      vertex -20.165063509 -19.25 5
      vertex -20.414814566 -18.647047613 5
    endloop
  endfacet
  facet normal 0 0 -1
    outer loop
      vertex -18.647047613 -20.414814566 5
      vertex -19.25 -20.165063509 5
      vertex -19.767766953 -19.767766953 5
    endloop
  endfacet
  facet normal 0 0 -1
    outer loop
      vertex -17.352952387 -20.414814566 5
      vertex -18 -20.5 5
      vertex -18.647047613 -20.414814566 5
    endloop
  endfacet
  facet normal 0 0 -1
    outer loop
      vertex -16.232233047 -19.767766953 5
      vertex -16.75 -20.165063509 5
      vertex -17.352952387 -20.414814566 5
    endloop
  endfacet
  facet normal 0 0 -1
    outer loop
      vertex -15.585185434 -18.647047613 5
      vertex -15.834936491 -19.25 5
      vertex -16.232233047 -19.767766953 5
    endloop
  endfacet
  facet normal 0 0 -1
    outer loop
      vertex -16.232233047 -16.232233047 5
      vertex -15.585185434 -17.352952387 5
      vertex -15.585185434 -18.647047613 5
    endloop
  endfacet
  facet normal 0 0 -1
    outer loop
      vertex -18.647047613 -15.585185434 5
      vertex -17.352952387 -15.585185434 5
      vertex -16.232233047 -16.232233047 5
    endloop
  endfacet
  facet normal 0 0 -1
    outer loop
      vertex -20.414814566 -17.352952387 5
      vertex -19.767766953 -16.232233047 5
      vertex -18.647047613 -15.585185434 5
    endloop
  endfacet
  facet normal 0 0 -1
    outer loop
      vertex -19.767766953 -19.767766953 5
      vertex -20.414814566 -18.647047613 5
      vertex -20.414814566 -17.352952387 5
    endloop
  endfacet
  facet normal 0 0 -1
    outer loop
      vertex -17.352952387 -20.414814566 5
      vertex -18.647047613 -20.414814566 5
      vertex -19.767766953 -19.767766953 5
    endloop
  endfacet
  facet normal 0 0 -1
    outer loop
      vertex -15.585185434 -18.647047613 5
      vertex -16.232233047 -19.767766953 5
      vertex -17.352952387 -20.414814566 5
    endloop
  endfacet
  facet normal 0 0 -1
    outer loop
      vertex -18.647047613 -15.585185434 5
      vertex -16.232233047 -16.232233047 5
      vertex -15.585185434 -18.647047613 5
    endloop
  endfacet
  facet normal 0 0 -1
    outer loop
      vertex -19.767766953 -19.767766953 5
      vertex -20.414814566 -17.352952387 5
      vertex -18.647047613 -15.585185434 5
    endloop
  endfacet
  facet normal 0 0 -1
    outer loop
      vertex -15.585185434 -18.647047613 5
      vertex -17.352952387 -20.414814566 5
      vertex -19.767766953 -19.767766953 5
    endloop
  endfacet
  facet normal 0 0 -1
    outer loop
      vertex -19.767766953 -19.767766953 5
      vertex -18.647047613 -15.585185434 5
      vertex -15.585185434 -18.647047613 5
    endloop
  endfacet
  facet normal 0 0 -1
    outer loop
      vertex 20 0 18
      vertex 0 0 18
      vertex 19.828897227 2.610523844 18
    endloop
  endfacet
  facet normal 0.997858923 0.065403129 0
    outer loop
      vertex 20 0 22
      vertex 20 0 18
      vertex 19.828897227 2.610523844 18
    endloop
  endfacet
  facet normal 0.997858923 0.065403129 0
    outer loop
      vertex 20 0 22
      vertex 19.828897227 2.610523844 18
      vertex 19.828897227 2.610523844 22
    endloop
  endfacet
  facet normal 0.55433395 0.036332967 0.831500925
    outer loop
      vertex 8 0 30
      vertex 20 0 22
      vertex 19.828897227 2.610523844 22
    endloop
  endfacet
  facet normal 0.55433395 0.036332967 0.831500925
    outer loop
      vertex 8 0 30
      vertex 19.828897227 2.610523844 22
      vertex 7.931558891 1.044209538 30
    endloop
  endfacet
  facet normal 0 0 1
    outer loop
      vertex 0 0 30
      vertex 8 0 30
      vertex 7.931558891 1.044209538 30
    endloop
  endfacet
  facet normal 0 0 -1
    outer loop
      vertex 19.828897227 2.610523844 18
      vertex 0 0 18
      vertex 19.318516526 5.176380902 18
    endloop
  endfacet
  facet normal 0.98078528 0.195090322 0
    outer loop
      vertex 19.828897227 2.610523844 22
      vertex 19.828897227 2.610523844 18
      vertex 19.318516526 5.176380902 18
    endloop
  endfacet
  facet normal 0.98078528 0.195090322 0
    outer loop
      vertex 19.828897227 2.610523844 22
      vertex 19.318516526 5.176380902 18
      vertex 19.318516526 5.176380902 22
    endloop
  endfacet
  facet normal 0.544849142 0.108377233 0.831500925
    outer loop
      vertex 7.931558891 1.044209538 30
      vertex 19.828897227 2.610523844 22
      vertex 19.318516526 5.176380902 22
    endloop
  endfacet
  facet normal 0.544849142 0.108377233 0.831500925
    outer loop
      vertex 7.931558891 1.044209538 30
      vertex 19.318516526 5.176380902 22
      vertex 7.72740661 2.070552361 30
    endloop
  endfacet
  facet normal 0 0 1
    outer loop
      vertex 0 0 30
      vertex 7.931558891 1.044209538 30
      vertex 7.72740661 2.070552361 30
    endloop
  endfacet
  facet normal 0 0 -1
    outer loop
      vertex 19.318516526 5.176380902 18
      vertex 0 0 18
      vertex 18.47759065 7.653668647 18
    endloop
  endfacet
  facet normal 0.946930129 0.321439465 0
    outer loop
      vertex 19.318516526 5.176380902 22
      vertex 19.318516526 5.176380902 18
      vertex 18.47759065 7.653668647 18
    endloop
  endfacet
  facet normal 0.946930129 0.321439465 0
    outer loop
      vertex 19.318516526 5.176380902 22
      vertex 18.47759065 7.653668647 18
      vertex 18.47759065 7.653668647 22
    endloop
  endfacet
  facet normal 0.526041815 0.178567134 0.831500925
    outer loop
      vertex 7.72740661 2.070552361 30
      vertex 19.318516526 5.176380902 22
      vertex 18.47759065 7.653668647 22
    endloop
  endfacet
  facet normal 0.526041815 0.178567134 0.831500925
    outer loop
      vertex 7.72740661 2.070552361 30
      vertex 18.47759065 7.653668647 22
      vertex 7.39103626 3.061467459 30
    endloop
  endfacet
  facet normal 0 0 1
    outer loop
      vertex 0 0 30
      vertex 7.72740661 2.070552361 30
      vertex 7.39103626 3.061467459 30
    endloop
  endfacet
  facet normal 0 0 -1
    outer loop
      vertex 18.47759065 7.653668647 18
      vertex 0 0 18
      vertex 17.320508076 10 18
    endloop
  endfacet
  facet normal 0.896872742 0.44228869 0
    outer loop
      vertex 18.47759065 7.653668647 22
      vertex 18.47759065 7.653668647 18
      vertex 17.320508076 10 18
    endloop
  endfacet
  facet normal 0.896872742 0.44228869 0
    outer loop
      vertex 18.47759065 7.653668647 22
      vertex 17.320508076 10 18
      vertex 17.320508076 10 22
    endloop
  endfacet
  facet normal 0.498233766 0.245701703 0.831500925
    outer loop
      vertex 7.39103626 3.061467459 30
      vertex 18.47759065 7.653668647 22
      vertex 17.320508076 10 22
    endloop
  endfacet
  facet normal 0.498233766 0.245701703 0.831500925
    outer loop
      vertex 7.39103626 3.061467459 30
      vertex 17.320508076 10 22
      vertex 6.92820323 4 30
    endloop
  endfacet
  facet normal 0 0 1
    outer loop
      vertex 0 0 30
      vertex 7.39103626 3.061467459 30
      vertex 6.92820323 4 30
    endloop
  endfacet
  facet normal 0 0 -1
    outer loop
      vertex 17.320508076 10 18
      vertex 0 0 18
      vertex 15.867066806 12.17522858 18
    endloop
  endfacet
  facet normal 0.831469612 0.555570233 0
    outer loop
      vertex 17.320508076 10 22
      vertex 17.320508076 10 18
      vertex 15.867066806 12.17522858 18
    endloop
  endfacet
  facet normal 0.831469612 0.555570233 0
    outer loop
      vertex 17.320508076 10 22
      vertex 15.867066806 12.17522858 18
      vertex 15.867066806 12.17522858 22
    endloop
  endfacet
  facet normal 0.461900799 0.308632247 0.831500925
    outer loop
      vertex 6.92820323 4 30
      vertex 17.320508076 10 22
      vertex 15.867066806 12.17522858 22
    endloop
  endfacet
  facet normal 0.461900799 0.308632247 0.831500925
    outer loop
      vertex 6.92820323 4 30
      vertex 15.867066806 12.17522858 22
      vertex 6.346826722 4.870091432 30
    endloop
  endfacet
  facet normal 0 0 1
    outer loop
      vertex 0 0 30
      vertex 6.92820323 4 30
      vertex 6.346826722 4.870091432 30
    endloop
  endfacet
  facet normal 0 0 -1
    outer loop
      vertex 15.867066806 12.17522858 18
      vertex 0 0 18
      vertex 14.142135624 14.142135624 18
    endloop
  endfacet
  facet normal 0.751839807 0.659345815 0
    outer loop
      vertex 15.867066806 12.17522858 22
      vertex 15.867066806 12.17522858 18
      vertex 14.142135624 14.142135624 18
    endloop
  endfacet
  facet normal 0.751839807 0.659345815 0
    outer loop
      vertex 15.867066806 12.17522858 22
      vertex 14.142135624 14.142135624 18
      vertex 14.142135624 14.142135624 22
    endloop
  endfacet
  facet normal 0.417664582 0.366282008 0.831500925
    outer loop
      vertex 6.346826722 4.870091432 30
      vertex 15.867066806 12.17522858 22
      vertex 14.142135624 14.142135624 22
    endloop
  endfacet
  facet normal 0.417664582 0.366282008 0.831500925
    outer loop
      vertex 6.346826722 4.870091432 30
      vertex 14.142135624 14.142135624 22
      vertex 5.656854249 5.656854249 30
    endloop
  endfacet
  facet normal 0 0 1
    outer loop
      vertex 0 0 30
      vertex 6.346826722 4.870091432 30
      vertex 5.656854249 5.656854249 30
    endloop
  endfacet
  facet normal 0 0 -1
    outer loop
      vertex 14.142135624 14.142135624 18
      vertex 0 0 18
      vertex 12.17522858 15.867066806 18
    endloop
  endfacet
  facet normal 0.659345815 0.751839807 0
    outer loop
      vertex 14.142135624 14.142135624 22
      vertex 14.142135624 14.142135624 18
      vertex 12.17522858 15.867066806 18
    endloop
  endfacet
  facet normal 0.659345815 0.751839807 0
    outer loop
      vertex 14.142135624 14.142135624 22
      vertex 12.17522858 15.867066806 18
      vertex 12.17522858 15.867066806 22
    endloop
  endfacet
  facet normal 0.366282008 0.417664582 0.831500925
    outer loop
      vertex 5.656854249 5.656854249 30
      vertex 14.142135624 14.142135624 22
      vertex 12.17522858 15.867066806 22
    endloop
  endfacet
  facet normal 0.366282008 0.417664582 0.831500925
    outer loop
      vertex 5.656854249 5.656854249 30
      vertex 12.17522858 15.867066806 22
      vertex 4.870091432 6.346826722 30
    endloop
  endfacet
  facet normal 0 0 1
    outer loop
      vertex 0 0 30
      vertex 5.656854249 5.656854249 30
      vertex 4.870091432 6.346826722 30
    endloop
  endfacet
  facet normal 0 0 -1
    outer loop
      vertex 12.17522858 15.867066806 18
      vertex 0 0 18
      vertex 10 17.320508076 18
    endloop
  endfacet
  facet normal 0.555570233 0.831469612 0
    outer loop
      vertex 12.17522858 15.867066806 22
      vertex 12.17522858 15.867066806 18
      vertex 10 17.320508076 18
    endloop
  endfacet
  facet normal 0.555570233 0.831469612 0
    outer loop
      vertex 12.17522858 15.867066806 22
      vertex 10 17.320508076 18
      vertex 10 17.320508076 22
    endloop
  endfacet
  facet normal 0.308632247 0.461900799 0.831500925
    outer loop
      vertex 4.870091432 6.346826722 30
      vertex 12.17522858 15.867066806 22
      vertex 10 17.320508076 22
    endloop
  endfacet
  facet normal 0.308632247 0.461900799 0.831500925
    outer loop
      vertex 4.870091432 6.346826722 30
      vertex 10 17.320508076 22
      vertex 4 6.92820323 30
    endloop
  endfacet
  facet normal 0 0 1
    outer loop
      vertex 0 0 30
      vertex 4.870091432 6.346826722 30
      vertex 4 6.92820323 30
    endloop
  endfacet
  facet normal 0 0 -1
    outer loop
      vertex 10 17.320508076 18
      vertex 0 0 18
      vertex 7.653668647 18.47759065 18
    endloop
  endfacet
  facet normal 0.44228869 0.896872742 0
    outer loop
      vertex 10 17.320508076 22
      vertex 10 17.320508076 18
      vertex 7.653668647 18.47759065 18
    endloop
  endfacet
  facet normal 0.44228869 0.896872742 0
    outer loop
      vertex 10 17.320508076 22
      vertex 7.653668647 18.47759065 18
      vertex 7.653668647 18.47759065 22
    endloop
  endfacet
  facet normal 0.245701703 0.498233766 0.831500925
    outer loop
      vertex 4 6.92820323 30
      vertex 10 17.320508076 22
      vertex 7.653668647 18.47759065 22
    endloop
  endfacet
  facet normal 0.245701703 0.498233766 0.831500925
    outer loop
      vertex 4 6.92820323 30
      vertex 7.653668647 18.47759065 22
      vertex 3.061467459 7.39103626 30
    endloop
  endfacet
  facet normal 0 0 1
    outer loop
      vertex 0 0 30
      vertex 4 6.92820323 30
      vertex 3.061467459 7.39103626 30
    endloop
  endfacet
  facet normal 0 0 -1
    outer loop
      vertex 7.653668647 18.47759065 18
      vertex 0 0 18
      vertex 5.176380902 19.318516526 18
    endloop
  endfacet
  facet normal 0.321439465 0.946930129 0
    outer loop
      vertex 7.653668647 18.47759065 22
      vertex 7.653668647 18.47759065 18
      vertex 5.176380902 19.318516526 18
    endloop
  endfacet
  facet normal 0.321439465 0.946930129 0
    outer loop
      vertex 7.653668647 18.47759065 22
      vertex 5.176380902 19.318516526 18
      vertex 5.176380902 19.318516526 22
    endloop
  endfacet
  facet normal 0.178567134 0.526041815 0.831500925
    outer loop
      vertex 3.061467459 7.39103626 30
      vertex 7.653668647 18.47759065 22
      vertex 5.176380902 19.318516526 22
    endloop
  endfacet
  facet normal 0.178567134 0.526041815 0.831500925
    outer loop
      vertex 3.061467459 7.39103626 30
      vertex 5.176380902 19.318516526 22
      vertex 2.070552361 7.72740661 30
    endloop
  endfacet
  facet normal 0 0 1
    outer loop
      vertex 0 0 30
      vertex 3.061467459 7.39103626 30
      vertex 2.070552361 7.72740661 30
    endloop
  endfacet
  facet normal 0 0 -1
    outer loop
      vertex 5.176380902 19.318516526 18
      vertex 0 0 18
      vertex 2.610523844 19.828897227 18
    endloop
  endfacet
  facet normal 0.195090322 0.98078528 0
    outer loop
      vertex 5.176380902 19.318516526 22
      vertex 5.176380902 19.318516526 18
      vertex 2.610523844 19.828897227 18
    endloop
  endfacet
  facet normal 0.195090322 0.98078528 0
    outer loop
      vertex 5.176380902 19.318516526 22
      vertex 2.610523844 19.828897227 18
      vertex 2.610523844 19.828897227 22
    endloop
  endfacet
  facet normal 0.108377233 0.544849142 0.831500925
    outer loop
      vertex 2.070552361 7.72740661 30
      vertex 5.176380902 19.318516526 22
      vertex 2.610523844 19.828897227 22
    endloop
  endfacet
  facet normal 0.108377233 0.544849142 0.831500925
    outer loop
      vertex 2.070552361 7.72740661 30
      vertex 2.610523844 19.828897227 22
      vertex 1.044209538 7.931558891 30
    endloop
  endfacet
  facet normal 0 0 1
    outer loop
      vertex 0 0 30
      vertex 2.070552361 7.72740661 30
      vertex 1.044209538 7.931558891 30
    endloop
  endfacet
  facet normal 0 0 -1
    outer loop
      vertex 2.610523844 19.828897227 18
      vertex 0 0 18
      vertex 0 20 18
    endloop
  endfacet
  facet normal 0.065403129 0.997858923 0
    outer loop
      vertex 2.610523844 19.828897227 22
      vertex 2.610523844 19.828897227 18
      vertex 0 20 18
    endloop
  endfacet
  facet normal 0.065403129 0.997858923 0
    outer loop
      vertex 2.610523844 19.828897227 22
      vertex 0 20 18
      vertex 0 20 22
    endloop
  endfacet
  facet normal 0.036332967 0.55433395 0.831500925
    outer loop
      vertex 1.044209538 7.931558891 30
      vertex 2.610523844 19.828897227 22
      vertex 0 20 22
    endloop
  endfacet
  facet normal 0.036332967 0.55433395 0.831500925
    outer loop
      vertex 1.044209538 7.931558891 30
      vertex 0 20 22
      vertex 0 8 30
    endloop
  endfacet
  facet normal 0 0 1
    outer loop
      vertex 0 0 30
      vertex 1.044209538 7.931558891 30
      vertex 0 8 30
    endloop
  endfacet
  facet normal 0 0 -1
    outer loop
      vertex 0 20 18
      vertex 0 0 18
      vertex -2.610523844 19.828897227 18
    endloop
  endfacet
  facet normal -0.065403129 0.997858923 0
    outer loop
      vertex 0 20 22
      vertex 0 20 18
      vertex -2.610523844 19.828897227 18
    endloop
  endfacet
  facet normal -0.065403129 0.997858923 0
    outer loop
      vertex 0 20 22
      vertex -2.610523844 19.828897227 18
      vertex -2.610523844 19.828897227 22
    endloop
  endfacet
  facet normal -0.036332967 0.55433395 0.831500925
    outer loop
      vertex 0 8 30
      vertex 0 20 22
      vertex -2.610523844 19.828897227 22
    endloop
  endfacet
  facet normal -0.036332967 0.55433395 0.831500925
    outer loop
      vertex 0 8 30
      vertex -2.610523844 19.828897227 22
      vertex -1.044209538 7.931558891 30
    endloop
  endfacet
  facet normal 0 0 1
    outer loop
      vertex 0 0 30
      vertex 0 8 30
      vertex -1.044209538 7.931558891 30
    endloop
  endfacet
  facet normal 0 0 -1
    outer loop
      vertex -2.610523844 19.828897227 18
      vertex 0 0 18
      vertex -5.176380902 19.318516526 18
    endloop
  endfacet
  facet normal -0.195090322 0.98078528 0
    outer loop
      vertex -2.610523844 19.828897227 22
      vertex -2.610523844 19.828897227 18
      vertex -5.176380902 19.318516526 18
    endloop
  endfacet
  facet normal -0.195090322 0.98078528 0
    outer loop
      vertex -2.610523844 19.828897227 22
      vertex -5.176380902 19.318516526 18
      vertex -5.176380902 19.318516526 22
    endloop
  endfacet
  facet normal -0.108377233 0.544849142 0.831500925
    outer loop
      vertex -1.044209538 7.931558891 30
      vertex -2.610523844 19.828897227 22
      vertex -5.176380902 19.318516526 22
    endloop
  endfacet
  facet normal -0.108377233 0.544849142 0.831500925
    outer loop
      vertex -1.044209538 7.931558891 30
      vertex -5.176380902 19.318516526 22
      vertex -2.070552361 7.72740661 30
    endloop
  endfacet
  facet normal 0 0 1
    outer loop
      vertex 0 0 30
      vertex -1.044209538 7.931558891 30
      vertex -2.070552361 7.72740661 30
    endloop
  endfacet
  facet normal 0 0 -1
    outer loop
      vertex -5.176380902 19.318516526 18
      vertex 0 0 18
      vertex -7.653668647 18.47759065 18
    endloop
  endfacet
  facet normal -0.321439465 0.946930129 0
    outer loop
      vertex -5.176380902 19.318516526 22
      vertex -5.176380902 19.318516526 18
      vertex -7.653668647 18.47759065 18
    endloop
  endfacet
  facet normal -0.321439465 0.946930129 0
    outer loop
      vertex -5.176380902 19.318516526 22
      vertex -7.653668647 18.47759065 18
      vertex -7.653668647 18.47759065 22
    endloop
  endfacet
  facet normal -0.178567134 0.526041815 0.831500925
    outer loop
      vertex -2.070552361 7.72740661 30
      vertex -5.176380902 19.318516526 22
      vertex -7.653668647 18.47759065 22
    endloop
  endfacet
  facet normal -0.178567134 0.526041815 0.831500925
    outer loop
      vertex -2.070552361 7.72740661 30
      vertex -7.653668647 18.47759065 22
      vertex -3.061467459 7.39103626 30
    endloop
  endfacet
  facet normal 0 0 1
    outer loop
      vertex 0 0 30
      vertex -2.070552361 7.72740661 30
      vertex -3.061467459 7.39103626 30
    endloop
  endfacet
  facet normal 0 0 -1
    outer loop
      vertex -7.653668647 18.47759065 18
      vertex 0 0 18
      vertex -10 17.320508076 18
    endloop
  endfacet
  facet normal -0.44228869 0.896872742 0
    outer loop
      vertex -7.653668647 18.47759065 22
      vertex -7.653668647 18.47759065 18
      vertex -10 17.320508076 18
    endloop
  endfacet
  facet normal -0.44228869 0.896872742 0
    outer loop
      vertex -7.653668647 18.47759065 22
      vertex -10 17.320508076 18
      vertex -10 17.320508076 22
    endloop
  endfacet
  facet normal -0.245701703 0.498233766 0.831500925
    outer loop
      vertex -3.061467459 7.39103626 30
      vertex -7.653668647 18.47759065 22
      vertex -10 17.320508076 22
    endloop
  endfacet
  facet normal -0.245701703 0.498233766 0.831500925
    outer loop
      vertex -3.061467459 7.39103626 30
      vertex -10 17.320508076 22
      vertex -4 6.92820323 30
    endloop
  endfacet
  facet normal 0 0 1
    outer loop
      vertex 0 0 30
      vertex -3.061467459 7.39103626 30
      vertex -4 6.92820323 30
    endloop
  endfacet
  facet normal 0 0 -1
    outer loop
      vertex -10 17.320508076 18
      vertex 0 0 18
      vertex -12.17522858 15.867066806 18
    endloop
  endfacet
  facet normal -0.555570233 0.831469612 0
    outer loop
      vertex -10 17.320508076 22
      vertex -10 17.320508076 18
      vertex -12.17522858 15.867066806 18
    endloop
  endfacet
  facet normal -0.555570233 0.831469612 0
    outer loop
      vertex -10 17.320508076 22
      vertex -12.17522858 15.867066806 18
      vertex -12.17522858 15.867066806 22
    endloop
  endfacet
  facet normal -0.308632247 0.461900799 0.831500925
    outer loop
      vertex -4 6.92820323 30
      vertex -10 17.320508076 22
      vertex -12.17522858 15.867066806 22
    endloop
  endfacet
  facet normal -0.308632247 0.461900799 0.831500925
    outer loop
      vertex -4 6.92820323 30
      vertex -12.17522858 15.867066806 22
      vertex -4.870091432 6.346826722 30
    endloop
  endfacet
  facet normal 0 0 1
    outer loop
      vertex 0 0 30
      vertex -4 6.92820323 30
      vertex -4.870091432 6.346826722 30
    endloop
  endfacet
  facet normal 0 0 -1
    outer loop
      vertex -12.17522858 15.867066806 18
      vertex 0 0 18
      vertex -14.142135624 14.142135624 18
    endloop
  endfacet
  facet normal -0.659345815 0.751839807 0
    outer loop
      vertex -12.17522858 15.867066806 22
      vertex -12.17522858 15.867066806 18
      vertex -14.142135624 14.142135624 18
    endloop
  endfacet
  facet normal -0.659345815 0.751839807 0
    outer loop
      vertex -12.17522858 15.867066806 22
      vertex -14.142135624 14.142135624 18
      vertex -14.142135624 14.142135624 22
    endloop
  endfacet
  facet normal -0.366282008 0.417664582 0.831500925
    outer loop
      vertex -4.870091432 6.346826722 30
      vertex -12.17522858 15.867066806 22
      vertex -14.142135624 14.142135624 22
    endloop
  endfacet
  facet normal -0.366282008 0.417664582 0.831500925
    outer loop
      vertex -4.870091432 6.346826722 30
      vertex -14.142135624 14.142135624 22
      vertex -5.656854249 5.656854249 30
    endloop
  endfacet
  facet normal 0 0 1
    outer loop
      vertex 0 0 30
      vertex -4.870091432 6.346826722 30
      vertex -5.656854249 5.656854249 30
    endloop
  endfacet
  facet normal 0 0 -1
    outer loop
      vertex -14.142135624 14.142135624 18
      vertex 0 0 18
      vertex -15.867066806 12.17522858 18
    endloop
  endfacet
  facet normal -0.751839807 0.659345815 0
    outer loop
      vertex -14.142135624 14.142135624 22
      vertex -14.142135624 14.142135624 18
      vertex -15.867066806 12.17522858 18
    endloop
  endfacet
  facet normal -0.751839807 0.659345815 0
    outer loop
      vertex -14.142135624 14.142135624 22
      vertex -15.867066806 12.17522858 18
      vertex -15.867066806 12.17522858 22
    endloop
  endfacet
  facet normal -0.417664582 0.366282008 0.831500925
    outer loop
      vertex -5.656854249 5.656854249 30
      vertex -14.142135624 14.142135624 22
      vertex -15.867066806 12.17522858 22
    endloop
  endfacet
  facet normal -0.417664582 0.366282008 0.831500925
    outer loop
      vertex -5.656854249 5.656854249 30
      vertex -15.867066806 12.17522858 22
      vertex -6.346826722 4.870091432 30
    endloop
  endfacet
  facet normal 0 0 1
    outer loop
      vertex 0 0 30
      vertex -5.656854249 5.656854249 30
      vertex -6.346826722 4.870091432 30
    endloop
  endfacet
  facet normal 0 0 -1
    outer loop
      vertex -15.867066806 12.17522858 18
      vertex 0 0 18
      vertex -17.320508076 10 18
    endloop
  endfacet
  facet normal -0.831469612 0.555570233 0
    outer loop
      vertex -15.867066806 12.17522858 22
      vertex -15.867066806 12.17522858 18
      vertex -17.320508076 10 18
    endloop
  endfacet
  facet normal -0.831469612 0.555570233 0
    outer loop
      vertex -15.867066806 12.17522858 22
      vertex -17.320508076 10 18
      vertex -17.320508076 10 22
    endloop
  endfacet
  facet normal -0.461900799 0.308632247 0.831500925
    outer loop
      vertex -6.346826722 4.870091432 30
      vertex -15.867066806 12.17522858 22
      vertex -17.320508076 10 22
    endloop
  endfacet
  facet normal -0.461900799 0.308632247 0.831500925
    outer loop
      vertex -6.346826722 4.870091432 30
      vertex -17.320508076 10 22
      vertex -6.92820323 4 30
    endloop
  endfacet
  facet normal 0 0 1
    outer loop
      vertex 0 0 30
      vertex -6.346826722 4.870091432 30
      vertex -6.92820323 4 30
    endloop
  endfacet
  facet normal 0 0 -1
    outer loop
      vertex -17.320508076 10 18
      vertex 0 0 18
      vertex -18.47759065 7.653668647 18
    endloop
  endfacet
  facet normal -0.896872742 0.44228869 0
    outer loop
      vertex -17.320508076 10 22
      vertex -17.320508076 10 18
      vertex -18.47759065 7.653668647 18
    endloop
  endfacet
  facet normal -0.896872742 0.44228869 0
    outer loop
      vertex -17.320508076 10 22
      vertex -18.47759065 7.653668647 18
      vertex -18.47759065 7.653668647 22
    endloop
  endfacet
  facet normal -0.498233766 0.245701703 0.831500925
    outer loop
      vertex -6.92820323 4 30
      vertex -17.320508076 10 22
      vertex -18.47759065 7.653668647 22
    endloop
  endfacet
  facet normal -0.498233766 0.245701703 0.831500925
    outer loop
      vertex -6.92820323 4 30
      vertex -18.47759065 7.653668647 22
      vertex -7.39103626 3.061467459 30
    endloop
  endfacet
  facet normal 0 0 1
    outer loop
      vertex 0 0 30
      vertex -6.92820323 4 30
      vertex -7.39103626 3.061467459 30
    endloop
  endfacet
  facet normal 0 0 -1
    outer loop
      vertex -18.47759065 7.653668647 18
      vertex 0 0 18
      vertex -19.318516526 5.176380902 18
    endloop
  endfacet
  facet normal -0.946930129 0.321439465 0
    outer loop
      vertex -18.47759065 7.653668647 22
      vertex -18.47759065 7.653668647 18
      vertex -19.318516526 5.176380902 18
    endloop
  endfacet
  facet normal -0.946930129 0.321439465 0
    outer loop
      vertex -18.47759065 7.653668647 22
      vertex -19.318516526 5.176380902 18
      vertex -19.318516526 5.176380902 22
    endloop
  endfacet
  facet normal -0.526041815 0.178567134 0.831500925
    outer loop
      vertex -7.39103626 3.061467459 30
      vertex -18.47759065 7.653668647 22
      vertex -19.318516526 5.176380902 22
    endloop
  endfacet
  facet normal -0.526041815 0.178567134 0.831500925
    outer loop
      vertex -7.39103626 3.061467459 30
      vertex -19.318516526 5.176380902 22
      vertex -7.72740661 2.070552361 30
    endloop
  endfacet
  facet normal 0 0 1
    outer loop
      vertex 0 0 30
      vertex -7.39103626 3.061467459 30
      vertex -7.72740661 2.070552361 30
    endloop
  endfacet
  facet normal 0 0 -1
    outer loop
      vertex -19.318516526 5.176380902 18
      vertex 0 0 18
      vertex -19.828897227 2.610523844 18
    endloop
  endfacet
  facet normal -0.98078528 0.195090322 0
    outer loop
      vertex -19.318516526 5.176380902 22
      vertex -19.318516526 5.176380902 18
      vertex -19.828897227 2.610523844 18
    endloop
  endfacet
  facet normal -0.98078528 0.195090322 0
    outer loop
      vertex -19.318516526 5.176380902 22
      vertex -19.828897227 2.610523844 18
      vertex -19.828897227 2.610523844 22
    endloop
  endfacet
  facet normal -0.544849142 0.108377233 0.831500925
    outer loop
      vertex -7.72740661 2.070552361 30
      vertex -19.318516526 5.176380902 22
      vertex -19.828897227 2.610523844 22
    endloop
  endfacet
  facet normal -0.544849142 0.108377233 0.831500925
    outer loop
      vertex -7.72740661 2.070552361 30
      vertex -19.828897227 2.610523844 22
      vertex -7.931558891 1.044209538 30
    endloop
  endfacet
  facet normal 0 0 1
    outer loop
      vertex 0 0 30
      vertex -7.72740661 2.070552361 30
      vertex -7.931558891 1.044209538 30
    endloop
  endfacet
  facet normal 0 0 -1
    outer loop
      vertex -19.828897227 2.610523844 18
      vertex 0 0 18
      vertex -20 0 18
    endloop
  endfacet
  facet normal -0.997858923 0.065403129 0
    outer loop
      vertex -19.828897227 2.610523844 22
      vertex -19.828897227 2.610523844 18
      vertex -20 0 18
    endloop
  endfacet
  facet normal -0.997858923 0.065403129 0
    outer loop
      vertex -19.828897227 2.610523844 22
      vertex -20 0 18
      vertex -20 0 22
    endloop
  endfacet
  facet normal -0.55433395 0.036332967 0.831500925
    outer loop
      vertex -7.931558891 1.044209538 30
      vertex -19.828897227 2.610523844 22
      vertex -20 0 22
    endloop
  endfacet
  facet normal -0.55433395 0.036332967 0.831500925
    outer loop
      vertex -7.931558891 1.044209538 30
      vertex -20 0 22
      vertex -8 0 30
    endloop
  endfacet
  facet normal 0 0 1
    outer loop
      vertex 0 0 30
      vertex -7.931558891 1.044209538 30
      vertex -8 0 30
    endloop
  endfacet
  facet normal 0 0 -1
    outer loop
      vertex -20 0 18
      vertex 0 0 18
      vertex -19.828897227 -2.610523844 18
    endloop
  endfacet
  facet normal -0.997858923 -0.065403129 0
    outer loop
      vertex -20 0 22
      vertex -20 0 18
      vertex -19.828897227 -2.610523844 18
    endloop
  endfacet
  facet normal -0.997858923 -0.065403129 0
    outer loop
      vertex -20 0 22
      vertex -19.828897227 -2.610523844 18
      vertex -19.828897227 -2.610523844 22
    endloop
  endfacet
  facet normal -0.55433395 -0.036332967 0.831500925
    outer loop
      vertex -8 0 30
      vertex -20 0 22
      vertex -19.828897227 -2.610523844 22
    endloop
  endfacet
  facet normal -0.55433395 -0.036332967 0.831500925
    outer loop
      vertex -8 0 30
      vertex -19.828897227 -2.610523844 22
      vertex -7.931558891 -1.044209538 30
    endloop
  endfacet
  facet normal 0 0 1
    outer loop
      vertex 0 0 30
      vertex -8 0 30
      vertex -7.931558891 -1.044209538 30
    endloop
  endfacet
  facet normal 0 0 -1
    outer loop
      vertex -19.828897227 -2.610523844 18
      vertex 0 0 18
      vertex -19.318516526 -5.176380902 18
    endloop
  endfacet
  facet normal -0.98078528 -0.195090322 0
    outer loop
      vertex -19.828897227 -2.610523844 22
      vertex -19.828897227 -2.610523844 18
      vertex -19.318516526 -5.176380902 18
    endloop
  endfacet
  facet normal -0.98078528 -0.195090322 0
    outer loop
      vertex -19.828897227 -2.610523844 22
      vertex -19.318516526 -5.176380902 18
      vertex -19.318516526 -5.176380902 22
    endloop
  endfacet
  facet normal -0.544849142 -0.108377233 0.831500925
    outer loop
      vertex -7.931558891 -1.044209538 30
      vertex -19.828897227 -2.610523844 22
      vertex -19.318516526 -5.176380902 22
    endloop
  endfacet
  facet normal -0.544849142 -0.108377233 0.831500925
    outer loop
      vertex -7.931558891 -1.044209538 30
      vertex -19.318516526 -5.176380902 22
      vertex -7.72740661 -2.070552361 30
    endloop
  endfacet
  facet normal 0 0 1
    outer loop
      vertex 0 0 30
      vertex -7.931558891 -1.044209538 30
      vertex -7.72740661 -2.070552361 30
    endloop
  endfacet
  facet normal 0 0 -1
    outer loop
      vertex -19.318516526 -5.176380902 18
      vertex 0 0 18
      vertex -18.47759065 -7.653668647 18
    endloop
  endfacet
  facet normal -0.946930129 -0.321439465 0
    outer loop
      vertex -19.318516526 -5.176380902 22
      vertex -19.318516526 -5.176380902 18
      vertex -18.47759065 -7.653668647 18
    endloop
  endfacet
  facet normal -0.946930129 -0.321439465 0
    outer loop
      vertex -19.318516526 -5.176380902 22
      vertex -18.47759065 -7.653668647 18
      vertex -18.47759065 -7.653668647 22
    endloop
  endfacet
  facet normal -0.526041815 -0.178567134 0.831500925
    outer loop
      vertex -7.72740661 -2.070552361 30
      vertex -19.318516526 -5.176380902 22
      vertex -18.47759065 -7.653668647 22
    endloop
  endfacet
  facet normal -0.526041815 -0.178567134 0.831500925
    outer loop
      vertex -7.72740661 -2.070552361 30
      vertex -18.47759065 -7.653668647 22
      vertex -7.39103626 -3.061467459 30
    endloop
  endfacet
  facet normal 0 0 1
    outer loop
      vertex 0 0 30
      vertex -7.72740661 -2.070552361 30
      vertex -7.39103626 -3.061467459 30
    endloop
  endfacet
  facet normal 0 0 -1
    outer loop
      vertex -18.47759065 -7.653668647 18
      vertex 0 0 18
      vertex -17.320508076 -10 18
    endloop
  endfacet
  facet normal -0.896872742 -0.44228869 0
    outer loop
      vertex -18.47759065 -7.653668647 22
      vertex -18.47759065 -7.653668647 18
      vertex -17.320508076 -10 18
    endloop
  endfacet
  facet normal -0.896872742 -0.44228869 0
    outer loop
      vertex -18.47759065 -7.653668647 22
      vertex -17.320508076 -10 18
      vertex -17.320508076 -10 22
    endloop
  endfacet
  facet normal -0.498233766 -0.245701703 0.831500925
    outer loop
      vertex -7.39103626 -3.061467459 30
      vertex -18.47759065 -7.653668647 22
      vertex -17.320508076 -10 22
    endloop
  endfacet
  facet normal -0.498233766 -0.245701703 0.831500925
    outer loop
      vertex -7.39103626 -3.061467459 30
      vertex -17.320508076 -10 22
      vertex -6.92820323 -4 30
    endloop
  endfacet
  facet normal 0 0 1
    outer loop
      vertex 0 0 30
      vertex -7.39103626 -3.061467459 30
      vertex -6.92820323 -4 30
    endloop
  endfacet
  facet normal 0 0 -1
    outer loop
      vertex -17.320508076 -10 18
      vertex 0 0 18
      vertex -15.867066806 -12.17522858 18
    endloop
  endfacet
  facet normal -0.831469612 -0.555570233 0
    outer loop
      vertex -17.320508076 -10 22
      vertex -17.320508076 -10 18
      vertex -15.867066806 -12.17522858 18
    endloop
  endfacet
  facet normal -0.831469612 -0.555570233 0
    outer loop
      vertex -17.320508076 -10 22
      vertex -15.867066806 -12.17522858 18
      vertex -15.867066806 -12.17522858 22
    endloop
  endfacet
  facet normal -0.461900799 -0.308632247 0.831500925
    outer loop
      vertex -6.92820323 -4 30
      vertex -17.320508076 -10 22
      vertex -15.867066806 -12.17522858 22
    endloop
  endfacet
  facet normal -0.461900799 -0.308632247 0.831500925
    outer loop
      vertex -6.92820323 -4 30
      vertex -15.867066806 -12.17522858 22
      vertex -6.346826722 -4.870091432 30
    endloop
  endfacet
  facet normal 0 0 1
    outer loop
      vertex 0 0 30
      vertex -6.92820323 -4 30
      vertex -6.346826722 -4.870091432 30
    endloop
  endfacet
  facet normal 0 0 -1
    outer loop
      vertex -15.867066806 -12.17522858 18
      vertex 0 0 18
      vertex -14.142135624 -14.142135624 18
    endloop
  endfacet
  facet normal -0.751839807 -0.659345815 0
    outer loop
      vertex -15.867066806 -12.17522858 22
      vertex -15.867066806 -12.17522858 18
      vertex -14.142135624 -14.142135624 18
    endloop
  endfacet
  facet normal -0.751839807 -0.659345815 0
    outer loop
      vertex -15.867066806 -12.17522858 22
      vertex -14.142135624 -14.142135624 18
      vertex -14.142135624 -14.142135624 22
    endloop
  endfacet
  facet normal -0.417664582 -0.366282008 0.831500925
    outer loop
      vertex -6.346826722 -4.870091432 30
      vertex -15.867066806 -12.17522858 22
      vertex -14.142135624 -14.142135624 22
    endloop
  endfacet
  facet normal -0.417664582 -0.366282008 0.831500925
    outer loop
      vertex -6.346826722 -4.870091432 30
      vertex -14.142135624 -14.142135624 22
      vertex -5.656854249 -5.656854249 30
    endloop
  endfacet
  facet normal 0 0 1
    outer loop
      vertex 0 0 30
      vertex -6.346826722 -4.870091432 30
      vertex -5.656854249 -5.656854249 30
    endloop
  endfacet
  facet normal 0 0 -1
    outer loop
      vertex -14.142135624 -14.142135624 18
      vertex 0 0 18
      vertex -12.17522858 -15.867066806 18
    endloop
  endfacet
  facet normal -0.659345815 -0.751839807 0
    outer loop
      vertex -14.142135624 -14.142135624 22
      vertex -14.142135624 -14.142135624 18
      vertex -12.17522858 -15.867066806 18
    endloop
  endfacet
  facet normal -0.659345815 -0.751839807 0
    outer loop
      vertex -14.142135624 -14.142135624 22
      vertex -12.17522858 -15.867066806 18
      vertex -12.17522858 -15.867066806 22
    endloop
  endfacet
  facet normal -0.366282008 -0.417664582 0.831500925
    outer loop
      vertex -5.656854249 -5.656854249 30
      vertex -14.142135624 -14.142135624 22
      vertex -12.17522858 -15.867066806 22
    endloop
  endfacet
  facet normal -0.366282008 -0.417664582 0.831500925
    outer loop
      vertex -5.656854249 -5.656854249 30
      vertex -12.17522858 -15.867066806 22
      vertex -4.870091432 -6.346826722 30
    endloop
  endfacet
  facet normal 0 0 1
    outer loop
      vertex 0 0 30
      vertex -5.656854249 -5.656854249 30
      vertex -4.870091432 -6.346826722 30
    endloop
  endfacet
  facet normal 0 0 -1
    outer loop
      vertex -12.17522858 -15.867066806 18
      vertex 0 0 18
      vertex -10 -17.320508076 18
    endloop
  endfacet
  facet normal -0.555570233 -0.831469612 0
    outer loop
      vertex -12.17522858 -15.867066806 22
      vertex -12.17522858 -15.867066806 18
      vertex -10 -17.320508076 18
    endloop
  endfacet
  facet normal -0.555570233 -0.831469612 0
    outer loop
      vertex -12.17522858 -15.867066806 22
      vertex -10 -17.320508076 18
      vertex -10 -17.320508076 22
    endloop
  endfacet
  facet normal -0.308632247 -0.461900799 0.831500925
    outer loop
      vertex -4.870091432 -6.346826722 30
      vertex -12.17522858 -15.867066806 22
      vertex -10 -17.320508076 22
    endloop
  endfacet
  facet normal -0.308632247 -0.461900799 0.831500925
    outer loop
      vertex -4.870091432 -6.346826722 30
      vertex -10 -17.320508076 22
      vertex -4 -6.92820323 30
    endloop
  endfacet
  facet normal 0 0 1
    outer loop
      vertex 0 0 30
      vertex -4.870091432 -6.346826722 30
      vertex -4 -6.92820323 30
    endloop
  endfacet
  facet normal 0 0 -1
    outer loop
      vertex -10 -17.320508076 18
      vertex 0 0 18
      vertex -7.653668647 -18.47759065 18
    endloop
  endfacet
  facet normal -0.44228869 -0.896872742 0
    outer loop
      vertex -10 -17.320508076 22
      vertex -10 -17.320508076 18
      vertex -7.653668647 -18.47759065 18
    endloop
  endfacet
  facet normal -0.44228869 -0.896872742 0
    outer loop
      vertex -10 -17.320508076 22
      vertex -7.653668647 -18.47759065 18
      vertex -7.653668647 -18.47759065 22
    endloop
  endfacet
  facet normal -0.245701703 -0.498233766 0.831500925
    outer loop
      vertex -4 -6.92820323 30
      vertex -10 -17.320508076 22
      vertex -7.653668647 -18.47759065 22
    endloop
  endfacet
  facet normal -0.245701703 -0.498233766 0.831500925
    outer loop
      vertex -4 -6.92820323 30
      vertex -7.653668647 -18.47759065 22
      vertex -3.061467459 -7.39103626 30
    endloop
  endfacet
  facet normal 0 0 1
    outer loop
      vertex 0 0 30
      vertex -4 -6.92820323 30
      vertex -3.061467459 -7.39103626 30
    endloop
  endfacet
  facet normal 0 0 -1
    outer loop
      vertex -7.653668647 -18.47759065 18
      vertex 0 0 18
      vertex -5.176380902 -19.318516526 18
    endloop
  endfacet
  facet normal -0.321439465 -0.946930129 0
    outer loop
      vertex -7.653668647 -18.47759065 22
      vertex -7.653668647 -18.47759065 18
      vertex -5.176380902 -19.318516526 18
    endloop
  endfacet
  facet normal -0.321439465 -0.946930129 0
    outer loop
      vertex -7.653668647 -18.47759065 22
      vertex -5.176380902 -19.318516526 18
      vertex -5.176380902 -19.318516526 22
    endloop
  endfacet
  facet normal -0.178567134 -0.526041815 0.831500925
    outer loop
      vertex -3.061467459 -7.39103626 30
      vertex -7.653668647 -18.47759065 22
      vertex -5.176380902 -19.318516526 22
    endloop
  endfacet
  facet normal -0.178567134 -0.526041815 0.831500925
    outer loop
      vertex -3.061467459 -7.39103626 30
      vertex -5.176380902 -19.318516526 22
      vertex -2.070552361 -7.72740661 30
    endloop
  endfacet
  facet normal 0 0 1
    outer loop
      vertex 0 0 30
      vertex -3.061467459 -7.39103626 30
      vertex -2.070552361 -7.72740661 30
    endloop
  endfacet
  facet normal 0 0 -1
    outer loop
      vertex -5.176380902 -19.318516526 18
      vertex 0 0 18
      vertex -2.610523844 -19.828897227 18
    endloop
  endfacet
  facet normal -0.195090322 -0.98078528 0
    outer loop
      vertex -5.176380902 -19.318516526 22
      vertex -5.176380902 -19.318516526 18
      vertex -2.610523844 -19.828897227 18
    endloop
  endfacet
  facet normal -0.195090322 -0.98078528 0
    outer loop
      vertex -5.176380902 -19.318516526 22
      vertex -2.610523844 -19.828897227 18
      vertex -2.610523844 -19.828897227 22
    endloop
  endfacet
  facet normal -0.108377233 -0.544849142 0.831500925
    outer loop
      vertex -2.070552361 -7.72740661 30
      vertex -5.176380902 -19.318516526 22
      vertex -2.610523844 -19.828897227 22
    endloop
  endfacet
  facet normal -0.108377233 -0.544849142 0.831500925
    outer loop
      vertex -2.070552361 -7.72740661 30
      vertex -2.610523844 -19.828897227 22
      vertex -1.044209538 -7.931558891 30
    endloop
  endfacet
  facet normal 0 0 1
    outer loop
      vertex 0 0 30
      vertex -2.070552361 -7.72740661 30
      vertex -1.044209538 -7.931558891 30
    endloop
  endfacet
  facet normal 0 0 -1
    outer loop
      vertex -2.610523844 -19.828897227 18
      vertex 0 0 18
      vertex 0 -20 18
    endloop
  endfacet
  facet normal -0.065403129 -0.997858923 0
    outer loop
      vertex -2.610523844 -19.828897227 22
      vertex -2.610523844 -19.828897227 18
      vertex 0 -20 18
    endloop
  endfacet
  facet normal -0.065403129 -0.997858923 0
    outer loop
      vertex -2.610523844 -19.828897227 22
      vertex 0 -20 18
      vertex 0 -20 22
    endloop
  endfacet
  facet normal -0.036332967 -0.55433395 0.831500925
    outer loop
      vertex -1.044209538 -7.931558891 30
      vertex -2.610523844 -19.828897227 22
      vertex 0 -20 22
    endloop
  endfacet
  facet normal -0.036332967 -0.55433395 0.831500925
    outer loop
      vertex -1.044209538 -7.931558891 30
      vertex 0 -20 22
      vertex 0 -8 30
    endloop
  endfacet
  facet normal 0 0 1
    outer loop
      vertex 0 0 30
      vertex -1.044209538 -7.931558891 30
      vertex 0 -8 30
    endloop
  endfacet
  facet normal 0 0 -1
    outer loop
      vertex 0 -20 18
      vertex 0 0 18
      vertex 2.610523844 -19.828897227 18
    endloop
  endfacet
  facet normal 0.065403129 -0.997858923 0
    outer loop
      vertex 0 -20 22
      vertex 0 -20 18
      vertex 2.610523844 -19.828897227 18
    endloop
  endfacet
  facet normal 0.065403129 -0.997858923 0
    outer loop
      vertex 0 -20 22
      vertex 2.610523844 -19.828897227 18
      vertex 2.610523844 -19.828897227 22
    endloop
  endfacet
  facet normal 0.036332967 -0.55433395 0.831500925
    outer loop
      vertex 0 -8 30
      vertex 0 -20 22
      vertex 2.610523844 -19.828897227 22
    endloop
  endfacet
  facet normal 0.036332967 -0.55433395 0.831500925
    outer loop
      vertex 0 -8 30
      vertex 2.610523844 -19.828897227 22
      vertex 1.044209538 -7.931558891 30
    endloop
  endfacet
  facet normal 0 0 1
    outer loop
      vertex 0 0 30
      vertex 0 -8 30
      vertex 1.044209538 -7.931558891 30
    endloop
  endfacet
  facet normal 0 0 -1
    outer loop
      vertex 2.610523844 -19.828897227 18
      vertex 0 0 18
      vertex 5.176380902 -19.318516526 18
    endloop
  endfacet
  facet normal 0.195090322 -0.98078528 0
    outer loop
      vertex 2.610523844 -19.828897227 22
      vertex 2.610523844 -19.828897227 18
      vertex 5.176380902 -19.318516526 18
    endloop
  endfacet
  facet normal 0.195090322 -0.98078528 0
    outer loop
      vertex 2.610523844 -19.828897227 22
      vertex 5.176380902 -19.318516526 18
      vertex 5.176380902 -19.318516526 22
    endloop
  endfacet
  facet normal 0.108377233 -0.544849142 0.831500925
    outer loop
      vertex 1.044209538 -7.931558891 30
      vertex 2.610523844 -19.828897227 22
      vertex 5.176380902 -19.318516526 22
    endloop
  endfacet
  facet normal 0.108377233 -0.544849142 0.831500925
    outer loop
      vertex 1.044209538 -7.931558891 30
      vertex 5.176380902 -19.318516526 22
      vertex 2.070552361 -7.72740661 30
    endloop
  endfacet
  facet normal 0 0 1
    outer loop
      vertex 0 0 30
      vertex 1.044209538 -7.931558891 30
      vertex 2.070552361 -7.72740661 30
    endloop
  endfacet
  facet normal 0 0 -1
    outer loop
      vertex 5.176380902 -19.318516526 18
      vertex 0 0 18
      vertex 7.653668647 -18.47759065 18
    endloop
  endfacet
  facet normal 0.321439465 -0.946930129 0
    outer loop
      vertex 5.176380902 -19.318516526 22
      vertex 5.176380902 -19.318516526 18
      vertex 7.653668647 -18.47759065 18
    endloop
  endfacet
  facet normal 0.321439465 -0.946930129 0
    outer loop
      vertex 5.176380902 -19.318516526 22
      vertex 7.653668647 -18.47759065 18
      vertex 7.653668647 -18.47759065 22
    endloop
  endfacet
  facet normal 0.178567134 -0.526041815 0.831500925
    outer loop
      vertex 2.070552361 -7.72740661 30
      vertex 5.176380902 -19.318516526 22
      vertex 7.653668647 -18.47759065 22
    endloop
  endfacet
  facet normal 0.178567134 -0.526041815 0.831500925
    outer loop
      vertex 2.070552361 -7.72740661 30
      vertex 7.653668647 -18.47759065 22
      vertex 3.061467459 -7.39103626 30
    endloop
  endfacet
  facet normal 0 0 1
    outer loop
      vertex 0 0 30
      vertex 2.070552361 -7.72740661 30
      vertex 3.061467459 -7.39103626 30
    endloop
  endfacet
  facet normal 0 0 -1
    outer loop
      vertex 7.653668647 -18.47759065 18
      vertex 0 0 18
      vertex 10 -17.320508076 18
    endloop
  endfacet
  facet normal 0.44228869 -0.896872742 0
    outer loop
      vertex 7.653668647 -18.47759065 22
      vertex 7.653668647 -18.47759065 18
      vertex 10 -17.320508076 18
    endloop
  endfacet
  facet normal 0.44228869 -0.896872742 0
    outer loop
      vertex 7.653668647 -18.47759065 22
      vertex 10 -17.320508076 18
      vertex 10 -17.320508076 22
    endloop
  endfacet
  facet normal 0.245701703 -0.498233766 0.831500925
    outer loop
      vertex 3.061467459 -7.39103626 30
      vertex 7.653668647 -18.47759065 22
      vertex 10 -17.320508076 22
    endloop
  endfacet
  facet normal 0.245701703 -0.498233766 0.831500925
    outer loop
      vertex 3.061467459 -7.39103626 30
      vertex 10 -17.320508076 22
      vertex 4 -6.92820323 30
    endloop
  endfacet
  facet normal 0 0 1
    outer loop
      vertex 0 0 30
      vertex 3.061467459 -7.39103626 30
      vertex 4 -6.92820323 30
    endloop
  endfacet
  facet normal 0 0 -1
    outer loop
      vertex 10 -17.320508076 18
      vertex 0 0 18
      vertex 12.17522858 -15.867066806 18
    endloop
  endfacet
  facet normal 0.555570233 -0.831469612 0
    outer loop
      vertex 10 -17.320508076 22
      vertex 10 -17.320508076 18
      vertex 12.17522858 -15.867066806 18
    endloop
  endfacet
  facet normal 0.555570233 -0.831469612 0
    outer loop
      vertex 10 -17.320508076 22
      vertex 12.17522858 -15.867066806 18
      vertex 12.17522858 -15.867066806 22
    endloop
  endfacet
  facet normal 0.308632247 -0.461900799 0.831500925
    outer loop
      vertex 4 -6.92820323 30
      vertex 10 -17.320508076 22
      vertex 12.17522858 -15.867066806 22
    endloop
  endfacet
  facet normal 0.308632247 -0.461900799 0.831500925
    outer loop
      vertex 4 -6.92820323 30
      vertex 12.17522858 -15.867066806 22
      vertex 4.870091432 -6.346826722 30
    endloop
  endfacet
  facet normal 0 0 1
    outer loop
      vertex 0 0 30
      vertex 4 -6.92820323 30
      vertex 4.870091432 -6.346826722 30
    endloop
  endfacet
  facet normal 0 0 -1
    outer loop
      vertex 12.17522858 -15.867066806 18
      vertex 0 0 18
      vertex 14.142135624 -14.142135624 18
    endloop
  endfacet
  facet normal 0.659345815 -0.751839807 0
    outer loop
      vertex 12.17522858 -15.867066806 22
      vertex 12.17522858 -15.867066806 18
      vertex 14.142135624 -14.142135624 18
    endloop
  endfacet
  facet normal 0.659345815 -0.751839807 0
    outer loop
      vertex 12.17522858 -15.867066806 22
      vertex 14.142135624 -14.142135624 18
      vertex 14.142135624 -14.142135624 22
    endloop
  endfacet
  facet normal 0.366282008 -0.417664582 0.831500925
    outer loop
      vertex 4.870091432 -6.346826722 30
      vertex 12.17522858 -15.867066806 22
      vertex 14.142135624 -14.142135624 22
    endloop
  endfacet
  facet normal 0.366282008 -0.417664582 0.831500925
    outer loop
      vertex 4.870091432 -6.346826722 30
      vertex 14.142135624 -14.142135624 22
      vertex 5.656854249 -5.656854249 30
    endloop
  endfacet
  facet normal 0 0 1
    outer loop
      vertex 0 0 30
      vertex 4.870091432 -6.346826722 30
      vertex 5.656854249 -5.656854249 30
    endloop
  endfacet
  facet normal 0 0 -1
    outer loop
      vertex 14.142135624 -14.142135624 18
      vertex 0 0 18
      vertex 15.867066806 -12.17522858 18
    endloop
  endfacet
  facet normal 0.751839807 -0.659345815 0
    outer loop
      vertex 14.142135624 -14.142135624 22
      vertex 14.142135624 -14.142135624 18
      vertex 15.867066806 -12.17522858 18
    endloop
  endfacet
  facet normal 0.751839807 -0.659345815 0
    outer loop
      vertex 14.142135624 -14.142135624 22
      vertex 15.867066806 -12.17522858 18
      vertex 15.867066806 -12.17522858 22
    endloop
  endfacet
  facet normal 0.417664582 -0.366282008 0.831500925
    outer loop
      vertex 5.656854249 -5.656854249 30
      vertex 14.142135624 -14.142135624 22
      vertex 15.867066806 -12.17522858 22
    endloop
  endfacet
  facet normal 0.417664582 -0.366282008 0.831500925
    outer loop
      vertex 5.656854249 -5.656854249 30
      vertex 15.867066806 -12.17522858 22
      vertex 6.346826722 -4.870091432 30
    endloop
  endfacet
  facet normal 0 0 1
    outer loop
      vertex 0 0 30
      vertex 5.656854249 -5.656854249 30
      vertex 6.346826722 -4.870091432 30
    endloop
  endfacet
  facet normal 0 0 -1
    outer loop
      vertex 15.867066806 -12.17522858 18
      vertex 0 0 18
      vertex 17.320508076 -10 18
    endloop
  endfacet
  facet normal 0.831469612 -0.555570233 0
    outer loop
      vertex 15.867066806 -12.17522858 22
      vertex 15.867066806 -12.17522858 18
      vertex 17.320508076 -10 18
    endloop
  endfacet
  facet normal 0.831469612 -0.555570233 0
    outer loop
      vertex 15.867066806 -12.17522858 22
      vertex 17.320508076 -10 18
      vertex 17.320508076 -10 22
    endloop
  endfacet
  facet normal 0.461900799 -0.308632247 0.831500925
    outer loop
      vertex 6.346826722 -4.870091432 30
      vertex 15.867066806 -12.17522858 22
      vertex 17.320508076 -10 22
    endloop
  endfacet
  facet normal 0.461900799 -0.308632247 0.831500925
    outer loop
      vertex 6.346826722 -4.870091432 30
      vertex 17.320508076 -10 22
      vertex 6.92820323 -4 30
    endloop
  endfacet
  facet normal 0 0 1
    outer loop
      vertex 0 0 30
      vertex 6.346826722 -4.870091432 30
      vertex 6.92820323 -4 30
    endloop
  endfacet
  facet normal 0 0 -1
    outer loop
      vertex 17.320508076 -10 18
      vertex 0 0 18
      vertex 18.47759065 -7.653668647 18
    endloop
  endfacet
  facet normal 0.896872742 -0.44228869 0
    outer loop
      vertex 17.320508076 -10 22
      vertex 17.320508076 -10 18
      vertex 18.47759065 -7.653668647 18
    endloop
  endfacet
  facet normal 0.896872742 -0.44228869 0
    outer loop
      vertex 17.320508076 -10 22
      vertex 18.47759065 -7.653668647 18
      vertex 18.47759065 -7.653668647 22
    endloop
  endfacet
  facet normal 0.498233766 -0.245701703 0.831500925
    outer loop
      vertex 6.92820323 -4 30
      vertex 17.320508076 -10 22
      vertex 18.47759065 -7.653668647 22
    endloop
  endfacet
  facet normal 0.498233766 -0.245701703 0.831500925
    outer loop
      vertex 6.92820323 -4 30
      vertex 18.47759065 -7.653668647 22
      vertex 7.39103626 -3.061467459 30
    endloop
  endfacet
  facet normal 0 0 1
    outer loop
      vertex 0 0 30
      vertex 6.92820323 -4 30
      vertex 7.39103626 -3.061467459 30
    endloop
  endfacet
  facet normal 0 0 -1
    outer loop
      vertex 18.47759065 -7.653668647 18
      vertex 0 0 18
      vertex 19.318516526 -5.176380902 18
    endloop
  endfacet
  facet normal 0.946930129 -0.321439465 0
    outer loop
      vertex 18.47759065 -7.653668647 22
      vertex 18.47759065 -7.653668647 18
      vertex 19.318516526 -5.176380902 18
    endloop
  endfacet
  facet normal 0.946930129 -0.321439465 0
    outer loop
      vertex 18.47759065 -7.653668647 22
      vertex 19.318516526 -5.176380902 18
      vertex 19.318516526 -5.176380902 22
    endloop
  endfacet
  facet normal 0.526041815 -0.178567134 0.831500925
    outer loop
      vertex 7.39103626 -3.061467459 30
      vertex 18.47759065 -7.653668647 22
      vertex 19.318516526 -5.176380902 22
    endloop
  endfacet
  facet normal 0.526041815 -0.178567134 0.831500925
    outer loop
      vertex 7.39103626 -3.061467459 30
      vertex 19.318516526 -5.176380902 22
      vertex 7.72740661 -2.070552361 30
    endloop
  endfacet
  facet normal 0 0 1
    outer loop
      vertex 0 0 30
      vertex 7.39103626 -3.061467459 30
      vertex 7.72740661 -2.070552361 30
    endloop
  endfacet
  facet normal 0 0 -1
    outer loop
      vertex 19.318516526 -5.176380902 18
      vertex 0 0 18
      vertex 19.828897227 -2.610523844 18
    endloop
  endfacet
  facet normal 0.98078528 -0.195090322 0
    outer loop
      vertex 19.318516526 -5.176380902 22
      vertex 19.318516526 -5.176380902 18
      vertex 19.828897227 -2.610523844 18
    endloop
  endfacet
  facet normal 0.98078528 -0.195090322 0
    outer loop
      vertex 19.318516526 -5.176380902 22
      vertex 19.828897227 -2.610523844 18
      vertex 19.828897227 -2.610523844 22
    endloop
  endfacet
  facet normal 0.544849142 -0.108377233 0.831500925
    outer loop
      vertex 7.72740661 -2.070552361 30
      vertex 19.318516526 -5.176380902 22
      vertex 19.828897227 -2.610523844 22
    endloop
  endfacet
  facet normal 0.544849142 -0.108377233 0.831500925
    outer loop
      vertex 7.72740661 -2.070552361 30
      vertex 19.828897227 -2.610523844 22
      vertex 7.931558891 -1.044209538 30
    endloop
  endfacet
  facet normal 0 0 1
    outer loop
      vertex 0 0 30
      vertex 7.72740661 -2.070552361 30
      vertex 7.931558891 -1.044209538 30
    endloop
  endfacet
  facet normal 0 0 -1
    outer loop
      vertex 19.828897227 -2.610523844 18
      vertex 0 0 18
      vertex 20 0 18
    endloop
  endfacet
  facet normal 0.997858923 -0.065403129 0
    outer loop
      vertex 19.828897227 -2.610523844 22
      vertex 19.828897227 -2.610523844 18
      vertex 20 0 18
    endloop
  endfacet
  facet normal 0.997858923 -0.065403129 0
    outer loop
      vertex 19.828897227 -2.610523844 22
      vertex 20 0 18
      vertex 20 0 22
    endloop
  endfacet
  facet normal 0.55433395 -0.036332967 0.831500925
    outer loop
      vertex 7.931558891 -1.044209538 30
      vertex 19.828897227 -2.610523844 22
      vertex 20 0 22
    endloop
  endfacet
  facet normal 0.55433395 -0.036332967 0.831500925
    outer loop
      vertex 7.931558891 -1.044209538 30
      vertex 20 0 22
      vertex 8 0 30
    endloop
  endfacet
  facet normal 0 0 1
    outer loop
      vertex 0 0 30
      vertex 7.931558891 -1.044209538 30
      vertex 8 0 30
    endloop
  endfacet
  facet normal -1 0 0
    outer loop
      vertex -55 -32 -8
      vertex -55 -32 -2
      vertex -55 -28 -2
    endloop
  endfacet
  facet normal -1 0 0
    outer loop
      vertex -55 -32 -8
      vertex -55 -28 -2
      vertex -55 -28 -8
    endloop
  endfacet
  facet normal 0 0 1
    outer loop
      vertex -55 -32 -2
      vertex 55 -32 -2
      vertex 55 -28 -2
    endloop
  endfacet
  facet normal 0 0 1
    outer loop
      vertex -55 -32 -2
      vertex 55 -28 -2
      vertex -55 -28 -2
    endloop
  endfacet
  facet normal 1 0 0
    outer loop
      vertex 55 -32 -2
      vertex 55 -32 -8
      vertex 55 -28 -8
    endloop
  endfacet
  facet normal 1 0 0
    outer loop
      vertex 55 -32 -2
      vertex 55 -28 -8
      vertex 55 -28 -2
    endloop
  endfacet
  facet normal 0 0 -1
    outer loop
      vertex 55 -32 -8
      vertex -55 -32 -8
      vertex -55 -28 -8
    endloop
  endfacet
  facet normal 0 0 -1
    outer loop
      vertex 55 -32 -8
      vertex -55 -28 -8
      vertex 55 -28 -8
    endloop
  endfacet
  facet normal 0 1 0
    outer loop
      vertex 55 -28 -8
      vertex -55 -28 -8
      vertex -55 -28 -2
    endloop
  endfacet
  facet normal 0 1 0
    outer loop
      vertex -55 -28 -2
      vertex 55 -28 -2
      vertex 55 -28 -8
    endloop
  endfacet
  facet normal 0 -1 0
    outer loop
      vertex -55 -32 -2
      vertex -55 -32 -8
      vertex 55 -32 -8
    endloop
  endfacet
  facet normal 0 -1 0
    outer loop
      vertex 55 -32 -8
      vertex 55 -32 -2
      vertex -55 -32 -2
    endloop
  endfacet
  facet normal -1 0 0
    outer loop
      vertex -55 28 -8
      vertex -55 28 -2
      vertex -55 32 -2
    endloop
  endfacet
  facet normal -1 0 0
    outer loop
      vertex -55 28 -8
      vertex -55 32 -2
      vertex -55 32 -8
    endloop
  endfacet
  facet normal 0 0 1
    outer loop
      vertex -55 28 -2
      vertex 55 28 -2
      vertex 55 32 -2
    endloop
  endfacet
  facet normal 0 0 1
    outer loop
      vertex -55 28 -2
      vertex 55 32 -2
      vertex -55 32 -2
    endloop
  endfacet
  facet normal 1 0 0
    outer loop
      vertex 55 28 -2
      vertex 55 28 -8
      vertex 55 32 -8
    endloop
  endfacet
  facet normal 1 0 0
    outer loop
      vertex 55 28 -2
      vertex 55 32 -8
      vertex 55 32 -2
    endloop
  endfacet
  facet normal 0 0 -1
    outer loop
      vertex 55 28 -8
      vertex -55 28 -8
      vertex -55 32 -8
    endloop
  endfacet
  facet normal 0 0 -1
    outer loop
      vertex 55 28 -8
      vertex -55 32 -8
      vertex 55 32 -8
    endloop
  endfacet
  facet normal 0 1 0
    outer loop
      vertex 55 32 -8
      vertex -55 32 -8
      vertex -55 32 -2
    endloop
  endfacet
  facet normal 0 1 0
    outer loop
      vertex -55 32 -2
      vertex 55 32 -2
      vertex 55 32 -8
    endloop
  endfacet
  facet normal 0 -1 0
    outer loop
      vertex -55 28 -2
      vertex -55 28 -8
      vertex 55 28 -8
    endloop
  endfacet
  facet normal 0 -1 0
    outer loop
      vertex 55 28 -8
      vertex 55 28 -2
      vertex -55 28 -2
    endloop
  endfacet
  facet normal -1 0 0
    outer loop
      vertex -24 7 14
      vertex -24 -21 14
      vertex -24 -21 30
    endloop
  endfacet
  facet normal -1 0 0
    outer loop
      vertex -24 7 14
      vertex -24 -21 30
      vertex -24 7 30
    endloop
  endfacet
  facet normal 0 -1 0
    outer loop
      vertex -24 -21 14
      vertex 24 -21 14
      vertex 24 -21 30
    endloop
  endfacet
  facet normal 0 -1 0
    outer loop
      vertex -24 -21 14
      vertex 24 -21 30
      vertex -24 -21 30
    endloop
  endfacet
  facet normal 1 0 0
    outer loop
      vertex 24 -21 14
      vertex 24 7 14
      vertex 24 7 30
    endloop
  endfacet
  facet normal 1 0 0
    outer loop
      vertex 24 -21 14
      vertex 24 7 30
      vertex 24 -21 30
    endloop
  endfacet
  facet normal 0 1 0
    outer loop
      vertex 24 7 14
      vertex -24 7 14
      vertex -24 7 30
    endloop
  endfacet
  facet normal 0 1 0
    outer loop
      vertex 24 7 14
      vertex -24 7 30
      vertex 24 7 30
    endloop
  endfacet
  facet normal 0 0 1
    outer loop
      vertex 24 7 30
      vertex -24 7 30
      vertex -24 -21 30
    endloop
  endfacet
  facet normal 0 0 1
    outer loop
      vertex -24 -21 30
      vertex 24 -21 30
      vertex 24 7 30
    endloop
  endfacet
  facet normal 0 0 -1
    outer loop
      vertex -24 -21 14
      vertex -24 7 14
      vertex 24 7 14
    endloop
  endfacet
  facet normal 0 0 -1
    outer loop
      vertex 24 7 14
      vertex 24 -21 14
      vertex -24 -21 14
    endloop
  endfacet
  facet normal -1 0 0
    outer loop
      vertex -17 25 30
      vertex -17 -9 30
      vertex -17 -9 36
    endloop
  endfacet
  facet normal -1 0 0
    outer loop
      vertex -17 25 30
      vertex -17 -9 36
      vertex -17 25 36
    endloop
  endfacet
  facet normal 0 -1 0
    outer loop
      vertex -17 -9 30
      vertex 17 -9 30
      vertex 17 -9 36
    endloop
  endfacet
  facet normal 0 -1 0
    outer loop
      vertex -17 -9 30
      vertex 17 -9 36
      vertex -17 -9 36
    endloop
  endfacet
  facet normal 1 0 0
    outer loop
      vertex 17 -9 30
      vertex 17 25 30
      vertex 17 25 36
    endloop
  endfacet
  facet normal 1 0 0
    outer loop
      vertex 17 -9 30
      vertex 17 25 36
      vertex 17 -9 36
    endloop
  endfacet
  facet normal 0 1 0
    outer loop
      vertex 17 25 30
      vertex -17 25 30
      vertex -17 25 36
    endloop
  endfacet
  facet normal 0 1 0
    outer loop
      vertex 17 25 30
      vertex -17 25 36
      vertex 17 25 36
    endloop
  endfacet
  facet normal 0 0 1
    outer loop
      vertex 17 25 36
      vertex -17 25 36
      vertex -17 -9 36
    endloop
  endfacet
  facet normal 0 0 1
    outer loop
      vertex -17 -9 36
      vertex 17 -9 36
      vertex 17 25 36
    endloop
  endfacet
  facet normal 0 0 -1
    outer loop
      vertex -17 -9 30
      vertex -17 25 30
      vertex 17 25 30
    endloop
  endfacet
  facet normal 0 0 -1
    outer loop
      vertex 17 25 30
      vertex 17 -9 30
      vertex -17 -9 30
    endloop
  endfacet
  facet normal 0 0 1
    outer loop
      vertex 0 -36 24
      vertex 0 -47 24
      vertex 18 -47 24
    endloop
  endfacet
  facet normal 0 0 1
    outer loop
      vertex 0 -36 24
      vertex 18 -47 24
      vertex 18 -36 24
    endloop
  endfacet
  facet normal 0 -1 0
    outer loop
      vertex 0 -47 24
      vertex 0 -47 0
      vertex 18 -47 0
    endloop
  endfacet
  facet normal 0 -1 0
    outer loop
      vertex 0 -47 24
      vertex 18 -47 0
      vertex 18 -47 24
    endloop
  endfacet
  facet normal 0 0 -1
    outer loop
      vertex 0 -47 0
      vertex 0 -36 0
      vertex 18 -36 0
    endloop
  endfacet
  facet normal 0 0 -1
    outer loop
      vertex 0 -47 0
      vertex 18 -36 0
      vertex 18 -47 0
    endloop
  endfacet
  facet normal 0 0.894427191 -0.447213595
    outer loop
      vertex 0 -36 0
      vertex 0 -30 12
      vertex 18 -30 12
    endloop
  endfacet
  facet normal 0 0.894427191 -0.447213595
    outer loop
      vertex 0 -36 0
      vertex 18 -30 12
      vertex 18 -36 0
    endloop
  endfacet
  facet normal 0 0.894427191 0.447213595
    outer loop
      vertex 0 -30 12
      vertex 0 -36 24
      vertex 18 -36 24
    endloop
  endfacet
  facet normal 0 0.894427191 0.447213595
    outer loop
      vertex 0 -30 12
      vertex 18 -36 24
      vertex 18 -30 12
    endloop
  endfacet
  facet normal 1 0 0
    outer loop
      vertex 18 -30 12
      vertex 18 -36 24
      vertex 18 -47 24
    endloop
  endfacet
  facet normal 1 0 0
    outer loop
      vertex 18 -47 24
      vertex 18 -47 0
      vertex 18 -36 0
    endloop
  endfacet
  facet normal 1 0 0
    outer loop
      vertex 18 -36 0
      vertex 18 -30 12
      vertex 18 -47 24
    endloop
  endfacet
  facet normal -1 0 0
    outer loop
      vertex 0 -47 24
      vertex 0 -36 24
      vertex 0 -30 12
    endloop
  endfacet
  facet normal -1 0 0
    outer loop
      vertex 0 -36 0
      vertex 0 -47 0
      vertex 0 -47 24
    endloop
  endfacet
  facet normal -1 0 0
    outer loop
      vertex 0 -47 24
      vertex 0 -30 12
      vertex 0 -36 0
    endloop
  endfacet
  facet normal 0.997858923 -0.065403129 0
    outer loop
      vertex 1.982889723 27.738947616 18
      vertex 2 28 18
      vertex 2 28 50
    endloop
  endfacet
  facet normal 0.997858923 -0.065403129 0
    outer loop
      vertex 1.982889723 27.738947616 18
      vertex 2 28 50
      vertex 1.982889723 27.738947616 50
    endloop
  endfacet
  facet normal 0.997858923 0.065403129 0
    outer loop
      vertex 2 28 18
      vertex 1.982889723 28.261052384 18
      vertex 1.982889723 28.261052384 50
    endloop
  endfacet
  facet normal 0.997858923 0.065403129 0
    outer loop
      vertex 2 28 18
      vertex 1.982889723 28.261052384 50
      vertex 2 28 50
    endloop
  endfacet
  facet normal 0.98078528 0.195090322 0
    outer loop
      vertex 1.982889723 28.261052384 18
      vertex 1.931851653 28.51763809 18
      vertex 1.931851653 28.51763809 50
    endloop
  endfacet
  facet normal 0.98078528 0.195090322 0
    outer loop
      vertex 1.982889723 28.261052384 18
      vertex 1.931851653 28.51763809 50
      vertex 1.982889723 28.261052384 50
    endloop
  endfacet
  facet normal 0.946930129 0.321439465 0
    outer loop
      vertex 1.931851653 28.51763809 18
      vertex 1.847759065 28.765366865 18
      vertex 1.847759065 28.765366865 50
    endloop
  endfacet
  facet normal 0.946930129 0.321439465 0
    outer loop
      vertex 1.931851653 28.51763809 18
      vertex 1.847759065 28.765366865 50
      vertex 1.931851653 28.51763809 50
    endloop
  endfacet
  facet normal 0.896872742 0.44228869 0
    outer loop
      vertex 1.847759065 28.765366865 18
      vertex 1.732050808 29 18
      vertex 1.732050808 29 50
    endloop
  endfacet
  facet normal 0.896872742 0.44228869 0
    outer loop
      vertex 1.847759065 28.765366865 18
      vertex 1.732050808 29 50
      vertex 1.847759065 28.765366865 50
    endloop
  endfacet
  facet normal 0.831469612 0.555570233 0
    outer loop
      vertex 1.732050808 29 18
      vertex 1.586706681 29.217522858 18
      vertex 1.586706681 29.217522858 50
    endloop
  endfacet
  facet normal 0.831469612 0.555570233 0
    outer loop
      vertex 1.732050808 29 18
      vertex 1.586706681 29.217522858 50
      vertex 1.732050808 29 50
    endloop
  endfacet
  facet normal 0.751839807 0.659345815 0
    outer loop
      vertex 1.586706681 29.217522858 18
      vertex 1.414213562 29.414213562 18
      vertex 1.414213562 29.414213562 50
    endloop
  endfacet
  facet normal 0.751839807 0.659345815 0
    outer loop
      vertex 1.586706681 29.217522858 18
      vertex 1.414213562 29.414213562 50
      vertex 1.586706681 29.217522858 50
    endloop
  endfacet
  facet normal 0.659345815 0.751839807 0
    outer loop
      vertex 1.414213562 29.414213562 18
      vertex 1.217522858 29.586706681 18
      vertex 1.217522858 29.586706681 50
    endloop
  endfacet
  facet normal 0.659345815 0.751839807 0
    outer loop
      vertex 1.414213562 29.414213562 18
      vertex 1.217522858 29.586706681 50
      vertex 1.414213562 29.414213562 50
    endloop
  endfacet
  facet normal 0.555570233 0.831469612 0
    outer loop
      vertex 1.217522858 29.586706681 18
      vertex 1 29.732050808 18
      vertex 1 29.732050808 50
    endloop
  endfacet
  facet normal 0.555570233 0.831469612 0
    outer loop
      vertex 1.217522858 29.586706681 18
      vertex 1 29.732050808 50
      vertex 1.217522858 29.586706681 50
    endloop
  endfacet
  facet normal 0.44228869 0.896872742 0
    outer loop
      vertex 1 29.732050808 18
      vertex 0.765366865 29.847759065 18
      vertex 0.765366865 29.847759065 50
    endloop
  endfacet
  facet normal 0.44228869 0.896872742 0
    outer loop
      vertex 1 29.732050808 18
      vertex 0.765366865 29.847759065 50
      vertex 1 29.732050808 50
    endloop
  endfacet
  facet normal 0.321439465 0.946930129 0
    outer loop
      vertex 0.765366865 29.847759065 18
      vertex 0.51763809 29.931851653 18
      vertex 0.51763809 29.931851653 50
    endloop
  endfacet
  facet normal 0.321439465 0.946930129 0
    outer loop
      vertex 0.765366865 29.847759065 18
      vertex 0.51763809 29.931851653 50
      vertex 0.765366865 29.847759065 50
    endloop
  endfacet
  facet normal 0.195090322 0.98078528 0
    outer loop
      vertex 0.51763809 29.931851653 18
      vertex 0.261052384 29.982889723 18
      vertex 0.261052384 29.982889723 50
    endloop
  endfacet
  facet normal 0.195090322 0.98078528 0
    outer loop
      vertex 0.51763809 29.931851653 18
      vertex 0.261052384 29.982889723 50
      vertex 0.51763809 29.931851653 50
    endloop
  endfacet
  facet normal 0.065403129 0.997858923 0
    outer loop
      vertex 0.261052384 29.982889723 18
      vertex 0 30 18
      vertex 0 30 50
    endloop
  endfacet
  facet normal 0.065403129 0.997858923 0
    outer loop
      vertex 0.261052384 29.982889723 18
      vertex 0 30 50
      vertex 0.261052384 29.982889723 50
    endloop
  endfacet
  facet normal -0.065403129 0.997858923 0
    outer loop
      vertex 0 30 18
      vertex -0.261052384 29.982889723 18
      vertex -0.261052384 29.982889723 50
    endloop
  endfacet
  facet normal -0.065403129 0.997858923 0
    outer loop
      vertex 0 30 18
      vertex -0.261052384 29.982889723 50
      vertex 0 30 50
    endloop
  endfacet
  facet normal -0.195090322 0.98078528 0
    outer loop
      vertex -0.261052384 29.982889723 18
      vertex -0.51763809 29.931851653 18
      vertex -0.51763809 29.931851653 50
    endloop
  endfacet
  facet normal -0.195090322 0.98078528 0
    outer loop
      vertex -0.261052384 29.982889723 18
      vertex -0.51763809 29.931851653 50
      vertex -0.261052384 29.982889723 50
    endloop
  endfacet
  facet normal -0.321439465 0.946930129 0
    outer loop
      vertex -0.51763809 29.931851653 18
      vertex -0.765366865 29.847759065 18
      vertex -0.765366865 29.847759065 50
    endloop
  endfacet
  facet normal -0.321439465 0.946930129 0
    outer loop
      vertex -0.51763809 29.931851653 18
      vertex -0.765366865 29.847759065 50
      vertex -0.51763809 29.931851653 50
    endloop
  endfacet
  facet normal -0.44228869 0.896872742 0
    outer loop
      vertex -0.765366865 29.847759065 18
      vertex -1 29.732050808 18
      vertex -1 29.732050808 50
    endloop
  endfacet
  facet normal -0.44228869 0.896872742 0
    outer loop
      vertex -0.765366865 29.847759065 18
      vertex -1 29.732050808 50
      vertex -0.765366865 29.847759065 50
    endloop
  endfacet
  facet normal -0.555570233 0.831469612 0
    outer loop
      vertex -1 29.732050808 18
      vertex -1.217522858 29.586706681 18
      vertex -1.217522858 29.586706681 50
    endloop
  endfacet
  facet normal -0.555570233 0.831469612 0
    outer loop
      vertex -1 29.732050808 18
      vertex -1.217522858 29.586706681 50
      vertex -1 29.732050808 50
    endloop
  endfacet
  facet normal -0.659345815 0.751839807 0
    outer loop
      vertex -1.217522858 29.586706681 18
      vertex -1.414213562 29.414213562 18
      vertex -1.414213562 29.414213562 50
    endloop
  endfacet
  facet normal -0.659345815 0.751839807 0
    outer loop
      vertex -1.217522858 29.586706681 18
      vertex -1.414213562 29.414213562 50
      vertex -1.217522858 29.586706681 50
    endloop
  endfacet
  facet normal -0.751839807 0.659345815 0
    outer loop
      vertex -1.414213562 29.414213562 18
      vertex -1.586706681 29.217522858 18
      vertex -1.586706681 29.217522858 50
    endloop
  endfacet
  facet normal -0.751839807 0.659345815 0
    outer loop
      vertex -1.414213562 29.414213562 18
      vertex -1.586706681 29.217522858 50
      vertex -1.414213562 29.414213562 50
    endloop
  endfacet
  facet normal -0.831469612 0.555570233 0
    outer loop
      vertex -1.586706681 29.217522858 18
      vertex -1.732050808 29 18
      vertex -1.732050808 29 50
    endloop
  endfacet
  facet normal -0.831469612 0.555570233 0
    outer loop
      vertex -1.586706681 29.217522858 18
      vertex -1.732050808 29 50
      vertex -1.586706681 29.217522858 50
    endloop
  endfacet
  facet normal -0.896872742 0.44228869 0
    outer loop
      vertex -1.732050808 29 18
      vertex -1.847759065 28.765366865 18
      vertex -1.847759065 28.765366865 50
    endloop
  endfacet
  facet normal -0.896872742 0.44228869 0
    outer loop
      vertex -1.732050808 29 18
      vertex -1.847759065 28.765366865 50
      vertex -1.732050808 29 50
    endloop
  endfacet
  facet normal -0.946930129 0.321439465 0
    outer loop
      vertex -1.847759065 28.765366865 18
      vertex -1.931851653 28.51763809 18
      vertex -1.931851653 28.51763809 50
    endloop
  endfacet
  facet normal -0.946930129 0.321439465 0
    outer loop
      vertex -1.847759065 28.765366865 18
      vertex -1.931851653 28.51763809 50
      vertex -1.847759065 28.765366865 50
    endloop
  endfacet
  facet normal -0.98078528 0.195090322 0
    outer loop
      vertex -1.931851653 28.51763809 18
      vertex -1.982889723 28.261052384 18
      vertex -1.982889723 28.261052384 50
    endloop
  endfacet
  facet normal -0.98078528 0.195090322 0
    outer loop
      vertex -1.931851653 28.51763809 18
      vertex -1.982889723 28.261052384 50
      vertex -1.931851653 28.51763809 50
    endloop
  endfacet
  facet normal -0.997858923 0.065403129 0
    outer loop
      vertex -1.982889723 28.261052384 18
      vertex -2 28 18
      vertex -2 28 50
    endloop
  endfacet
  facet normal -0.997858923 0.065403129 0
    outer loop
      vertex -1.982889723 28.261052384 18
      vertex -2 28 50
      vertex -1.982889723 28.261052384 50
    endloop
  endfacet
  facet normal -0.997858923 -0.065403129 0
    outer loop
      vertex -2 28 18
      vertex -1.982889723 27.738947616 18
      vertex -1.982889723 27.738947616 50
    endloop
  endfacet
  facet normal -0.997858923 -0.065403129 0
    outer loop
      vertex -2 28 18
      vertex -1.982889723 27.738947616 50
      vertex -2 28 50
    endloop
  endfacet
  facet normal -0.98078528 -0.195090322 0
    outer loop
      vertex -1.982889723 27.738947616 18
      vertex -1.931851653 27.48236191 18
      vertex -1.931851653 27.48236191 50
    endloop
  endfacet
  facet normal -0.98078528 -0.195090322 0
    outer loop
      vertex -1.982889723 27.738947616 18
      vertex -1.931851653 27.48236191 50
      vertex -1.982889723 27.738947616 50
    endloop
  endfacet
  facet normal -0.946930129 -0.321439465 0
    outer loop
      vertex -1.931851653 27.48236191 18
      vertex -1.847759065 27.234633135 18
      vertex -1.847759065 27.234633135 50
    endloop
  endfacet
  facet normal -0.946930129 -0.321439465 0
    outer loop
      vertex -1.931851653 27.48236191 18
      vertex -1.847759065 27.234633135 50
      vertex -1.931851653 27.48236191 50
    endloop
  endfacet
  facet normal -0.896872742 -0.44228869 0
    outer loop
      vertex -1.847759065 27.234633135 18
      vertex -1.732050808 27 18
      vertex -1.732050808 27 50
    endloop
  endfacet
  facet normal -0.896872742 -0.44228869 0
    outer loop
      vertex -1.847759065 27.234633135 18
      vertex -1.732050808 27 50
      vertex -1.847759065 27.234633135 50
    endloop
  endfacet
  facet normal -0.831469612 -0.555570233 0
    outer loop
      vertex -1.732050808 27 18
      vertex -1.586706681 26.782477142 18
      vertex -1.586706681 26.782477142 50
    endloop
  endfacet
  facet normal -0.831469612 -0.555570233 0
    outer loop
      vertex -1.732050808 27 18
      vertex -1.586706681 26.782477142 50
      vertex -1.732050808 27 50
    endloop
  endfacet
  facet normal -0.751839807 -0.659345815 0
    outer loop
      vertex -1.586706681 26.782477142 18
      vertex -1.414213562 26.585786438 18
      vertex -1.414213562 26.585786438 50
    endloop
  endfacet
  facet normal -0.751839807 -0.659345815 0
    outer loop
      vertex -1.586706681 26.782477142 18
      vertex -1.414213562 26.585786438 50
      vertex -1.586706681 26.782477142 50
    endloop
  endfacet
  facet normal -0.659345815 -0.751839807 0
    outer loop
      vertex -1.414213562 26.585786438 18
      vertex -1.217522858 26.413293319 18
      vertex -1.217522858 26.413293319 50
    endloop
  endfacet
  facet normal -0.659345815 -0.751839807 0
    outer loop
      vertex -1.414213562 26.585786438 18
      vertex -1.217522858 26.413293319 50
      vertex -1.414213562 26.585786438 50
    endloop
  endfacet
  facet normal -0.555570233 -0.831469612 0
    outer loop
      vertex -1.217522858 26.413293319 18
      vertex -1 26.267949192 18
      vertex -1 26.267949192 50
    endloop
  endfacet
  facet normal -0.555570233 -0.831469612 0
    outer loop
      vertex -1.217522858 26.413293319 18
      vertex -1 26.267949192 50
      vertex -1.217522858 26.413293319 50
    endloop
  endfacet
  facet normal -0.44228869 -0.896872742 0
    outer loop
      vertex -1 26.267949192 18
      vertex -0.765366865 26.152240935 18
      vertex -0.765366865 26.152240935 50
    endloop
  endfacet
  facet normal -0.44228869 -0.896872742 0
    outer loop
      vertex -1 26.267949192 18
      vertex -0.765366865 26.152240935 50
      vertex -1 26.267949192 50
    endloop
  endfacet
  facet normal -0.321439465 -0.946930129 0
    outer loop
      vertex -0.765366865 26.152240935 18
      vertex -0.51763809 26.068148347 18
      vertex -0.51763809 26.068148347 50
    endloop
  endfacet
  facet normal -0.321439465 -0.946930129 0
    outer loop
      vertex -0.765366865 26.152240935 18
      vertex -0.51763809 26.068148347 50
      vertex -0.765366865 26.152240935 50
    endloop
  endfacet
  facet normal -0.195090322 -0.98078528 0
    outer loop
      vertex -0.51763809 26.068148347 18
      vertex -0.261052384 26.017110277 18
      vertex -0.261052384 26.017110277 50
    endloop
  endfacet
  facet normal -0.195090322 -0.98078528 0
    outer loop
      vertex -0.51763809 26.068148347 18
      vertex -0.261052384 26.017110277 50
      vertex -0.51763809 26.068148347 50
    endloop
  endfacet
  facet normal -0.065403129 -0.997858923 0
    outer loop
      vertex -0.261052384 26.017110277 18
      vertex 0 26 18
      vertex 0 26 50
    endloop
  endfacet
  facet normal -0.065403129 -0.997858923 0
    outer loop
      vertex -0.261052384 26.017110277 18
      vertex 0 26 50
      vertex -0.261052384 26.017110277 50
    endloop
  endfacet
  facet normal 0.065403129 -0.997858923 0
    outer loop
      vertex 0 26 18
      vertex 0.261052384 26.017110277 18
      vertex 0.261052384 26.017110277 50
    endloop
  endfacet
  facet normal 0.065403129 -0.997858923 0
    outer loop
      vertex 0 26 18
      vertex 0.261052384 26.017110277 50
      vertex 0 26 50
    endloop
  endfacet
  facet normal 0.195090322 -0.98078528 0
    outer loop
      vertex 0.261052384 26.017110277 18
      vertex 0.51763809 26.068148347 18
      vertex 0.51763809 26.068148347 50
    endloop
  endfacet
  facet normal 0.195090322 -0.98078528 0
    outer loop
      vertex 0.261052384 26.017110277 18
      vertex 0.51763809 26.068148347 50
      vertex 0.261052384 26.017110277 50
    endloop
  endfacet
  facet normal 0.321439465 -0.946930129 0
    outer loop
      vertex 0.51763809 26.068148347 18
      vertex 0.765366865 26.152240935 18
      vertex 0.765366865 26.152240935 50
    endloop
  endfacet
  facet normal 0.321439465 -0.946930129 0
    outer loop
      vertex 0.51763809 26.068148347 18
      vertex 0.765366865 26.152240935 50
      vertex 0.51763809 26.068148347 50
    endloop
  endfacet
  facet normal 0.44228869 -0.896872742 0
    outer loop
      vertex 0.765366865 26.152240935 18
      vertex 1 26.267949192 18
      vertex 1 26.267949192 50
    endloop
  endfacet
  facet normal 0.44228869 -0.896872742 0
    outer loop
      vertex 0.765366865 26.152240935 18
      vertex 1 26.267949192 50
      vertex 0.765366865 26.152240935 50
    endloop
  endfacet
  facet normal 0.555570233 -0.831469612 0
    outer loop
      vertex 1 26.267949192 18
      vertex 1.217522858 26.413293319 18
      vertex 1.217522858 26.413293319 50
    endloop
  endfacet
  facet normal 0.555570233 -0.831469612 0
    outer loop
      vertex 1 26.267949192 18
      vertex 1.217522858 26.413293319 50
      vertex 1 26.267949192 50
    endloop
  endfacet
  facet normal 0.659345815 -0.751839807 0
    outer loop
      vertex 1.217522858 26.413293319 18
      vertex 1.414213562 26.585786438 18
      vertex 1.414213562 26.585786438 50
    endloop
  endfacet
  facet normal 0.659345815 -0.751839807 0
    outer loop
      vertex 1.217522858 26.413293319 18
      vertex 1.414213562 26.585786438 50
      vertex 1.217522858 26.413293319 50
    endloop
  endfacet
  facet normal 0.751839807 -0.659345815 0
    outer loop
      vertex 1.414213562 26.585786438 18
      vertex 1.586706681 26.782477142 18
      vertex 1.586706681 26.782477142 50
    endloop
  endfacet
  facet normal 0.751839807 -0.659345815 0
    outer loop
      vertex 1.414213562 26.585786438 18
      vertex 1.586706681 26.782477142 50
      vertex 1.414213562 26.585786438 50
    endloop
  endfacet
  facet normal 0.831469612 -0.555570233 0
    outer loop
      vertex 1.586706681 26.782477142 18
      vertex 1.732050808 27 18
      vertex 1.732050808 27 50
    endloop
  endfacet
  facet normal 0.831469612 -0.555570233 0
    outer loop
      vertex 1.586706681 26.782477142 18
      vertex 1.732050808 27 50
      vertex 1.586706681 26.782477142 50
    endloop
  endfacet
  facet normal 0.896872742 -0.44228869 0
    outer loop
      vertex 1.732050808 27 18
      vertex 1.847759065 27.234633135 18
      vertex 1.847759065 27.234633135 50
    endloop
  endfacet
  facet normal 0.896872742 -0.44228869 0
    outer loop
      vertex 1.732050808 27 18
      vertex 1.847759065 27.234633135 50
      vertex 1.732050808 27 50
    endloop
  endfacet
  facet normal 0.946930129 -0.321439465 0
    outer loop
      vertex 1.847759065 27.234633135 18
      vertex 1.931851653 27.48236191 18
      vertex 1.931851653 27.48236191 50
    endloop
  endfacet
  facet normal 0.946930129 -0.321439465 0
    outer loop
      vertex 1.847759065 27.234633135 18
      vertex 1.931851653 27.48236191 50
      vertex 1.847759065 27.234633135 50
    endloop
  endfacet
  facet normal 0.98078528 -0.195090322 0
    outer loop
      vertex 1.931851653 27.48236191 18
      vertex 1.982889723 27.738947616 18
      vertex 1.982889723 27.738947616 50
    endloop
  endfacet
  facet normal 0.98078528 -0.195090322 0
    outer loop
      vertex 1.931851653 27.48236191 18
      vertex 1.982889723 27.738947616 50
      vertex 1.931851653 27.48236191 50
    endloop
  endfacet
  facet normal 0 0 1
    outer loop
      vertex 1.931851653 27.48236191 50
      vertex 1.982889723 27.738947616 50
      vertex 2 28 50
    endloop
  endfacet
  facet normal 0 0 1
    outer loop
      vertex 2 28 50
      vertex 1.982889723 28.261052384 50
      vertex 1.931851653 28.51763809 50
    endloop
  endfacet
  facet normal 0 0 1
    outer loop
      vertex 1.931851653 28.51763809 50
      vertex 1.847759065 28.765366865 50
      vertex 1.732050808 29 50
    endloop
  endfacet
  facet normal 0 0 1
    outer loop
      vertex 1.732050808 29 50
      vertex 1.586706681 29.217522858 50
      vertex 1.414213562 29.414213562 50
    endloop
  endfacet
  facet normal 0 0 1
    outer loop
      vertex 1.414213562 29.414213562 50
      vertex 1.217522858 29.586706681 50
      vertex 1 29.732050808 50
    endloop
  endfacet
  facet normal 0 0 1
    outer loop
      vertex 1 29.732050808 50
      vertex 0.765366865 29.847759065 50
      vertex 0.51763809 29.931851653 50
    endloop
  endfacet
  facet normal 0 0 1
    outer loop
      vertex 0.51763809 29.931851653 50
      vertex 0.261052384 29.982889723 50
      vertex 0 30 50
    endloop
  endfacet
  facet normal 0 0 1
    outer loop
      vertex 0 30 50
      vertex -0.261052384 29.982889723 50
      vertex -0.51763809 29.931851653 50
    endloop
  endfacet
  facet normal 0 0 1
    outer loop
      vertex -0.51763809 29.931851653 50
      vertex -0.765366865 29.847759065 50
      vertex -1 29.732050808 50
    endloop
  endfacet
  facet normal 0 0 1
    outer loop
      vertex -1 29.732050808 50
      vertex -1.217522858 29.586706681 50
      vertex -1.414213562 29.414213562 50
    endloop
  endfacet
  facet normal 0 0 1
    outer loop
      vertex -1.414213562 29.414213562 50
      vertex -1.586706681 29.217522858 50
      vertex -1.732050808 29 50
    endloop
  endfacet
  facet normal 0 0 1
    outer loop
      vertex -1.732050808 29 50
      vertex -1.847759065 28.765366865 50
      vertex -1.931851653 28.51763809 50
    endloop
  endfacet
  facet normal 0 0 1
    outer loop
      vertex -1.931851653 28.51763809 50
      vertex -1.982889723 28.261052384 50
      vertex -2 28 50
    endloop
  endfacet
  facet normal 0 0 1
    outer loop
      vertex -2 28 50
      vertex -1.982889723 27.738947616 50
      vertex -1.931851653 27.48236191 50
    endloop
  endfacet
  facet normal 0 0 1
    outer loop
      vertex -1.931851653 27.48236191 50
      vertex -1.847759065 27.234633135 50
      vertex -1.732050808 27 50
    endloop
  endfacet
  facet normal 0 0 1
    outer loop
      vertex -1.732050808 27 50
      vertex -1.586706681 26.782477142 50
      vertex -1.414213562 26.585786438 50
    endloop
  endfacet
  facet normal 0 0 1
    outer loop
      vertex -1.414213562 26.585786438 50
      vertex -1.217522858 26.413293319 50
      vertex -1 26.267949192 50
    endloop
  endfacet
  facet normal 0 0 1
    outer loop
      vertex -1 26.267949192 50
      vertex -0.765366865 26.152240935 50
      vertex -0.51763809 26.068148347 50
    endloop
  endfacet
  facet normal 0 0 1
    outer loop
      vertex -0.51763809 26.068148347 50
      vertex -0.261052384 26.017110277 50
      vertex 0 26 50
    endloop
  endfacet
  facet normal 0 0 1
    outer loop
      vertex 0 26 50
      vertex 0.261052384 26.017110277 50
      vertex 0.51763809 26.068148347 50
    endloop
  endfacet
  facet normal 0 0 1
    outer loop
      vertex 0.51763809 26.068148347 50
      vertex 0.765366865 26.152240935 50
      vertex 1 26.267949192 50
    endloop
  endfacet
  facet normal 0 0 1
    outer loop
      vertex 1 26.267949192 50
      vertex 1.217522858 26.413293319 50
      vertex 1.414213562 26.585786438 50
    endloop
  endfacet
  facet normal 0 0 1
    outer loop
      vertex 1.414213562 26.585786438 50
      vertex 1.586706681 26.782477142 50
      vertex 1.732050808 27 50
    endloop
  endfacet
  facet normal 0 0 1
    outer loop
      vertex 1.732050808 27 50
      vertex 1.847759065 27.234633135 50
      vertex 1.931851653 27.48236191 50
    endloop
  endfacet
  facet normal 0 0 1
    outer loop
      vertex 1.931851653 27.48236191 50
      vertex 2 28 50
      vertex 1.931851653 28.51763809 50
    endloop
  endfacet
  facet normal 0 0 1
    outer loop
      vertex 1.931851653 28.51763809 50
      vertex 1.732050808 29 50
      vertex 1.414213562 29.414213562 50
    endloop
  endfacet
  facet normal 0 0 1
    outer loop
      vertex 1.414213562 29.414213562 50
      vertex 1 29.732050808 50
      vertex 0.51763809 29.931851653 50
    endloop
  endfacet
  facet normal 0 0 1
    outer loop
      vertex 0.51763809 29.931851653 50
      vertex 0 30 50
      vertex -0.51763809 29.931851653 50
    endloop
  endfacet
  facet normal 0 0 1
    outer loop
      vertex -0.51763809 29.931851653 50
      vertex -1 29.732050808 50
      vertex -1.414213562 29.414213562 50
    endloop
  endfacet
  facet normal 0 0 1
    outer loop
      vertex -1.414213562 29.414213562 50
      vertex -1.732050808 29 50
      vertex -1.931851653 28.51763809 50
    endloop
  endfacet
  facet normal 0 0 1
    outer loop
      vertex -1.931851653 28.51763809 50
      vertex -2 28 50
      vertex -1.931851653 27.48236191 50
    endloop
  endfacet
  facet normal 0 0 1
    outer loop
      vertex -1.931851653 27.48236191 50
      vertex -1.732050808 27 50
      vertex -1.414213562 26.585786438 50
    endloop
  endfacet
  facet normal 0 0 1
    outer loop
      vertex -1.414213562 26.585786438 50
      vertex -1 26.267949192 50
      vertex -0.51763809 26.068148347 50
    endloop
  endfacet
  facet normal 0 0 1
    outer loop
      vertex -0.51763809 26.068148347 50
      vertex 0 26 50
      vertex 0.51763809 26.068148347 50
    endloop
  endfacet
  facet normal 0 0 1
    outer loop
      vertex 0.51763809 26.068148347 50
      vertex 1 26.267949192 50
      vertex 1.414213562 26.585786438 50
    endloop
  endfacet
  facet normal 0 0 1
    outer loop
      vertex 1.414213562 26.585786438 50
      vertex 1.732050808 27 50
      vertex 1.931851653 27.48236191 50
    endloop
  endfacet
  facet normal 0 0 1
    outer loop
      vertex 1.931851653 27.48236191 50
      vertex 1.931851653 28.51763809 50
      vertex 1.414213562 29.414213562 50
    endloop
  endfacet
  facet normal 0 0 1
    outer loop
      vertex 1.414213562 29.414213562 50
      vertex 0.51763809 29.931851653 50
      vertex -0.51763809 29.931851653 50
    endloop
  endfacet
  facet normal 0 0 1
    outer loop
      vertex -0.51763809 29.931851653 50
      vertex -1.414213562 29.414213562 50
      vertex -1.931851653 28.51763809 50
    endloop
  endfacet
  facet normal 0 0 1
    outer loop
      vertex -1.931851653 28.51763809 50
      vertex -1.931851653 27.48236191 50
      vertex -1.414213562 26.585786438 50
    endloop
  endfacet
  facet normal 0 0 1
    outer loop
      vertex -1.414213562 26.585786438 50
      vertex -0.51763809 26.068148347 50
      vertex 0.51763809 26.068148347 50
    endloop
  endfacet
  facet normal 0 0 1
    outer loop
      vertex 0.51763809 26.068148347 50
      vertex 1.414213562 26.585786438 50
      vertex 1.931851653 27.48236191 50
    endloop
  endfacet
  facet normal 0 0 1
    outer loop
      vertex 1.931851653 27.48236191 50
      vertex 1.414213562 29.414213562 50
      vertex -0.51763809 29.931851653 50
    endloop
  endfacet
  facet normal 0 0 1
    outer loop
      vertex -0.51763809 29.931851653 50
      vertex -1.931851653 28.51763809 50
      vertex -1.414213562 26.585786438 50
    endloop
  endfacet
  facet normal 0 0 1
    outer loop
      vertex -1.414213562 26.585786438 50
      vertex 0.51763809 26.068148347 50
      vertex 1.931851653 27.48236191 50
    endloop
  endfacet
  facet normal 0 0 1
    outer loop
      vertex 1.931851653 27.48236191 50
      vertex -0.51763809 29.931851653 50
      vertex -1.414213562 26.585786438 50
    endloop
  endfacet
  facet normal 0 0 -1
    outer loop
      vertex 2 28 18
      vertex 1.982889723 27.738947616 18
      vertex 1.931851653 27.48236191 18
    endloop
  endfacet
  facet normal 0 0 -1
    outer loop
      vertex 1.931851653 28.51763809 18
      vertex 1.982889723 28.261052384 18
      vertex 2 28 18
    endloop
  endfacet
  facet normal 0 0 -1
    outer loop
      vertex 1.732050808 29 18
      vertex 1.847759065 28.765366865 18
      vertex 1.931851653 28.51763809 18
    endloop
  endfacet
  facet normal 0 0 -1
    outer loop
      vertex 1.414213562 29.414213562 18
      vertex 1.586706681 29.217522858 18
      vertex 1.732050808 29 18
    endloop
  endfacet
  facet normal 0 0 -1
    outer loop
      vertex 1 29.732050808 18
      vertex 1.217522858 29.586706681 18
      vertex 1.414213562 29.414213562 18
    endloop
  endfacet
  facet normal 0 0 -1
    outer loop
      vertex 0.51763809 29.931851653 18
      vertex 0.765366865 29.847759065 18
      vertex 1 29.732050808 18
    endloop
  endfacet
  facet normal 0 0 -1
    outer loop
      vertex 0 30 18
      vertex 0.261052384 29.982889723 18
      vertex 0.51763809 29.931851653 18
    endloop
  endfacet
  facet normal 0 0 -1
    outer loop
      vertex -0.51763809 29.931851653 18
      vertex -0.261052384 29.982889723 18
      vertex 0 30 18
    endloop
  endfacet
  facet normal 0 0 -1
    outer loop
      vertex -1 29.732050808 18
      vertex -0.765366865 29.847759065 18
      vertex -0.51763809 29.931851653 18
    endloop
  endfacet
  facet normal 0 0 -1
    outer loop
      vertex -1.414213562 29.414213562 18
      vertex -1.217522858 29.586706681 18
      vertex -1 29.732050808 18
    endloop
  endfacet
  facet normal 0 0 -1
    outer loop
      vertex -1.732050808 29 18
      vertex -1.586706681 29.217522858 18
      vertex -1.414213562 29.414213562 18
    endloop
  endfacet
  facet normal 0 0 -1
    outer loop
      vertex -1.931851653 28.51763809 18
      vertex -1.847759065 28.765366865 18
      vertex -1.732050808 29 18
    endloop
  endfacet
  facet normal 0 0 -1
    outer loop
      vertex -2 28 18
      vertex -1.982889723 28.261052384 18
      vertex -1.931851653 28.51763809 18
    endloop
  endfacet
  facet normal 0 0 -1
    outer loop
      vertex -1.931851653 27.48236191 18
      vertex -1.982889723 27.738947616 18
      vertex -2 28 18
    endloop
  endfacet
  facet normal 0 0 -1
    outer loop
      vertex -1.732050808 27 18
      vertex -1.847759065 27.234633135 18
      vertex -1.931851653 27.48236191 18
    endloop
  endfacet
  facet normal 0 0 -1
    outer loop
      vertex -1.414213562 26.585786438 18
      vertex -1.586706681 26.782477142 18
      vertex -1.732050808 27 18
    endloop
  endfacet
  facet normal 0 0 -1
    outer loop
      vertex -1 26.267949192 18
      vertex -1.217522858 26.413293319 18
      vertex -1.414213562 26.585786438 18
    endloop
  endfacet
  facet normal 0 0 -1
    outer loop
      vertex -0.51763809 26.068148347 18
      vertex -0.765366865 26.152240935 18
      vertex -1 26.267949192 18
    endloop
  endfacet
  facet normal 0 0 -1
    outer loop
      vertex 0 26 18
      vertex -0.261052384 26.017110277 18
      vertex -0.51763809 26.068148347 18
    endloop
  endfacet
  facet normal 0 0 -1
    outer loop
      vertex 0.51763809 26.068148347 18
      vertex 0.261052384 26.017110277 18
      vertex 0 26 18
    endloop
  endfacet
  facet normal 0 0 -1
    outer loop
      vertex 1 26.267949192 18
      vertex 0.765366865 26.152240935 18
      vertex 0.51763809 26.068148347 18
    endloop
  endfacet
  facet normal 0 0 -1
    outer loop
      vertex 1.414213562 26.585786438 18
      vertex 1.217522858 26.413293319 18
      vertex 1 26.267949192 18
    endloop
  endfacet
  facet normal 0 0 -1
    outer loop
      vertex 1.732050808 27 18
      vertex 1.586706681 26.782477142 18
      vertex 1.414213562 26.585786438 18
    endloop
  endfacet
  facet normal 0 0 -1
    outer loop
      vertex 1.931851653 27.48236191 18
      vertex 1.847759065 27.234633135 18
      vertex 1.732050808 27 18
    endloop
  endfacet
  facet normal 0 0 -1
    outer loop
      vertex 1.931851653 28.51763809 18
      vertex 2 28 18
      vertex 1.931851653 27.48236191 18
    endloop
  endfacet
  facet normal 0 0 -1
    outer loop
      vertex 1.414213562 29.414213562 18
      vertex 1.732050808 29 18
      vertex 1.931851653 28.51763809 18
    endloop
  endfacet
  facet normal 0 0 -1
    outer loop
      vertex 0.51763809 29.931851653 18
      vertex 1 29.732050808 18
      vertex 1.414213562 29.414213562 18
    endloop
  endfacet
  facet normal 0 0 -1
    outer loop
      vertex -0.51763809 29.931851653 18
      vertex 0 30 18
      vertex 0.51763809 29.931851653 18
    endloop
  endfacet
  facet normal 0 0 -1
    outer loop
      vertex -1.414213562 29.414213562 18
      vertex -1 29.732050808 18
      vertex -0.51763809 29.931851653 18
    endloop
  endfacet
  facet normal 0 0 -1
    outer loop
      vertex -1.931851653 28.51763809 18
      vertex -1.732050808 29 18
      vertex -1.414213562 29.414213562 18
    endloop
  endfacet
  facet normal 0 0 -1
    outer loop
      vertex -1.931851653 27.48236191 18
      vertex -2 28 18
      vertex -1.931851653 28.51763809 18
    endloop
  endfacet
  facet normal 0 0 -1
    outer loop
      vertex -1.414213562 26.585786438 18
      vertex -1.732050808 27 18
      vertex -1.931851653 27.48236191 18
    endloop
  endfacet
  facet normal 0 0 -1
    outer loop
      vertex -0.51763809 26.068148347 18
      vertex -1 26.267949192 18
      vertex -1.414213562 26.585786438 18
    endloop
  endfacet
  facet normal 0 0 -1
    outer loop
      vertex 0.51763809 26.068148347 18
      vertex 0 26 18
      vertex -0.51763809 26.068148347 18
    endloop
  endfacet
  facet normal 0 0 -1
    outer loop
      vertex 1.414213562 26.585786438 18
      vertex 1 26.267949192 18
      vertex 0.51763809 26.068148347 18
    endloop
  endfacet
  facet normal 0 0 -1
    outer loop
      vertex 1.931851653 27.48236191 18
      vertex 1.732050808 27 18
      vertex 1.414213562 26.585786438 18
    endloop
  endfacet
  facet normal 0 0 -1
    outer loop
      vertex 1.414213562 29.414213562 18
      vertex 1.931851653 28.51763809 18
      vertex 1.931851653 27.48236191 18
    endloop
  endfacet
  facet normal 0 0 -1
    outer loop
      vertex -0.51763809 29.931851653 18
      vertex 0.51763809 29.931851653 18
      vertex 1.414213562 29.414213562 18
    endloop
  endfacet
  facet normal 0 0 -1
    outer loop
      vertex -1.931851653 28.51763809 18
      vertex -1.414213562 29.414213562 18
      vertex -0.51763809 29.931851653 18
    endloop
  endfacet
  facet normal 0 0 -1
    outer loop
      vertex -1.414213562 26.585786438 18
      vertex -1.931851653 27.48236191 18
      vertex -1.931851653 28.51763809 18
    endloop
  endfacet
  facet normal 0 0 -1
    outer loop
      vertex 0.51763809 26.068148347 18
      vertex -0.51763809 26.068148347 18
      vertex -1.414213562 26.585786438 18
    endloop
  endfacet
  facet normal 0 0 -1
    outer loop
      vertex 1.931851653 27.48236191 18
      vertex 1.414213562 26.585786438 18
      vertex 0.51763809 26.068148347 18
    endloop
  endfacet
  facet normal 0 0 -1
    outer loop
      vertex -0.51763809 29.931851653 18
      vertex 1.414213562 29.414213562 18
      vertex 1.931851653 27.48236191 18
    endloop
  endfacet
  facet normal 0 0 -1
    outer loop
      vertex -1.414213562 26.585786438 18
      vertex -1.931851653 28.51763809 18
      vertex -0.51763809 29.931851653 18
    endloop
  endfacet
  facet normal 0 0 -1
    outer loop
      vertex 1.931851653 27.48236191 18
      vertex 0.51763809 26.068148347 18
      vertex -1.414213562 26.585786438 18
    endloop
  endfacet
  facet normal 0 0 -1
    outer loop
      vertex -1.414213562 26.585786438 18
      vertex -0.51763809 29.931851653 18
      vertex 1.931851653 27.48236191 18
    endloop
  endfacet
endsolid caddydaddy_browser_jscad_bounded
